date,price 1,price 2,price 3,price 4,price 5,price 6,price 7,price 8,price 9,price 10,price 11,price 12,price 13,price 14,price 15,price 16,price 17,price 18,price 19,price 20,transaction
2016-01-20,0.40987334839648193,0.37659894539795374,0.24836163945980358,0.363513506016509,0.32126623029927615,0.21471336676466304,1.2966922687617644,1.116487074994452,0.9063723054981246,0.9205793539694064,0.9370296206203643,0.46071962713580716,0.33659488786039704,0.25957773035818443,-2.2072145278922917,-1.3394629620542555,-1.5353706830793012,-1.3532961408289248,-1.615752667851029,-0.11728292382739834,0
2016-01-21,0.42126104772006573,0.2931250663712582,0.4081859475824315,0.3659720528523581,0.25950338030305886,1.3406273745405175,1.1605645669308235,0.9506158161493957,0.9648116391559689,0.9812489079004223,0.5053152628905662,0.38128859872787246,0.3043322950606587,-2.1605108680280614,-1.2934449417581422,-1.4891978695329968,-1.307267190475069,-1.5695163418070317,-0.07223058890318265,-0.44468415568091224,0
2016-01-22,0.3715934561454395,0.481705813748667,0.4413074487838465,0.33941776723540606,1.374044919520283,1.2017262300243226,1.0008069281638865,1.014392219037012,1.0301225558374731,0.574657803933211,0.4559652626206407,0.3823186857821179,-1.9765168189779445,-1.146741552753617,-1.3340755637409276,-1.159969335972187,-1.410939709470455,0.021950969989735603,-0.33448416160253297,-1.3272829183043648,1
2016-01-23,0.5434243168259085,0.5040608887481346,0.4047814462510949,1.412903223747362,1.2449990438049985,1.0492269501792546,1.06246420917886,1.077791561704719,0.6339950362968939,0.5183431945108676,0.44658331677616436,-1.851822864260592,-1.043305018521532,-1.2258398531476704,-1.0561939286000954,-1.3007348711717552,0.09544760436557839,-0.2518562699135443,-1.219221223647868,-1.0450467631267437,1
2016-01-24,0.5578419435564315,0.45832707505769554,1.468839459041363,1.3005371200364815,1.1043007828565155,1.1175694319896803,1.1329331309859763,0.6880842100477618,0.572158117621163,0.5002280723203213,-1.8036284271697407,-0.9931933051151118,-1.176160993161913,-1.0061127792710884,-1.2512336132574529,0.14825969531426217,-0.1998677569427244,-1.1695266685953307,-0.994939180001055,-0.454416315313177,0
2016-01-25,0.524548232374166,1.5273839611872708,1.3603601805072723,1.1656146105027922,1.1787824604319206,1.1940294445603852,0.7525599495680227,0.6375145238714264,0.5661309163608873,-1.7202236581756947,-0.9159452453991845,-1.0975229654745362,-0.9287665729617572,-1.1720252742840804,0.21683637087242563,-0.12864642858392145,-1.0909390405099721,-0.917677857231965,-0.3812612338032545,-0.7707523738122147,0
2016-01-26,1.5829486939894903,1.4168141346481804,1.2231053745863205,1.2362031199285815,1.2513689303248834,0.8122497838501337,0.6978168508598538,0.626813284004439,-1.647368920422875,-0.8473724220179336,-1.0279834367375327,-0.860125489851188,-1.1020891011740104,0.2793783549255169,-0.06426512155433121,-1.0214345640664022,-0.8490958095629684,-0.31553502562033653,-0.7029525457440562,-0.6884760903657692,0
2016-01-27,1.6258682975711354,1.4194181607112573,1.433377422634167,1.4495407785449046,0.9815381551294514,0.8595782878029757,0.7839043942208852,-1.6398642943938393,-0.7872472701024202,-0.9797381450393886,-0.800839183027359,-1.0587181796032221,0.41361660426580216,0.04736965328840201,-0.9727585140779338,-0.7890840150922772,-0.2204277662326839,-0.6333280399524401,-0.6178993820376465,-0.5143069646097344,0
2016-01-28,1.632544862303717,1.6472154320523462,1.6642024075507589,1.172352253346714,1.04417780185869,0.9646478711161207,-1.5826263183958786,-0.6865633608545998,-0.8888627963356985,-0.7008478629782653,-0.9718673357029445,0.5754917051524816,0.1905822830634441,-0.881527511461384,-0.6884936989794199,-0.0908610155352582,-0.5248010259947139,-0.5085861857462305,-0.3997151155064008,-0.9664623889534478,0
2016-01-29,1.8757463684139635,1.8936596678616318,1.3749882247632361,1.2398242380217395,1.1559574269712922,-1.5302232492949657,-0.5852967034304624,-0.7986278150345122,-0.6003601597841836,-0.8861587100628927,0.7455800214428924,0.3396809407764077,-0.7908925266366555,-0.587332305640425,0.04289013856390517,-0.4147132382356213,-0.39761417967193957,-0.2828062150300636,-0.8804590238749965,-0.913842900118378,0
2016-01-30,2.207518599820525,1.6450428605862544,1.4984636255581716,1.4075138592455658,-1.5055276850776034,-0.4807975510409128,-0.7121455003021046,-0.49713318867958495,-0.8070688000943887,0.9624781095217481,0.5222989007175336,-0.7037569296227867,-0.48300506964073386,0.2004426888637023,-0.2958074923759527,-0.2772643361374621,-0.15276028710758213,-0.8008877480148894,-0.8370910530519458,-0.8905130031676041,0
2016-01-31,2.0217693428676857,1.8590199255527304,1.7580368533633302,-1.4763627112272661,-0.3385874172874687,-0.5954569795556522,-0.35672515355449713,-0.7008519335397366,1.2639060923588872,0.7751676313257206,-0.5861430068779893,-0.34103846272895955,0.41780520595643716,-0.13318980929058197,-0.11260102758206547,0.025637935317989708,-0.6939890063035618,-0.7341861515440022,-0.7935014512280693,-1.258709876022928,1
2016-02-01,2.213019640780289,2.1019765039741554,-1.454638139942678,-0.203516195636679,-0.4859754368328632,-0.223460836713509,-0.6018699728198489,1.558619795718902,1.0211925753513527,-0.4757335941177345,-0.20621141740381876,0.6282292417024654,0.022343388449582294,0.04498325129354901,0.19699375896020022,-0.5943233518718569,-0.6385249888529387,-0.7037493556177082,-1.215302447020721,-0.9840524194001801,1
2016-02-02,2.569851350366444,-1.4778155931452805,-0.053954578308856624,-0.37541221371354694,-0.0766529227935392,-0.5073079992326489,1.9514748303513167,1.3398464668046057,-0.3637563070862778,-0.05702192215813871,0.8926277335793811,0.2030888362609238,0.22885452459488498,0.4018527176943585,-0.4987194364546583,-0.5490238755828727,-0.6232535967354846,-1.2054354593290932,-0.9422573570607485,-0.8569851980507267,1
2016-02-03,-1.5453635115599555,0.15683552995614913,-0.22746102228617704,0.12970008638178612,-0.38513995116423294,2.5542886392694353,1.8230984434953903,-0.21352660531555853,0.15316857812177498,1.2884568660437608,0.46412609367663443,0.49492848908536746,0.7017445725440272,-0.37487248602798445,-0.4350104961117066,-0.523750730503544,-1.2197381886676038,-0.90511372127837,-0.8031724602827923,-1.1331981253763925,1
2016-02-04,0.06857380142171096,-0.3418507781896512,0.03959343988426714,-0.5102501763126361,2.629027905905567,1.8481246504236422,-0.3269689709136669,0.06465753634908257,1.2771332028345563,0.39675681450789485,0.42965344111796255,0.6505307912141571,-0.49928463410927576,-0.5635113813003662,-0.6582849960579543,-1.4015921068426536,-1.065576563611213,-0.9567043945921696,-1.3091682511286442,0.22914066939943467,0
2016-02-05,-0.33801527596846187,0.043475892969287847,-0.5064354018855408,2.633229084977911,1.8522297103763974,-0.32313163693392977,0.06854307450113122,1.2811679811040815,0.40068322979806364,0.43358390555860554,0.6544884428079839,-0.4954685099653557,-0.5597031626407052,-0.6544884428079928,-1.3978870451117391,-1.0618301427004553,-0.9529445729215094,-1.3054518132130644,0.23304645330385415,-0.0050917712486600675,0
2016-02-06,0.06530208966935704,-0.4778503623199248,2.623225175533397,1.851824898277966,-0.2967995449901627,0.09006117579992191,1.2877819673660253,0.4181190670299144,0.45061536757627835,0.66880481410189,-0.46701826213779907,-0.5304634203473724,-0.6240837147785757,-1.358345362838157,-1.0264188644002628,-0.9188715840206204,-1.2670462327316965,0.2525426785317548,0.017331360291386187,-0.7587112456135259,0
2016-02-07,-0.4313964397507876,2.6296585846293485,1.868213509951953,-0.25268214940523853,0.12918599235875014,1.3114497592600605,0.45301017657461323,0.48508710048278514,0.7004607324376786,-0.42070413178139265,-0.4833305070306863,-0.5757425973375743,-1.3005283304056254,-0.9728854647721217,-0.8667261213617339,-1.2104074489493237,0.2895706118996228,0.057394781707120444,-0.7086327106714431,-0.7009953478361616,1
2016-02-08,2.6105775893036802,1.8619414434345891,-0.22327678833919132,0.15216761781381224,1.3145434992635125,0.47054447423155993,0.5020818043484092,0.7138324494187069,-0.388472327046512,-0.45004520965560413,-0.5409027559446337,-1.253496238823035,-0.9313649383437566,-0.8269913934332226,-1.1648913589709258,0.3098542683980712,0.08158406945704774,-0.6715574092858796,-0.6640485211628179,-0.9020802746638233,1
2016-02-09,2.502242096532411,-0.07074081575556082,0.3925258231151582,1.826799337058906,0.7853759328775287,0.8242903305426653,1.0855727148657555,-0.2745781368586761,-0.3505538656334734,-0.4626643922401908,-1.3419444728168164,-0.9444616966657375,-0.8156735710596789,-1.232613546043326,0.587097811440857,0.3054316950074632,-0.6238811825672018,-0.6146158497897853,-0.9083268988338227,-0.6692813131765332,1
2016-02-10,0.07547363753188059,0.6412430343225642,2.392865086786523,1.121015482801065,1.1685401121314778,1.487634051921429,-0.17346489705601892,-0.2662510781296903,-0.4031672721530398,-1.4769975872617584,-0.9915674448153495,-0.834283552507541,-1.3434760096191563,0.8788661809746475,0.534878387725916,-0.6000550222361988,-0.5887396343003826,-0.9474374318656777,-0.6555004231216868,-0.01957562112895786,1
2016-02-11,0.6564973514186714,2.405951474324679,1.1356760000699297,1.1831418096061346,1.501840816492118,-0.15720224063063234,-0.2498735830584691,-0.38662032005564806,-1.4591215879095247,-0.9742922476468115,-0.8172030208484056,-1.3257652658792212,0.8938263990997148,0.5502643491233457,-0.5832643881342312,-0.5719630049113216,-0.9302168530774757,-0.6386411659264766,-0.0035034287991018423,-0.22953109325724214,1
2016-02-12,2.445865606147454,1.1642390979962554,1.2121290564858862,1.5336759206305872,-0.14019215229286391,-0.23369159505834197,-0.3716602849927722,-1.4537452994371565,-0.9645835805787343,-0.8060906227201803,-1.3191973208234178,0.9202283571204884,0.5735962766240833,-0.5700615415926917,-0.5586591705237284,-0.9201143334097887,-0.6259331598306009,0.014880094244998504,-0.21316732713421818,0.31248197914487785,1
2016-02-13,1.4022524136851904,1.4569566690955302,1.8242566697078542,-0.08778730511087696,-0.19459085138821658,-0.35219120626088235,-1.5882468820803488,-1.0294819875318206,-0.8484369517690136,-1.4345539740227116,1.1235212075467595,0.7275665969575994,-0.5788231215323134,-0.5657982988155615,-0.978685178936502,-0.6426447528443839,0.08935028383690169,-0.17114617049807518,0.42929815674404825,1.4191846832169632,1
2016-02-14,1.1158849276501766,1.4181417229602833,-0.15530854482421588,-0.24319881863779066,-0.3728905641431926,-1.390059708644208,-0.9302435200341581,-0.7812587875940742,-1.2635834609612568,0.8414957801346236,0.5156586674599085,-0.5593894378451709,-0.5486711117703422,-0.8884420483423371,-0.6119092356118206,-0.00953931020658306,-0.2239058317031087,0.2702090003463844,1.0848017820331843,2.7322084997339844,1
2016-02-15,1.2928896429671588,-0.18648367312137326,-0.2691189673443014,-0.3910564136976513,-1.3474087822044754,-0.915085108769882,-0.7750082075871138,-1.228494578322699,0.7507214930654983,0.44436625594635104,-0.5664044770487452,-0.5563270021435077,-0.875782956639466,-0.6157841040843988,-0.04943001441017852,-0.25097951251488304,0.2135920806164623,0.9794801734143419,2.5283880663489966,1.817926085529912,1
2016-02-16,-0.22423336983358994,-0.2984798318822681,-0.40803863563702925,-1.267305617151618,-0.8788698583847476,-0.753013050765647,-1.1604631473742504,0.6178301631575195,0.342574986781933,-0.56558600632569,-0.5565315597343856,-0.8435575166786698,-0.6099527946230721,-0.10109289619188261,-0.2821818280179285,0.13522815984110856,0.8233661007800852,2.2150345418632487,1.5766960571764357,2.238576103000634,1
2016-02-17,-0.3856853113338025,-0.47722694074022154,-1.1951856705475699,-0.8706289844702741,-0.7654695920116648,-1.1059136683165187,0.37993558915622067,0.14994670205249985,-0.6088653169114324,-0.601299892993545,-0.8411238311905211,-0.6459358941090728,-0.22075906992389926,-0.37206754828161215,-0.02330150566708293,0.5516707120922277,1.7144763682712514,1.1811139820603127,1.7341464704577534,2.4021734024070547,1
2016-02-18,-0.5453373938667807,-1.157575873435664,-0.8808105333565787,-0.791135982608345,-1.0814492763975938,0.1856069658292604,-0.010515792641696496,-0.6575918674652909,-0.6511404609366395,-0.8556500478948447,-0.6892037594556764,-0.3266347125455475,-0.455662843118547,-0.15825300214778223,0.3320538940296173,1.3236350774831187,0.8688109172132948,1.340408734457608,1.9100679309373998,2.300378025920724,1
2016-02-19,-1.1780488603288932,-0.9262324418425836,-0.8446415743143866,-1.1087846706286961,0.04405319861864469,-0.1343901375581311,-0.7231357500098047,-0.7172659034250409,-0.903340040162011,-0.7518979982751411,-0.4220126202114922,-0.5394095519067409,-0.268809624349192,0.17729871609275416,1.0794941361707402,0.665669951944988,1.0947557372911219,1.6130631907256436,1.9681889091037714,1.875445333064526,1
2016-02-20,-0.991241639476617,-0.9194761371654294,-1.1518104971656795,-0.13780009040903335,-0.2947548580536448,-0.8126023315653148,-0.8074393457875303,-0.9711059949432628,-0.8379009618764536,-0.5477411611650299,-0.6510008767206966,-0.4129872323648842,-0.02060031325334968,0.772950600791949,0.40896010345822337,0.7863743638141852,1.2422660079924528,1.554626647548345,1.4730514722593693,2.3182322440825014,0
2016-02-21,-0.9898522684474717,-1.2009982301470181,-0.2794634106405535,-0.422104238099801,-0.8927251260656806,-0.8880329935834673,-1.0367735932695932,-0.9157165752285205,-0.6520187297281977,-0.7458613793724406,-0.5295540719424601,-0.172952003294336,0.5482287592216709,0.21743341922571416,0.5604283036754221,0.9747436018547537,1.258617617028589,1.1844819238096378,1.9525840111477661,2.0295349838560446,0
2016-02-22,-1.2723086215094657,-0.40348829793080476,-0.5379696514786204,-0.9816696436117162,-0.9772459148765896,-1.1174781157800708,-1.003345914413832,-0.7547323594997748,-0.8432069342022861,-0.6392730395129969,-0.3030696556434526,0.3768574509453474,0.06498457511899433,0.38835914565667345,0.7789743929682604,1.0466099814433578,0.9767150674283746,1.7008794613684302,1.773428612624489,1.72697946090567,0
2016-02-23,-0.5281396628327706,-0.6658305487305967,-1.1201198860842865,-1.11559058062712,-1.2591695636192635,-1.1423134828243973,-0.8877665161317022,-0.97835262527501,-0.769551643699685,-0.4253244289551145,0.2708298198112057,-0.04848621491895463,0.28260601399983526,0.6825436858675382,0.9565666660260447,0.8850036398028323,1.6264509431408063,1.7007315526383182,1.653173845338081,0.8827389870742491,1
2016-02-24,-0.7323916082765732,-1.1784484945147884,-1.174001267333948,-1.3149783689665646,-1.200239907700903,-0.9503057401377162,-1.0392502837545086,-0.8342331107178015,-0.49624384497398927,0.18729497272106066,-0.1262345435281331,0.19885776339124328,0.5915479234593811,0.8606051679001786,0.7903389784429133,1.5183500679463595,1.5912845937121287,1.544588708313312,0.788115364852493,0.9753436291658402,1
2016-02-25,-1.2555084272363277,-1.2510873115688983,-1.3912366782263803,-1.2771718940067274,-1.0287051934972493,-1.117127506845818,-0.9133140745773666,-0.5773092838528046,0.10221619423094591,-0.20947246032275918,0.11371109496625943,0.5040956084001894,0.7715731062796102,0.7017194787342417,1.4254561134922765,1.4979624104381022,1.4515406959301032,0.6995089209005269,0.8856378904992631,0.8675113162628079,1
2016-02-26,-1.389047174872215,-1.530725115133318,-1.4154162552362701,-1.1642395914295207,-1.253626304528008,-1.0475899308359942,-0.7079204210617416,-0.020983530899866557,-0.33607169457203473,-0.009363258197063616,0.385279080132757,0.6556738872556815,0.5850583839078773,1.316688630618996,1.389985735359755,1.3430577109830486,0.5828237160804146,0.7709827471527294,0.752658470967541,1.0927749143072831,1
2016-02-27,-1.699144508993825,-1.580805947717413,-1.3230297018362347,-1.4147650206551592,-1.2033151107775375,-0.8547208992656229,-0.149734974142187,-0.4731019729788968,-0.13780938269572723,0.2672020498898242,0.5447013893170717,0.47223048745012197,1.22308407198302,1.2983070334145377,1.2501459910346018,0.4699371044796483,0.6630399505934836,0.6442342102356056,0.9932870983416118,1.010258132323113,1
2016-02-28,-1.8192286198929726,-1.5463467546836278,-1.6434577387438927,-1.4196169204849813,-1.0505951810559735,-0.30429726855283723,-0.6466134873652717,-0.2916728406250032,0.1370721540010657,0.43083288078336773,0.3541152033757592,1.148968607909028,1.2285996148384446,1.177616348206805,0.351687428774252,0.5561060502211087,0.5361982984887559,0.905705592838062,0.9236711248892112,0.9712555070787419,0
2016-02-29,-1.8068263129665587,-1.9102789582459883,-1.6718206108769025,-1.2787005588150693,-0.48366697984265333,-0.8483375544526429,-0.470218135956328,-0.013474707047647552,0.2994695449226273,0.2177419551518788,1.0645018567640094,1.149333025893141,1.09502038712144,0.21515563901989246,0.4329234573330905,0.4117156650508091,0.8053529803390361,0.8244917197157309,0.8751835159026522,1.0924340709894536,0
2016-03-01,-2.20438569377314,-1.9477899446494602,-1.5247687530355842,-0.6692640536796293,-1.061671869584606,-0.6547922760717867,-0.16330844423619362,0.17343868856169417,0.08549480925249478,0.9966601917155384,1.0879437120111632,1.0294999947487193,0.0827117750971397,0.31704325097798236,0.2942223709040777,0.717800169349021,0.738394622098644,0.7929420915435921,1.0267169605933644,0.8831123981770762,0
2016-03-02,-2.3991632323171257,-1.9091564986735725,-0.9181823544497051,-1.3727280744743162,-0.9014189661934788,-0.3321085111839322,0.05796263862442227,-0.043907182317262476,1.0115415321228618,1.1172798272775222,1.0495815285504517,-0.04713091082807605,0.22430702978236383,0.19787245599370057,0.6885239353394121,0.7123795263194275,0.7755646051313603,1.0463578000396383,0.8800134088816967,0.1624114423747586,0
2016-03-03,-2.4299779986765846,-1.2435685757112809,-1.7877576734279628,-1.223499190547262,-0.5419119943999876,-0.07491283962184192,-0.19687294946472808,1.066726416439112,1.1933179228583104,1.1122684827728464,-0.2007324466116558,0.12423721315958057,0.09258933655478313,0.6800048023170412,0.7085650812043001,0.7842112252840671,1.1084089856259187,0.9092589328444962,0.05013486793858728,-0.13048959853759018,0
2016-03-04,-1.5259237643974388,-2.1563414466619055,-1.5026743179593174,-0.7130873485415555,-0.17209061411602025,-0.3133757117015303,1.1504452044217754,1.2970955588776214,1.2032035636467426,-0.31784675909347787,0.05861543130842105,0.021952842694462064,0.7024462557487253,0.7355320064491303,0.8231645353312846,1.198732516254795,0.9680264708303536,-0.027228678616951163,-0.23647369656005324,-1.1941720479150055,0
2016-03-05,-2.0205195593869987,-1.3994486437963518,-0.6492357594371999,-0.13521673900991954,-0.2694564170719184,1.1213686018362743,1.2607059891917671,1.1714960765556266,-0.2737045081498308,0.08398476061030734,0.04915041377143656,0.6957098758295479,0.7271457498060927,0.8104083349331577,1.1672479854777142,0.9480464858574874,0.0024214119144101934,-0.19638925053184603,-1.106330359420466,-1.987384448979291,1
2016-03-06,-1.517169684092984,-0.722024366515758,-0.17721925084846063,-0.31949893394834816,1.1546266434853119,1.3023093525257017,1.2077563985669137,-0.32400145556543425,0.05511086459312875,0.01819018733303385,0.7034739774533811,0.7367926374198113,0.8250420611146807,1.2032538769498275,0.9709237615082382,-0.0313375504549032,-0.24205556213448845,-1.2064956925141137,-2.1403186758975625,-1.4973585889778123,1
2016-03-07,-0.7828455750132534,-0.21627870751756081,-0.36424162497924406,1.1687665768231479,1.3223483392517308,1.2240185523309899,-0.36892399578499463,0.025331626059112718,-0.013063814548030333,0.699593022087042,0.7342425660495888,0.8260170338422811,1.2193361815252393,0.9777258479485658,-0.06456989341127607,-0.28370484712035643,-1.2866686737119009,-2.257792378824351,-1.5891498277633214,-0.970140407243234,1
2016-03-08,-0.20329964654449573,-0.34983862534938426,1.1684164904962169,1.3205202406481267,1.2231367420752557,-0.35447593480523626,0.035985521377411754,-0.002040416160563072,0.7037580830199474,0.7380741729932448,0.8289654383279251,1.2184994326194039,0.9792142646974963,-0.053050820174924566,-0.27007690270875195,-1.2633885881520233,-2.2251665692955105,-1.5629587789999964,-0.9499064689364995,-0.9823676351274531,1
2016-03-09,-0.30931106115244983,1.1814653472284629,1.3308161908292373,1.2351952238897153,-0.3138644405305233,0.06953010310317312,0.03219239220298212,0.7252167335456015,0.7589117409433378,0.8481579767535591,1.2306418445116418,0.9956874686031061,-0.017894780955815606,-0.23099293584960806,-1.20632679863272,-2.1506976816449415,-1.5004751064562003,-0.8985183526750243,-0.9303920083215281,-0.8493418553918403,1
2016-03-10,1.188901124648667,1.337101470061488,1.2422171025715703,-0.29490965076508063,0.08553147983734571,0.048481393484142994,0.7361671426253454,0.7696025864075069,0.8581613293980975,1.2376987993577637,1.0045543535253982,-0.0012199418677192003,-0.2126765322738223,-1.1804970806709716,-2.117593167214245,-1.4723794682828124,-0.8750597834177161,-0.9066879059143519,-0.8262621087086142,-0.6211311428018433,0
2016-03-11,1.4616449956517639,1.363075487274477,-0.2337505484375539,0.16146624229422862,0.12297719616595806,0.8373714425956167,0.8721054598333273,0.9641036676521292,1.3583817011612718,1.1161823377199422,0.071345548920712,-0.14832364117724245,-1.1537326266255568,-2.1272238665040857,-1.4569512095385428,-0.8364326853729607,-0.8692891881653861,-0.7857397953503545,-0.5726419058108906,-0.14456861228667725,0
2016-03-12,1.5405276337840141,-0.10972584884498901,0.29871431352232863,0.2589374806076996,0.9972343061695249,1.0331304724583397,1.1282068047908766,1.5356768005017407,1.2853738031364965,0.20557831450270428,-0.02144068310763798,-1.0604891721703422,-2.0665519949135978,-1.3738530022051283,-0.7325728422887416,-0.7665286752646437,-0.6801838428401998,-0.4599560118250435,-0.017560016481818232,-0.9945178395314396,1
2016-03-13,0.0054297322176582044,0.4367348762986596,0.39473128744516844,1.1743588756770966,1.2122645534229335,1.3126633755605561,1.742944041864644,1.4786287754207053,0.3383850097148699,0.09865720991687423,-0.9985584891585506,-2.060941943818885,-1.3294648111019352,-0.6522850005614509,-0.6881417227534548,-0.5969632006080658,-0.3644067452484768,0.10275512102453431,-0.928894000328364,-0.6778969449843133,1
2016-03-14,0.45671535634677757,0.4148990776281171,1.1910500070159926,1.2287866487864947,1.328737754016473,1.7570996335735147,1.4939630504170471,0.3588040695908842,0.12014530812338563,-0.9721774847470716,-2.0298233635581515,-1.3016081683111802,-0.6274481626273566,-0.6631449859237734,-0.5723730638271632,-0.34085366701895387,0.12422494507155003,-0.9028236566283115,-0.652945893553371,-0.4112274043747535,1
2016-03-15,0.4575088567974315,1.2357034031157939,1.2735394060248346,1.373753684000132,1.8032434467513978,1.5394140210613354,0.4012661497704787,0.1619789962376268,-0.9332198987781016,-1.9936505749044444,-1.263517978227292,-0.587582899230654,-0.623373712793256,-0.5323627868769176,-0.3002337960565919,0.1660693749304981,-0.8636834609993244,-0.6131477660610866,-0.3707928285085855,-0.3309116362531121,0
2016-03-16,1.2787292450273198,1.3166996170557386,1.4172697916174974,1.8482848254535968,1.583518447525708,0.44132860786004174,0.2011916604370681,-0.8978966758449866,-1.9620933189117404,-1.2293677613903706,-0.5510321962340298,-0.586950115720368,-0.4956159775979576,-0.26266261407225744,0.20529656552122352,-0.8281132894143791,-0.5766878530099881,-0.3334722267739023,-0.29344940220340865,-0.2749773293247179,0
2016-03-17,1.4381928353002071,1.5433191856093165,1.9938606869340618,1.7170994789774336,0.5231645004668556,0.2721485211573505,-0.8767323072207511,-1.989140728348757,-1.2232201760966892,-0.5141536704403603,-0.5516987955507522,-0.45622690598431925,-0.21271995169689864,0.2764393925985408,-0.8037874927205534,-0.5409716169477857,-0.28673748405739247,-0.24490148750581034,-0.22559256602046332,0.1616585815467608,0
2016-03-18,1.7243798283537768,2.1905634258617943,1.904193501678299,0.6688069682820489,0.40907610681329193,-0.7796920668321543,-1.9307215682983827,-1.138209452534752,-0.40452526693284424,-0.44337390005850874,-0.3445873758246681,-0.09262624098105032,0.41351595059908486,-0.7042147224737124,-0.4322742905940359,-0.1692135462859389,-0.1259250693744815,-0.1059457723384228,0.29475012932918554,-0.9339766383883781,1
2016-03-19,2.4859888400096293,2.178937055189044,0.8543299369513947,0.5758411088583002,-0.6987808351062281,-1.9329385903734726,-1.0831906277304537,-0.2965191945273198,-0.3381735064215814,-0.23225254189045022,0.03790542382378521,0.5806016016462188,-0.6178524577116539,-0.3262722744517953,-0.04421307676776692,0.002201727914413244,0.023623945460036423,0.4532584195694644,-0.8642079594863102,-0.758286994955179,1
2016-03-20,2.820724270776805,1.2111956181534034,0.8728041494077777,-0.6759875729279461,-2.1756113040784126,-1.1430834891879298,-0.18719989585093869,-0.23781400442399672,-0.10910955690963858,0.2191590901213672,0.8785886189589879,-0.5776515905574228,-0.22335283054598368,0.11937699036304339,0.17577556848731157,0.20180568146774494,0.7238540584641964,-0.8769978898323942,-0.7482934423180361,-0.26818246956783975,1
2016-03-21,1.7930318818364208,1.3497934914394973,-0.6788745261463904,-2.643140384443842,-1.2906950393865835,-0.038641295573066066,-0.10493763601704299,0.06364448682622646,0.49362360913434383,1.3573702160616707,-0.5500702075695072,-0.08599582446162563,0.3629251094019199,0.43679817446807023,0.4708934352678344,1.154692832418637,-0.942165706766779,-0.7735835839235096,-0.1447154402834399,-0.22995359228284498,1
2016-03-22,1.5167080797041654,-0.6722076369959555,-2.7916339658643317,-1.3323568213975843,0.018598630272617118,-0.05293456308358915,0.128964128593636,0.5929079826467868,1.5248833018020227,-0.5332288613324542,-0.032496507838963774,0.451885401458824,0.5315938169128874,0.568382316353227,1.3061961106844577,-0.9562966048963425,-0.7743979132191173,-0.09585447909732454,-0.18782572769816783,0.7891133129952532,0
2016-03-23,-0.6645513965539389,-2.881504262008094,-1.3550776989085154,0.058042690739699504,-0.01678214078478249,0.1734867165203445,0.6587791952648854,1.6336398574125177,-0.5191774381635011,0.0045963825079214414,0.5112673845451784,0.5946436253867493,0.633124967313631,1.404889658180509,-0.961712870322622,-0.771444013017495,-0.06167703969948384,-0.15788039451668193,0.8640130188749088,0.8533237572285629,0
2016-03-24,-2.9589770708809793,-1.4225727158457018,-0.0002151826827851938,-0.07552912165509552,0.11598346601736646,0.6044481559235372,1.5856811893914478,-0.5812084261835191,-0.054010853377297816,0.4559721048066828,0.5398933510901196,0.5786262339901701,1.3554357188189352,-1.0266365795340822,-0.8351239918616201,-0.12071748503849396,-0.21754969228861423,0.8110235313904612,0.8002643972515685,0.4452129706677778,1
2016-03-25,-2.1607209576323476,-0.24143512413779658,-0.34306145420179446,-0.08464021489617864,0.5744791258046665,1.8985250260671687,-1.0254096703458533,-0.31402535989780217,0.3741300751070519,0.4873708428926566,0.5396358126398626,1.587838817014347,-1.6264568224386975,-1.3680355831330815,-0.4040372522402097,-0.5346996766082164,0.853225631123082,0.8387075839710941,0.3596120279550475,0.588997172956671,1
2016-03-26,-0.44241731037438237,-0.5576730294893842,-0.2645942008826412,0.4829214630918661,1.9845388321331798,-1.331532857833051,-0.5247428240279631,0.25570304540798394,0.3841308467075655,0.44340521653814585,1.6321856336958565,-2.0131881108846974,-1.7201092822779542,-0.626826460958404,-0.7750123855348456,0.7990514355216095,0.7825863327909083,0.23923794267726406,0.499386565822586,0.7529491478756087,1
2016-03-27,-0.599757241558858,-0.3692805813743294,0.21856438336598955,1.3994335636373012,-1.2083192094618422,-0.5738609876055487,0.0398802310880944,0.14087562150603194,0.1874888786220065,1.122343646336798,-1.7443716662955275,-1.513895006110999,-0.6541393748608357,-0.7706725176507648,0.4671684213178392,0.4542202943411919,0.026932104111432344,0.2315125103426516,0.43091366578319723,2.7149632644658626,0
2016-03-28,-0.46303813828990564,0.07904364299840534,1.1679832565114974,-1.2367583899965782,-0.6516921502801172,-0.08573011430949613,0.007402878951488702,0.050387337379638686,0.9124645314108395,-1.7310796619202826,-1.5185453952477745,-0.7257209397952621,-0.8331820858656303,0.308294087948525,0.29635396060738356,-0.09767024165065118,0.09098377033956037,0.2748617313933018,2.3811001943725696,1.7745417254420401,0
2016-03-29,0.05954819269130854,1.1544665744350173,-1.2634781852490033,-0.6751996687419699,-0.10613024665148886,-0.012485911370780256,0.03073455106647302,0.8975449366135786,-1.7605135032773955,-1.5468123278932102,-0.749634909606126,-0.8576860656992523,0.29005732568997905,0.27805164167964225,-0.11813593066183926,0.07155387670165894,0.2564414104610088,2.3742440698863376,1.7643553221606842,-0.0869211522349364,0
2016-03-30,1.1755702606810732,-1.2288153440835095,-0.6438357282271834,-0.07795748758248866,0.015161716574229817,0.05813981080041071,0.9200893672254536,-1.7230634276845693,-1.5105606284551307,-0.7178535571722704,-0.8252987927377159,0.3160083761574825,0.3040700166502213,-0.08989584708976339,0.09873023312513937,0.2825809695371241,2.388507586619906,1.7820389236504965,-0.058856112370857236,-0.4647603356181031,1
2016-03-31,-1.2145192516011885,-0.6070736730724776,-0.019463052210006493,0.07723236641292823,0.12186102116197828,1.0169134858512292,-1.727748781215243,-1.507084877178285,-0.6839341340291726,-0.7955057709017906,0.3896329496562645,0.37723610111487343,-0.03185990075141163,0.16401030620275012,0.35492177374034134,2.5417258564437093,1.9119659505404802,0.00037190545623327524,-0.4211209449514428,0.05243866933013205,1
2016-04-01,-0.7123647405991688,-0.10187678716577561,-0.0014167441957272833,0.044949429482759935,0.9748488015901664,-1.876670879636688,-1.6474159097819578,-0.7922175952676721,-0.9081330294638827,0.3231464715536686,0.31026697886521215,-0.11475627985424672,0.08873970462355586,0.28708389202596124,2.5590264022717473,1.9047481736975729,-0.08126959886423062,-0.5191723502721459,-0.027175729572654867,0.28965979056365254,1
2016-04-02,-0.18750267491360362,-0.08807909474188007,-0.042191288508773545,0.8781141587218314,-1.943985924614111,-1.7170962160170964,-0.8707211232731654,-0.9854406388559245,0.23313554888985108,0.22038893604733356,-0.20024928775613562,0.0011471951558294745,0.19744503293077306,2.4459475383529057,1.7984196059524362,-0.1671080943655611,-0.6004929310115478,-0.11357232042692958,0.19999435549927658,0.9418472229344769,1
2016-04-03,-0.14210860183549254,-0.09711379386646722,0.8052820770678432,-1.9618986130271077,-1.7394242847358274,-0.909520048862727,-1.0220070687852831,0.1728550539476705,0.16035649617850864,-0.25209591020421634,-0.05461869745127427,0.13785909219398887,2.342604682676144,1.7076779480021536,-0.21959966000436712,-0.644550624156254,-0.16710571737383048,0.14035880374782125,0.8677748659137093,0.8752740005752064,1
2016-04-04,-0.15124085573654641,0.7307938602713854,-1.9739497148554186,-1.756495172681722,-0.9453164310899447,-1.0552653569081047,0.11263656622704048,0.10042001891392238,-0.30272604241934964,-0.10970459487190325,0.07843023375028205,2.2334291797862718,1.612828576279317,-0.27096301940521483,-0.686325628051605,-0.2196535206900633,0.08087354321290566,0.7918765968370314,0.7992065252249022,0.9311452362067026,1
2016-04-05,0.6111934828960596,-1.9516519169748188,-1.7456056291803248,-0.9769835219019777,-1.0811642292137993,0.025466395120684503,0.013890760974936765,-0.3681051658350939,-0.18521014633210856,-0.006945380487435483,2.034996482824321,1.4469542682198095,-0.33800851705612345,-0.7315800780119018,-0.2893908536439303,-0.004630253658285935,0.6690716536248509,0.6760170341122995,0.8010338828864936,1.400651731636766,0
2016-04-06,-1.9276209338243342,-1.7274245826832346,-0.9806247110108083,-1.0818475851832734,-0.006635721751289948,-0.017882707770442787,-0.38903324640283177,-0.21133086730005066,-0.038127282604943476,1.9458410511754205,1.3744941614019448,-0.3597910827530088,-0.7421886074045506,-0.31255374147251574,-0.035877885401112905,0.6186967009141834,0.6254448925256751,0.7469123415326409,1.3295062173252823,1.190043590687672,0
2016-04-07,-2.039102716880431,-1.227276236481929,-1.3373129582226873,-0.1684784472874983,-0.1807047497031273,-0.5841727294192597,-0.39099715125214074,-0.20271209405128732,1.9540076520676284,1.332911489353119,-0.5523843431385964,-0.9680786252703578,-0.501033872992899,-0.2002668335681615,0.5113039670220997,0.5186397484714771,0.6506838145603954,1.2840062796905476,1.1324001297366229,0.9685676773670413,0
2016-04-08,-1.5221289397077418,-1.6463392983746166,-0.3269492663131211,-0.340750417276095,-0.7961883990546567,-0.5781302138394654,-0.3655924890094793,2.0689305408613254,1.3678320719416248,-0.7603054065508932,-1.2295445392924287,-0.7023405725063402,-0.3628322588168846,0.44039472722893275,0.44867541780671705,0.5977278482069762,1.3126274680896666,1.1414931961486492,0.9565577732446265,0.29686275721387884,1
2016-04-09,-1.8400664134684264,-0.4321078003134451,-0.44683540086944623,-0.9328462192179359,-0.7001501304329002,-0.47334508187028174,2.1246036562106796,1.3764415479651522,-0.8945544577722994,-1.3952928766767903,-0.8326985354370277,-0.47039956175908154,0.3867467906009716,0.3955833509345723,0.5546414369395353,1.3175311457410808,1.134908898846516,0.9375590513959164,0.23357974481842586,-0.043299145634646694,1
2016-04-10,-0.6064441697194419,-0.6225772947452171,-1.1549704205962923,-0.9000670451888065,-0.651616919791649,2.1942663347576743,1.3747035834475627,-1.1130242955292402,-1.6615505464060907,-1.0452651704209113,-0.648390294786494,0.290557581714482,0.30023745672994706,0.4744752070084838,1.3101710833443887,1.1101203330246119,0.893936457679023,0.12277308144627364,-0.18052966903857437,0.5131947070703808,1
2016-04-11,-0.6901642388355881,-1.2200716348703826,-0.9663583967688736,-0.7190682786193138,2.1135276201848,1.2977913862888417,-1.1783213551827951,-1.724286551097417,-1.1108785956874474,-0.7158567186433483,0.2187072343634599,0.2283419142913563,0.4017661529936557,1.2335601867694594,1.0344434682594363,0.8192689498695495,0.0517061156131097,-0.2501805221279178,0.4403048727052778,0.7357683904943744,1
2016-04-12,-1.2774283624643912,-1.0346355304309778,-0.7979893523731056,1.9126850508353113,1.132059995943102,-1.2374751116234524,-1.7599406995434388,-1.1729352448803836,-0.7949160253853438,0.09942212805417627,0.10864210901746184,0.2746017663567591,1.070593456187795,0.8800471829464029,0.6741342747661667,-0.06039087530957979,-0.3492836121594559,0.3114816902099362,0.5942277730842886,1.4270993867685018,1
2016-04-13,-1.1750416357468512,-0.932700117191861,1.8432118226199083,1.0437995406333098,-1.3827629373654269,-1.917802653655674,-1.3166697959413256,-0.9295528247430976,-0.013690722152131168,-0.004248844805841214,0.16570494742753897,0.9808536916579719,0.7857215598344851,0.5748529657671461,-0.17734992948796682,-0.4731954196719871,0.20347245681273457,0.4930233620992282,1.3459396157148567,0.8864349181950008,1
2016-04-14,-1.0579452456684046,1.753890543632557,0.9441328446728805,-1.5138324541378374,-2.055796268402192,-1.4468839829639932,-1.0547572232315583,-0.1270426941084433,-0.1174786267979045,0.05467458479195695,0.8803723959358828,0.6827150048512511,0.46911750158235205,-0.2928198608245941,-0.5924939698884149,0.09293085403414839,0.38622891822427663,1.2501829986103938,0.7847317228304223,0.9600729568571119,1
2016-04-15,1.3894296497974854,0.6711735573001691,-1.509044739217316,-1.9897673208100117,-1.4496613614911489,-1.1018444348093837,-0.2789604863183452,-0.27047714664318767,-0.11777703249020696,0.6146179594657212,0.439295606178987,0.24983435343362473,-0.4260050406878715,-0.691816350509716,-0.08384367378954458,0.1763120762488616,0.9426404269054521,0.5297845627140814,0.6853124567587651,2.2207969379636814,0
2016-04-16,0.5626763931920322,-1.4241497993935537,-1.8622308016497737,-1.3700339108795403,-1.0530694210118123,-0.3031778230320358,-0.2954469818157565,-0.156291839922598,0.5111374517501119,0.35136673328020873,0.1787112794498108,-0.43717907078099344,-0.6794120955579632,-0.1253684750574517,0.11171065557533197,0.8100633121131882,0.4338290395872607,0.5755611285524976,1.9748433887003178,2.1964608369005285,0
2016-04-17,-1.4112198975461894,-1.8332205705151394,-1.3590904026500155,-1.0537605039724887,-0.33139464612562786,-0.3239475754261825,-0.1899003028360395,0.453030134216653,0.2991240064279891,0.13280609414022138,-0.4604772049161266,-0.6938187534989587,-0.16011202003822994,0.06826481474497202,0.7409835345954741,0.3785594272221432,0.5150890567120873,1.8630088533129208,2.076491546697218,1.2895844094551077,1
2016-04-18,-1.979482140253066,-1.506200436818953,-1.2014169314661085,-0.48034376026544756,-0.4729100162324579,-0.33910262363851684,0.3026772778768364,0.1490465678615896,-0.016973715542001555,-0.609195323504048,-0.8421193032046026,-0.30936764750652995,-0.08139949716130179,0.5901153804860384,0.22833983754688328,0.3646251448184734,1.710132814790831,1.9232334770700656,1.1377345242501045,1.432606370892296,1
2016-04-19,-1.58687384453394,-1.3124671485158486,-0.663261062814484,-0.6565682165701462,-0.5360969841719514,0.04171874158973364,-0.09660008079336209,-0.24607364691704622,-0.779270397716441,-0.9889795800392163,-0.5093255991945748,-0.3040783143680247,0.30050879637103695,-0.02520972085369528,0.09749246029259953,1.308897630518848,1.5007592228567097,0.7935484697043668,1.0590313707300079,2.602847904425339,1
2016-04-20,-1.2691626952665631,-0.7501543418059438,-0.7448037402238804,-0.6484929117466492,-0.18655764182809956,-0.2971367411908329,-0.4166335098570254,-0.8428981025617892,-1.0105502854665922,-0.6270905054183756,-0.4630053902349482,0.020332286011875117,-0.24006365764877338,-0.14196929531086458,0.8264895910434799,0.9798735030627705,0.41449326922422847,0.6267337986462664,1.860939230243333,2.909657140328698,1
2016-04-21,-0.771823948402761,-0.7678172485494885,-0.6956966511905152,-0.34978489719101125,-0.4325900274920446,-0.5220729908818806,-0.8412734125262118,-0.9668166745955307,-0.67966985177741,-0.5567977229436061,-0.19485916953099697,-0.38985189572376666,-0.3163957317470434,0.40881694169593985,0.5236756708231912,0.10030105299367635,0.25923348050696315,1.1834455799959962,1.9687587512381202,3.041218745298372,1
2016-04-22,-0.8294528512312159,-0.7653978580721356,-0.4581711316239684,-0.5317157533991999,-0.6111913930595392,-0.8946940479673084,-1.0061971842071846,-0.7511634151478954,-0.6420326860620571,-0.32057151668964984,-0.49375723893456186,-0.42851604219846934,0.2155925001233708,0.31760600774708914,-0.05842052616824068,0.08273769949713453,0.9035905747949501,1.601078278082687,2.55359975042972,2.1170768340863733,1
2016-04-23,-0.8280069244766194,-0.5572832061916445,-0.6220896561285835,-0.6921224326733476,-0.9419408445270513,-1.0401957847540313,-0.8154637406178554,-0.7192993310340008,-0.43603242889026195,-0.5886411658385483,-0.531151573152554,0.03642749645649229,0.12632031411096503,-0.20502879282470413,-0.0806422195586336,0.6426813829633929,1.257297392042801,2.0966454452583907,1.711987806922978,2.1865382629128574,1
2016-04-24,-0.6363802460802401,-0.6912787785095869,-0.7506046119413067,-0.9622295998544502,-1.0454628586989505,-0.8550889155971696,-0.7736265771536145,-0.5336668628253225,-0.6629440520944384,-0.614243741068405,-0.1334388522113432,-0.0572892749706288,-0.3379801585207009,-0.2326103946643654,0.38012806406323507,0.9007786619415992,1.6118032029217493,1.2859538491475342,1.6879527801624585,2.4202283659539714,0
2016-04-25,-0.7485905959579524,-0.8004202641703987,-0.9853052000327013,-1.058021450957624,-0.8917023663953022,-0.8205332697453765,-0.6108938654831008,-0.7238361275579792,-0.6812893849955279,-0.2612369993334734,-0.19470936550854295,-0.43993331809578384,-0.34787763873338173,0.18743774041605113,0.6423010972655678,1.2634835386774106,0.9788071520777123,1.3300111725023367,1.9697594652141603,2.1925496808139235,0
2016-04-26,-0.8565322199196057,-1.0205504881359222,-1.0850597651749758,-0.9375119506707588,-0.8743752114410455,-0.6883963382752643,-0.7885915983571974,-0.7508468086003074,-0.378202793364071,-0.3191836675623826,-0.5367309103430223,-0.4550649106871991,0.019833171344984798,0.42335928729140576,0.9744332177420477,0.7218862608231985,1.0334523435437322,1.6009967277064736,1.7986421722516592,2.1184434818282427,0
2016-04-27,-1.1076961279329576,-1.1729016488182615,-1.0237613616869823,-0.959943192309875,-0.7719570629490528,-0.8732337230475025,-0.8350815565720617,-0.45841562209631476,-0.3987595072438015,-0.6186547212931794,-0.5361073065554008,-0.0560836847189052,0.3517976586912951,0.9088192892327785,0.6535466117243532,0.9684754040852879,1.5421452527251476,1.7419238699056536,2.0651767713157763,0.5807106575439595,1
2016-04-28,-1.29348318404366,-1.1418604244169206,-1.0769799877394304,-0.8858647883959583,-0.9888272205145809,-0.9500400029356504,-0.5671043821109041,-0.5064552782602068,-0.730010695942426,-0.6460892615443695,-0.15807554218760209,0.25659507483808913,0.8228884514905238,0.5633667047805667,0.8835375553412171,1.4667562633008235,1.6698602389868762,1.9984937552011124,0.4893183803116924,0.7939743438407714,1
2016-04-29,-1.2836269379163074,-1.2179317452770653,-1.0244165582636497,-1.1286719726694006,-1.0893976727220314,-0.7016532205143358,-0.6402424969602615,-0.8666052802933001,-0.7816299767708036,-0.287487875614771,0.13239009473168303,0.7057948739633227,0.4430141034063576,0.7672055975173929,1.357748253089705,1.5634027691777639,1.8961632014591354,0.3680358944159185,0.676517668548007,1.1113912806925512,0
2016-04-30,-1.3633610929113702,-1.1624962151365634,-1.2707112415392263,-1.2299453069354862,-0.827474352574892,-0.7637312548308558,-0.9986912779106143,-0.9104886194043333,-0.3975790422081427,0.03824585864642251,0.6334285038610781,0.3606673414214855,0.6971716016051099,1.3101430182832179,1.5236082758446374,1.869006921759988,0.2828414662688836,0.6030393526110129,1.054429428496101,0.5518966346535896,1
2016-05-01,-1.3195246261220104,-1.4318311408788087,-1.3895238921690587,-0.971835963998221,-0.9056828114702421,-1.1495264085791852,-1.0579889068253554,-0.5256867957862761,-0.07338384594382287,0.5443019852185778,0.2612280302151369,0.6104551377465524,1.2466023138004825,1.4681384524988266,1.8265962324760068,0.18045964631469788,0.5127638543622143,0.9812204809847579,0.45968748779906937,0.7335307703567455,0
2016-05-02,-1.5804361820820523,-1.536060038517367,-1.0979464756878008,-1.0285583239321041,-1.2843262786594947,-1.1883124407649859,-0.6299798708238069,-0.15555855416858683,0.4923331418758747,0.19541639947940967,0.5617212936315668,1.2289771250497115,1.4613467495339005,1.8373337113728994,0.11069830721954797,0.4592527439458318,0.950617679053027,0.4035808547464949,0.6908155294561183,0.10908462927174258,1
2016-05-03,-1.7522177023327403,-1.285051418304224,-1.2110619147564285,-1.483790666205858,-1.381409841529259,-0.7860524408888655,-0.2801707189574345,0.4106847618434854,0.09407851410408559,0.4846742653912761,1.1961779797404184,1.4439567823190784,1.8448766503803802,0.003742492330614712,0.37541069619860457,0.8993596224847327,0.3160470247474674,0.622329155712756,0.002021806201597803,0.4863949515202979,1
2016-05-04,-1.5085435705277332,-1.4277547377815942,-1.725546132903987,-1.6137569341040991,-0.9636886520072687,-0.41131849323135095,0.34302374740991426,-0.002677304341001155,0.4238125801560479,1.200700541563678,1.4712491907600456,1.909011935640277,-0.10131483269384475,0.30450814110070673,0.8766058055471965,0.23968919389741042,0.5741173852651434,-0.10319364275770672,0.4256913902199152,0.08938438878832025,1
2016-05-05,-1.6125465063714204,-1.9298114284914203,-1.8107119782318628,-1.118133662436786,-0.5296422611542658,0.27402881916863514,-0.09427872449117436,0.3601006907847818,1.1877918283028885,1.4760325146453472,1.9424219585189062,-0.19936647472019703,0.23299455479349088,0.8425035061218189,0.16393689035727696,0.5202344054194835,-0.20136814615312895,0.3621023622177194,0.003803175722580894,0.12990847599740582,1
2016-05-06,-2.1489228288563744,-2.0255853235466548,-1.3083621834262644,-0.698929804248825,0.1333392441856752,-0.24807421761245121,0.22247391188849358,1.079617751309829,1.37811524315184,1.8611007681462024,-0.3569014281798524,0.09084480958316404,0.7220426308740874,0.019329785496015703,0.3883058518007245,-0.35897432742875335,0.22454681113740044,-0.14650215441620934,-0.015909501735330275,1.1884449618772301,0
2016-05-07,-2.44321647915793,-1.6419530950782701,-0.9611107976233013,-0.031321061473059096,-0.4574264449142652,0.06825791400504368,1.0258371316840613,1.359310910029352,1.8988900097130483,-0.579005426602654,-0.07879475908471803,0.6263633347079326,-0.15868951847994375,0.2535211241968747,-0.5813212167300497,0.070573704132446,-0.34395272867176824,-0.1980579506457044,1.1474161133724499,1.0246792366203634,0
2016-05-08,-2.133460759145687,-1.3333364319602707,-0.24064963820195057,-0.7414077205220764,-0.1236246515727968,1.0017202779890109,1.3936179076308473,2.0277300444818707,-0.884287064662331,-0.29644062019957657,0.5322595758138954,-0.3903327606345997,0.09409625378378234,-0.8870085759792857,-0.12090314025583435,-0.608053665991171,-0.4365984530228687,1.1445996221292656,1.0003595223305335,1.0017202779890109,0
2016-05-09,-1.6565218214661117,-0.45240575136809175,-1.0042298034179928,-0.32344686963904545,0.916657725592665,1.348520027196934,2.0472972235427265,-1.1616796008778845,-0.5138861484714811,0.39932267679588546,-0.617353158230837,-0.08352336874778117,-1.1646786446390225,-0.32044782587789894,-0.8572766591220928,-0.6683369021702262,1.0741075230525567,0.915158203712096,0.916657725592665,1.2060654485427496,0
2016-05-10,-0.5645121392347843,-1.1594161118533504,-0.42548566737284405,0.9114316841368179,1.377008706186129,2.130338193252024,-1.3291577344754972,-0.6307922014015307,0.35370920980691495,-0.7423366962675112,-0.16683176623433385,-1.3323909082397256,-0.42225249360860645,-1.0009905974060123,-0.7973006502594399,1.0811733067589646,0.9098150972547037,0.9114316841368179,1.2234329523851424,-0.3268738675637862,1
2016-05-11,-1.196143916900431,-0.456042604092536,0.8921155141720831,1.3616070958652002,2.1212705579103095,-1.3673127227260489,-0.6630753501863732,0.3297037236022042,-0.775557708300349,-0.19521394759635569,-1.3705730809322483,-0.4527822458863275,-1.0363863647965201,-0.8309837978057825,1.063284319997701,0.8904853350689835,0.8921155141720831,1.2067400810705973,-0.35660167880336646,-0.056648723832758166,1
2016-05-12,-0.5501487045328671,0.8501990290733625,1.3378654707645254,2.1269368660009165,-1.4966957215653645,-0.7651960590286202,0.26601527079749143,-0.8820328106837945,-0.27922290359332796,-1.5000822940771055,-0.5467621320211165,-1.152958611623324,-0.9396045433834415,1.0279940859399346,0.848505742817492,0.8501990290733625,1.1770032764566782,-0.446858242924667,-0.135293571844196,0.21013682435370537,1
2016-05-13,0.8088814105300629,1.299164155416224,2.0924688745723,-1.5506042992345939,-0.815180181905352,0.22156353905184997,-0.9326437562009946,-0.32659980766115515,-1.5540090405185223,-0.5955743690917552,-1.2050230589155233,-0.9905243580278289,0.987630327936478,0.8071790398880986,0.8088814105300629,1.1374389444294712,-0.4951345012157749,-0.1818983030940549,0.16538530786697028,0.3185986656439017,1
2016-05-14,1.3427741433047498,2.1475233565772296,-1.5481060777642217,-0.8020724723270694,0.24962767978225675,-0.9212306176399477,-0.30644366501118186,-1.55155993704865,-0.5792985484812492,-1.197539360394443,-0.9799462254752749,1.0267460187792916,0.8436914767044342,0.8454184063466482,1.1787158272942666,-0.47740969959053114,-0.1596546454228491,0.19263900158913377,0.3480626693885467,0.3480626693885467,0
2016-05-15,2.2594990084489286,-1.569402189698701,-0.7964651253997405,0.29316143052171795,-0.9199203509474909,-0.2829629553677907,-1.572980602033415,-0.5656575298104636,-1.206193337724878,-0.9807533606376825,1.0983042058331363,0.9086483520931128,0.9104375582604699,1.2557543485607017,-0.4600943659363044,-0.13088043114229653,0.23411762699887326,0.39514618206116303,0.39514618206116303,0.7350953538593133,0
2016-05-16,-1.7071179462777355,-0.8050079122814365,0.4667166495327992,-0.9490949316002896,-0.20568944062185637,-1.7112943816203072,-0.5356278326853148,-1.2832097590063196,-1.0200943324240672,1.4064146016122787,1.1850635284557787,1.1871517461270644,1.5901777566855984,-0.41242299007934374,-0.02819093856239436,0.39780546638029546,0.5857450567961985,0.5857450567961985,0.9825064143408629,0.2704241884317528,0
2016-05-17,-0.9777639524357528,0.4039700005364406,-1.1343150899646206,-0.32660197459828466,-1.9624479189216728,-0.6850813909687333,-1.4973322204663366,-1.2114562301962313,1.4249556800725387,1.1844568311151462,1.18672568818078,1.6246151018484858,-0.5512188240962284,-0.13374912401923877,0.3290977173704508,0.5332948532776782,0.5332948532776782,0.96437769574847,0.1906974363666784,0.10448086787250715,0
2016-05-18,0.3487108740016258,-1.2274622764859089,-0.3998551355219557,-2.0759920698899563,-0.7671639228037063,-1.5994205420876775,-1.3065034079262805,1.394843496006622,1.1484211450454447,1.1507458842054537,1.5994205420875982,-0.630004312363057,-0.20225230692100665,0.2719944817212499,0.4812210061222571,0.4812210061222571,0.9229214465243614,0.13018539296058265,0.04184530488014858,0.23712339432108862,0
2016-05-19,-0.8310940463543921,-0.1677839230449825,-1.5111732458148774,-0.4621743710306162,-1.1292109557069292,-0.8944438895918029,1.2706301645810447,1.0731277121349843,1.0749909428184359,1.4345944647249427,-0.35224376070687047,-0.009409314951439568,0.37068974447304653,0.5383805059838586,0.5383805059838586,0.8923943358399997,0.2570326727823974,0.18622990681115859,0.34274128422124983,-2.6216587331531085,1
2016-05-20,-0.10794279564361717,-1.3662573576331059,-0.3836899534721023,-1.0084841465265215,-0.7885845143341846,1.239378760328493,1.0543838316587475,1.0561290668348757,1.3929594558279033,-0.2807210780804561,0.04040219432740877,0.39643017025785515,0.5535013361095314,0.5535013361095314,0.8850960195741648,0.2899708245139528,0.22365188782101622,0.3702516426159141,-2.4064175226063957,-1.713559157682912,0
2016-05-21,-1.216287979593808,-0.2901720308362774,-0.8790699165471029,-0.6718041802354722,1.2396464990829146,1.0652800859953506,1.0669250521565525,1.3844035212688157,-0.19311902732527914,0.10955474633615729,0.4451278432216511,0.5931747977299654,0.5931747977299654,0.9057183683586134,0.34478490738824896,0.28227619326250997,0.42045335080360335,-2.196687811671058,-1.5436362456732922,-1.4597429714519186,0
2016-05-22,-0.23017234079243445,-0.7808017962130559,-0.5870048370426701,1.2002337864175678,1.037198249337718,1.0387363204422435,1.3355840436159327,-0.13942614562535224,0.14357893760759902,0.45734544293107743,0.5957718423385021,0.5957718423385021,0.8880053521986062,0.3635231055549442,0.30507640358291466,0.43427437636317767,-2.012796750939096,-1.4021825224419195,-1.32374089611105,-1.918974413562954,1
2016-05-23,-0.7110124380919995,-0.5231584494159808,1.209272779485094,1.0512368842497115,1.0527277889217421,1.340472390623901,-0.0893051898547011,0.18502126979917424,0.4891658228936775,0.6233472433765541,0.6233472433765541,0.9066191310626127,0.3982206378997377,0.3415662603625175,0.4668022528132023,-1.9052270803895628,-1.3133379255928923,-1.2373017873192664,-1.8142818953956146,-1.0941749388042066,1
2016-05-24,-0.5154758421801552,1.2097054038260482,1.052330866754914,1.05381553219898,1.3403559629039699,-0.08343819795657557,0.18974024375181234,0.49261199434153613,0.6262318843075982,0.6262318843075982,0.9083183186803818,0.40204740225343727,0.3456301153788721,0.47034201268053,-1.891760708830548,-1.3023485275358258,-1.226630589888395,-1.8011961167424406,-1.084102707257937,-0.8124089309936151,1
2016-05-25,1.2035007243353564,1.045361296072624,1.0468531774713277,1.3347862874213972,-0.09592797393672006,0.17857820342500805,0.48292200876082636,0.6171913346442831,0.6171913346442831,0.9006488003982333,0.3919172434398267,0.3352257502890282,0.4605437877802545,-1.9130395175594335,-1.320762602273537,-1.2446766509395826,-1.8220347522384253,-1.1014560366639037,-0.8284417407008793,-0.28838067436966197,1
2016-05-26,1.1325743836567437,1.1341220392780278,1.4328195741861303,-0.05138216662666881,0.23338646768986807,0.5491082144321043,0.6883972203478046,0.6883972203478046,0.982451788392046,0.4547012215336956,0.3958903079248385,0.5258933801128254,-1.9364267133524085,-1.322007431702061,-1.243076995016502,-1.842019720453991,-1.094502055373097,-0.8112810766778442,-0.25102974177249265,0.33398408307342203,1
2016-05-27,0.8276674645424407,1.0703593828904965,-0.135555382372641,0.09581929625970562,0.35234339648251567,0.46551579363964407,0.46551579363964407,0.7044352987491255,0.27563766063158146,0.22785375960967802,0.33348133028966453,-1.6671551572323882,-1.167939138661515,-1.1038081136058124,-1.5904494213814468,-0.9830908899715494,-0.7529736824187252,-0.297769151631181,0.17755491642873683,2.702556844112126,1
2016-05-28,0.26277411394166555,-0.24760639293438974,-0.1496814573085342,-0.0411125069407416,0.0067855593979930864,0.0067855593979930864,0.10790369944642794,-0.07357675190365826,-0.09380037991334825,-0.04909551799719587,-0.895826890718575,-0.6845431980910519,-0.6574009604991037,-0.8633626457556554,-0.6063096897377898,-0.5089169548490308,-0.3162602880199049,-0.11508840939722831,0.953570670693611,3.9647624411886166,1
2016-05-29,-0.3266438932749812,-0.25094807921629353,-0.16702445928166446,-0.12999933283991427,-0.12999933283991427,-0.051835177018445575,-0.19211926720329242,-0.20775209836758848,-0.17319531368862165,-0.8277172711199816,-0.6643953244824887,-0.6434144194988314,-0.8026224631983514,-0.6039209512943002,-0.5286365275294094,-0.37971324117481964,-0.2242077101194759,0.6018639998253184,2.9295102821299244,2.77277058019319,1
2016-05-30,-0.3511113722876064,-0.28122141771213627,-0.2503876142229565,-0.2503876142229565,-0.18529402907913592,-0.30211988452146693,-0.315138601550233,-0.2863603849603319,-0.8314335110857003,-0.6954221779167673,-0.6779496892728998,-0.8105350442763677,-0.6450602988844434,-0.5823648984564456,-0.4583444888666383,-0.3288425142120893,0.35909390141313835,2.2975123474328294,2.1669825793286424,2.4283847133535668,1
2016-05-31,-0.3719997291957681,-0.3444249026688807,-0.3444249026688807,-0.2862113800010101,-0.39068933384176757,-0.4023320383753434,-0.37659553361691517,-0.8640571892199853,-0.7424215655402745,-0.7267958305083725,-0.8453675845739841,-0.6973826822130277,-0.641313868275024,-0.5304017882446587,-0.41458751683173667,0.20063750167923916,1.934174929336163,1.8174414970390123,2.051214748594727,1.9755371691264934,1
2016-06-01,-0.4280012063889771,-0.4280012063889771,-0.3750204068490042,-0.4701069997075874,-0.4807031596155836,-0.45728006929264703,-0.9009245538615841,-0.7902225674543755,-0.7760014054725933,-0.8839149287461185,-0.7492321593892388,-0.6982032840428422,-0.597260918603524,-0.4918570121503142,0.06806638509319529,1.6457788261309336,1.5395383807376197,1.7522981178376187,1.6834230784356523,1.8376250897283113,1
2016-06-02,-0.5056871571550603,-0.4563239430883421,-0.5449179220186103,-0.5547905648319554,-0.5329668280866684,-0.9463187942979828,-0.8431756575375223,-0.8299255316564559,-0.9304706045186675,-0.8049841182332722,-0.7574395488953262,-0.6633896357787354,-0.5651828204249483,-0.043491589656678424,1.4264929639722421,1.327506729448981,1.5257390048853305,1.4615668265985955,1.605239760171729,1.6325194311033384,1
2016-06-03,-0.5370396349494504,-0.6158393404218085,-0.6246205392721019,-0.6052094681293501,-0.9728643989402685,-0.8811239793727416,-0.8693386861789285,-0.9587682639437465,-0.8471546048729277,-0.8048661998833617,-0.7212137266253149,-0.6338639064829353,-0.1698468724990745,1.1376274194733784,1.049584346790187,1.2259015763368433,1.1688237838099433,1.2966133354997214,1.3208771744281618,2.0423219852337473,1
2016-06-04,-0.6855144485396466,-0.6935524481213888,-0.6757842385196446,-1.012322589428858,-0.9283466464301413,-0.9175588048862259,-0.9994194848371155,-0.8972522796270909,-0.8585429658518631,-0.7819704435205399,-0.7020135003126948,-0.2772686803091127,0.9195471521511803,0.8389556300289878,1.0003502005781577,0.94810320329684,1.0650772498416508,1.0872875118438314,1.7476726353752983,1.8225529472683593,1
2016-06-05,-0.7709276041984578,-0.7542498842590638,-1.0701338416825745,-0.991311760540441,-0.9811860020058095,-1.0580226402980148,-0.9621257506465032,-0.9257921464928239,-0.8539191153254381,-0.7788693755981685,-0.38019245133267,0.7431711131564691,0.6675257405742218,0.8190150300237115,0.7699745916304946,0.8797695812315005,0.9006167311557436,1.520471988903198,1.5907566657906407,1.6354291299140158,1
2016-06-06,-0.8350306217751441,-1.1330618305250058,-1.058694520736385,-1.049141037614925,-1.1216351154189454,-1.0311580105627653,-0.9968778652445844,-0.9290668674020641,-0.8582586983841843,-0.4821137158765032,0.5777609410101805,0.5063908023969212,0.6493184028219018,0.6030495728022811,0.7066393015506609,0.7263082373889623,1.311131262981085,1.3774436752359247,1.4195913948894248,1.6174046924631846,0
2016-06-07,-1.2130983817884078,-1.1407708568477295,-1.1314794115782723,-1.2019850845053313,-1.1139896322475293,-1.0806497403982993,-1.014698697505288,-0.945832691390487,-0.580004807055774,0.45079906224990723,0.3813865005310209,0.5203938091701574,0.47539406443376536,0.5761424807869006,0.5952719269299023,1.164054125581783,1.228547686863898,1.2695393571703275,1.4619269298085025,1.2990533597909568,1
2016-06-08,-1.2670457844135985,-1.257783090004658,-1.3280705946372087,-1.2403474299407697,-1.2071107029439816,-1.1413637347864019,-1.0727108232848412,-0.7080149336151733,0.31959928140025623,0.25040150552169965,0.38897867873781355,0.3441181783650999,0.4445548451914572,0.46362509838633653,1.0306472933807118,1.0949412898663,1.1358061181410388,1.3275983788438115,1.1652287944988506,1.2569476312932635,1
2016-06-09,-1.3993588026421433,-1.4707560718259338,-1.38164785214694,-1.3478863527654568,-1.2811013102731257,-1.211364442698261,-0.8409103948402478,0.2029287499708279,0.1326384151929887,0.2734035738163274,0.2278347741047087,0.3298572285197886,0.3492285806239191,0.9252034498533609,0.9905125798044244,1.0320226200275584,1.2268430754747996,1.061909848988215,1.1550768281556927,1.025565502659515,1
2016-06-10,-1.6405030360021413,-1.5488309645041827,-1.5140980678496756,-1.4453914635385758,-1.3736481032358259,-0.9925352262836484,0.08133761126387154,0.00902485921268748,0.15384016056453576,0.10696023994342574,0.2119181189048566,0.23184683010006638,0.8243938429709327,0.8915820692862063,0.9342864504187959,1.1347123458677488,0.9650336048342605,1.0608812158207386,0.9276435466870593,0.981545965538862,1
2016-06-11,-1.7444601846277985,-1.7089796384997746,-1.638794077306636,-1.5655063918618675,-1.1761897982822482,-0.07920110979943584,-0.15307044354138452,-0.005137893291758236,-0.05302693642630361,0.05419023302067278,0.07454792342199883,0.679849918021388,0.7484844170887107,0.7921080393772637,0.9968482399848714,0.823517047425022,0.9214278441171067,0.7853221425768216,0.8403848480432625,1.407685820560178,1
2016-06-12,-1.7924841021432232,-1.7273202085562975,-1.659276142877133,-1.297814545301039,-0.2793136891827415,-0.34789778712920066,-0.2105495804805155,-0.25501223715446786,-0.1554662892164304,-0.1365651598611055,0.4254284196371851,0.4891522271779899,0.529654647225112,0.7197460053129375,0.55881638965904,0.6497218213203577,0.5233542707733371,0.5744773254105939,1.1011887967789464,2.290159838606686,1
2016-06-13,-1.7936562972626415,-1.731383714991419,-1.400581214460691,-0.4684693877660392,-0.5312361968806835,-0.40553783637025237,-0.44622917981203064,-0.35512669834116817,-0.3378287588213829,0.17649664290019826,0.23481541042404122,0.27188242368072146,0.44585027256540644,0.29857067322553127,0.38176552520163504,0.266116443840793,0.31290325168478106,0.7949391663027646,1.8830619332377545,2.403647541642686,1
2016-06-14,-1.9062860793402554,-1.5788264942173256,-0.6561340974914596,-0.7182666183738473,-0.5938384991264392,-0.6341186373362822,-0.543936789441372,-0.526813653765122,-0.01768575299132267,0.04004367586002998,0.07673610945199179,0.24894593111026497,0.10315466163820436,0.185508790366829,0.07102839755990846,0.11734240262709633,0.5945071168052306,1.6716338895825975,2.1869587346963724,1.8800469123849401,1
2016-06-15,-1.7890923865201294,-0.8592882436575237,-0.9218996573073377,-0.7965124955886794,-0.8371030970886911,-0.7462261633659943,-0.7289710493680127,-0.21591899316139232,-0.1577446088253444,-0.12076936454395763,0.05276778195001671,-0.09414718866135909,-0.011158307052025083,-0.12652106920995151,-0.07985009420588945,0.4009924158711668,1.4864212535536532,2.0057180176833524,1.6964406410719297,1.8428626084262225,1
2016-06-16,-0.9881050195805923,-1.0443517811891325,-0.9317106286764901,-0.9681750646799279,-0.8865360642349855,-0.8710349882011347,-0.41013632746133116,-0.3578755568329235,-0.32465896533181665,-0.1687624292199558,-0.3007430194510196,-0.22619022519298038,-0.3298259906764336,-0.2878992707372582,0.14406404807269163,1.1191555452496287,1.5856641192207301,1.3078257849759154,1.4393634873202998,2.4999323466267516,0
2016-06-17,-1.1117107808236617,-1.0078685422525098,-1.0414845749223327,-0.9662227689854431,-0.9519325526683112,-0.5270367875056158,-0.4788583439221461,-0.44823645181400823,-0.30451770485314866,-0.4261886894961489,-0.35745955387566236,-0.4529998572530522,-0.4143482245476689,-0.016127529843618527,0.8827951251530498,1.312862587649564,1.0567274723272724,1.1779901650754996,2.155713155763775,1.9189038567941763,1
2016-06-18,-1.1014998247671877,-1.133300474257866,-1.0621030687180084,-1.0485845739952497,-0.6466346642385821,-0.6010580248875702,-0.5720898219102319,-0.436132389269925,-0.5512327157665483,-0.486215193528523,-0.5765959868178182,-0.5400316772819774,-0.1633162910077917,0.6870614008380717,1.0939037182086897,0.8516007937493528,0.9663148775396134,1.8912374117138269,1.667216642022411,1.7614598623753523,0
2016-06-19,-1.2271809984450015,-1.1589912603856891,-1.1460438417668315,-0.7610739281661543,-0.7174226311082945,-0.6896781626393155,-0.5594641239582416,-0.6697021453416506,-0.6074312272223873,-0.6939939688456014,-0.658974284200312,-0.2981728853548347,0.5162814001456358,0.9059370461988516,0.673869981049436,0.7837380761865936,1.669588127213903,1.4550309043871326,1.5452929084728781,1.6383910137798958,0
2016-06-20,-1.2894306133233593,-1.2764476521121397,-0.8904209387652342,-0.8466498123959827,-0.8188291812290853,-0.6882576856191142,-0.7987983267889192,-0.7363564657254389,-0.8231568349661585,-0.788041016071052,-0.42624916365175536,0.390440920158721,0.7811662289915914,0.5484621051866979,0.6586318046076126,1.5469136459542379,1.3317674315968981,1.4222772183265384,1.5156308917976824,1.1873474440282936,0
2016-06-21,-1.4179671810317562,-1.0144934558342158,-0.9687440327977238,-0.9396660096813092,-0.8031931545216038,-0.9187298330374906,-0.8534658255984272,-0.9441892577216406,-0.9074863307658102,-0.5293427945941247,0.3242587284455136,0.7326434086582707,0.48942189974674843,0.6045708712877516,1.5329998404802965,1.3081297950466901,1.4027302969187596,1.5003032189316172,1.1571825461579248,0.24503726991057065,0
2016-06-22,-1.0966994576164035,-1.049009258002586,-1.0186976904514307,-0.8764354000780086,-0.9968733618145987,-0.928840732422006,-1.0234128231816106,-0.9851528890281519,-0.5909677927851262,0.2988451124387914,0.7245542389350191,0.4710148161293539,0.5910486236319306,1.558863296020821,1.324453840291886,1.4230674733916457,1.524779622285522,1.1671031251818886,0.21626293062164356,-0.733903673548575,1
2016-06-23,-1.1171108226945032,-1.0859284819271628,-0.9395793625924455,-1.0634771965746777,-0.9934901650746473,-1.0907790682687495,-1.051420024811306,-0.6459110066546911,0.2694639300932375,0.7074025826478868,0.4465796256517312,0.5700616950904008,1.565679188746285,1.3245357534788522,1.4259823021086007,1.530616378905676,1.1626647578510585,0.18450937502488318,-0.7929530668953504,-0.40684639410508056,1
2016-06-24,-1.1894653830284792,-1.0381036375951997,-1.1662451152631463,-1.0938609472292393,-1.194482107545681,-1.1537749714632455,-0.7343768018251984,0.21235078206383087,0.6652893384740257,0.3955328944347889,0.5232443671441203,1.5529629080462828,1.3035600320482645,1.4084812419508799,1.5166991565362264,1.1361447681599401,0.12448643551970145,-0.8864552221895076,-0.48712395062026626,0.10513621238192383,0
2016-06-25,-1.1461591682881382,-1.2793503366510546,-1.2041137147010852,-1.3087000683820336,-1.2663887799982876,-0.8304633229178671,0.15357209882381997,0.6243596737978904,0.3439728965506745,0.47671711468418726,1.5470139307011859,1.2877827976458438,1.3968386536208508,1.5093211280213004,1.1137701749972009,0.062245268615242516,-0.9885347207177053,-0.5734669410095534,0.042132508291982854,0.03945080691554902,0
2016-06-26,-1.3493469549256387,-1.2719686753617512,-1.3795321451713538,-1.3360164394364142,-0.8876820909137672,0.12436451605550251,0.6085533545146844,0.32018519186272804,0.45670805739030235,1.5574715433050987,1.2908612335206129,1.4030214328092596,1.518705791365171,1.1118952324698783,0.03043801036706008,-1.0502530901559166,-0.6233701458688025,0.00975272771136685,0.006994690023941898,-0.5407822395619993,1
2016-06-27,-1.399373499665775,-1.5123566442950478,-1.466648363561837,-0.9957243162893966,0.06731510005867844,0.575900195540877,0.273002363358124,0.41640404692604893,1.5726304158957034,1.2925867240795565,1.410398208222902,1.5319114193270342,1.104603372331707,-0.031343970678849184,-1.166486590437059,-0.7180947942302852,-0.05307149849217131,-0.05596850220061341,-0.6313456276274675,-0.2143380382621592,0
2016-06-28,-1.6447037905126596,-1.5966659567588055,-1.1017409512525536,0.015476978128441647,0.5499824522910381,0.23164723002078227,0.38235747605840176,1.5975116932685556,1.3031953878752278,1.4270112129027668,1.5547174258751584,1.1056313391974082,-0.08821031796702392,-1.281206238621704,-0.8099618553884782,-0.11104520373029977,-0.11408985516540232,-0.7187914596373267,-0.2805308002843885,-0.42058476629914426,1
2016-06-29,-1.7645736229796576,-1.2358773133236667,-0.042425800925232536,0.5285517583751546,0.18849487020954364,0.34948885924012885,1.647559361143285,1.3331603253259838,1.4654247472905049,1.6018450185790458,1.122115455306095,-0.1531882198654657,-1.427588449531803,-0.9241886140220315,-0.17758124850646365,-0.1808336523252624,-0.826797188559086,-0.35863172775297836,-0.5082423034177628,-0.63671225426035,1
2016-06-30,-1.4456563886561538,-0.14105674975356444,0.4830969003497191,0.11136994797807925,0.287357575269861,1.7063195443654244,1.3626400028528576,1.5072224306615938,1.6563477489615863,1.1319401726881009,-0.26213465719448603,-1.6552219021876677,-1.1049396018117983,-0.28879944920839257,-0.29235475481024575,-0.9984779507340549,-0.48671146104493956,-0.6502555187302297,-0.7906900900034687,-0.1299957989922393,1
2016-07-01,-0.22221867474439227,0.4389969676212196,0.0451970185920791,0.23163472028440985,1.73485407938395,1.3707669851699746,1.5239346592875793,1.6819149789034127,1.1263682920424332,-0.35048613954506297,-1.8262943438503336,-1.2433365021950824,-0.37873427616511335,-0.38250069438111894,-1.130553201171328,-0.5883982235228163,-0.7616534614591215,-0.9104269809913843,-0.21050092918348146,-0.1485642740758182,1
2016-07-02,0.4055327478094072,0.01281244762555025,0.1987390084458578,1.6978371149925195,1.3347482083400708,1.4874959552766194,1.6450431532781122,1.0910195629549797,-0.3817858986271969,-1.8535480012822099,-1.272188407067426,-0.4099565896605771,-0.41371268179835996,-1.1597143147193403,-0.6190457186638836,-0.791825957001945,-0.9401915964444115,-0.24218447417289207,-0.18041762568489086,0.39134306640000216,0
2016-07-03,0.060377763058909316,0.24588323507784457,1.74158616547517,1.3793195871216977,1.5317213890497114,1.688911772185844,1.136142941422356,-0.3333268919217896,-1.801755729351125,-1.2217128056196445,-0.3614337816216285,-0.36518136691493924,-1.1094934460032528,-0.5700493629493177,-0.7424382864416594,-0.8904679055274753,-0.194041638520367,-0.13241468036368587,0.438051080951555,-0.4996780391082409,1
2016-07-04,0.24788151793661906,1.7437074942966975,1.3814111136081484,1.5338254530702289,1.6910287676793399,1.138214462663192,-0.33137625854358005,-1.799925898196648,-1.2198352564734876,-0.3594854604935542,-0.36323335408688295,-1.1076066649843337,-0.5681182038555805,-0.7405213091487518,-0.88856310608528,-0.19207954665815385,-0.13044751867895393,0.44006517275014306,-0.49774109082527623,0.02279968602608795,0
2016-07-05,1.7690581166136106,1.4066529077049283,1.5591130300734097,1.7163635661228658,1.1633832042535839,-0.30664895923922286,-1.7756397284535548,-1.195374836488273,-0.3347666047580004,-0.338515624160503,-1.0831125332688596,-0.5434620181640345,-0.7159169106792002,-0.8640031770780932,-0.16731040477950407,-0.1056598634938907,0.46502420110943904,-0.47306376493924457,0.04763337429736844,-0.22375397467275368,0
2016-07-06,1.640494028774151,1.8073100248098641,1.9793675070598118,1.3743176853729064,-0.234134910282908,-1.841448052413887,-1.2065445483763269,-0.2649001554534292,-0.26900218814283083,-1.0837114583992113,-0.49324664183018213,-0.6819401455427082,-0.8439704367741174,-0.08167602866010437,-0.0142203799899275,0.6102001516191606,-0.4162195835513972,0.15350717886565213,-0.14343440970611335,0.009252362621656901,0
2016-07-07,2.0529257413472926,2.235868954826102,1.5925388464999541,-0.11767731341189679,-1.8266819288636216,-1.151609355682208,-0.15038901383526085,-0.15475057389170813,-1.021004862880779,-0.39318252364422523,-0.5938142862408542,-0.7660959084705691,0.04442733535277266,0.11615076739214562,0.7800771315404149,-0.31128211813980405,0.29449011192248337,-0.021238374385980183,0.14110858327071396,-0.7498612127049007,1
2016-07-08,2.657770101761682,1.928496378368793,-0.010190604571704266,-1.947504190669652,-1.1822474700020087,-0.04727231932049591,-0.05221654795366667,-1.0341952903753546,-0.3225010465670776,-0.5499355636929951,-0.7452325947032948,0.17356989296119493,0.25487498604002345,1.0074964557562287,-0.2296594200108454,0.4570390012630623,0.09913178409510234,0.28316696099651084,-0.7268290770131552,-0.01376143636232846,0
2016-07-09,2.619624940733938,0.1820095377411744,-2.253879019542467,-1.2916805904212094,0.1353847035949533,0.12916805904212567,-1.1055266229781526,-0.21067517651254783,-0.49664082594269804,-0.7421982857794588,0.41306149362133465,0.5152907596011927,1.461602208198556,-0.09394040657608532,0.7694824479835498,0.3194664561870689,0.5508637812090528,-0.719058553277262,0.17751973889746445,-0.3598746457804506,1
2016-07-10,0.4163814118119283,-2.6226190512806666,-1.4221858611238574,0.3582125386349103,0.3504566888779769,-1.189941248957842,-0.07352976450117017,-0.43029885332020623,-0.7366549187191627,0.7046404944447034,0.8321811348920855,2.0127938201145072,0.07210785871239797,1.1493092138423413,0.587871867548616,0.8765618307234427,-0.7077859224016819,0.41077996476525275,-0.2596701586676216,-0.328611045395939,1
2016-07-11,-2.5846394229683103,-1.382842698768215,0.3995779991480755,0.391813339767029,-1.1503342873023679,-0.03265470639696864,-0.3898290379252082,-0.6965330834766329,0.7463994515015879,0.8740849613232746,2.056038667105138,0.11314834198050142,1.1915732560150447,0.6294981908202419,0.9185160677815015,-0.667631295780509,0.45220513495296244,-0.21900653154213498,-0.2880257260403467,-0.3613586201946976,1
2016-07-12,-1.8968997122209021,0.3123226649643703,0.3026987533503035,-1.6087170255551566,-0.22340841488549473,-0.6661083491326879,-1.046252857888432,0.7421907170594765,0.9004505969352811,2.365423809299191,-0.042692741243524214,1.2939616495994548,0.5972973810920956,0.9555207578380165,-1.0104305202138424,0.37755139923750913,-0.45438229362315813,-0.53992817463711,-0.630820673214435,0.2722230332390809,0
2016-07-13,0.25535813017554865,0.2447108141154176,-1.8699644589389834,-0.3373424638385789,-0.8271190026047435,-1.2476879869800392,0.7309382475282074,0.9060274449615182,2.5267855563374844,-0.13740952893161762,1.3413843683092224,0.5706369890672982,0.966953753527846,-1.208056310533987,0.3275232723609033,-0.5928780492817923,-0.6875208587052074,-0.7880788437175872,0.21099431325832346,-0.38525538610917887,1
2016-07-14,0.2663633624722611,-1.850686483766786,-0.31634350429675406,-0.8066700141389709,-1.2277112562860941,0.7531367816634505,0.9284225871142874,2.551000651084919,-0.11618606428869895,1.3642683736407046,0.5926555205919011,0.989417309956984,-1.1880350773495885,0.34926881099630636,-0.5721660311709512,-0.6669151151984344,-0.7675860169776365,0.23260900128746773,-0.3643102280856635,-0.1505326072486568,1
2016-07-15,-1.847358149726342,-0.3112032776377167,-0.8021088098991521,-1.2236472560801694,0.7595399485267255,0.9350327474994086,2.5595269001519956,-0.11080947340539125,1.3713932206206867,0.5988691764942965,0.996099498493288,-1.183924223880273,0.35519505359640846,-0.5673279031654193,-0.6621888755830896,-0.7629786587768655,0.2383974813071519,-0.3592266449241584,-0.14519657590679194,0.16191582229540843,1
2016-07-16,-0.44626580216431394,-0.9881459666929058,-1.4534561079728947,0.7356612233654484,0.929376837737984,2.7225551599702924,-0.22506351277945358,1.4110480950967348,0.5583067250716671,0.9967846359824887,-1.4096083168818154,0.2893299767368209,-0.7289858880053152,-0.8336970309093926,-0.9449526202449765,0.1604043820361755,-0.4992758182594989,-0.2630213020821764,0.07598102306976656,-0.0869756930747024,1
2016-07-17,-1.0423777969290837,-1.4968361079522503,0.6412272540343765,0.8304250881593463,2.5817834175594565,-0.2970917341259755,1.300862945983609,0.46800896671049524,0.8962608209798668,-1.454010922525316,0.2053052173004787,-0.7892617755997231,-0.891530875126738,-1.0001917933741926,0.07938638850784172,-0.564908938512338,-0.3341642827045132,-0.003068072985810518,-0.16222435912472571,1.032406559725203,0
2016-07-18,-1.6142674272708593,0.5697779320921026,0.7630447262240664,2.552068428661892,-0.3887208982650984,1.2435999981197736,0.3928343469239801,0.8302963471551288,-1.5705212272477473,0.12448079155830624,-0.8914757343516345,-0.9959442717202679,-1.1069420926744422,-0.004146095076823454,-0.6622978804991991,-0.4265907430612227,-0.08837385333028047,-0.25095301461021435,0.9693700875271196,0.5547605798453606,0
2016-07-19,0.4947253318509913,0.7016180956654731,2.6167740850293124,-0.5313509427424828,1.2160541570420365,0.3053066190343469,0.7736111857766013,-1.7964722349864763,0.018033220629770964,-1.06955171347611,-1.1813856398623208,-1.3002091866476713,-0.11966230123325107,-0.8242160374663642,-0.5718907410574786,-0.2098284043821297,-0.38386995232066845,0.922490100278242,0.47864920493297247,0.46117515393512726,0
2016-07-20,0.7331218346809776,2.660723626280555,-0.5078597566991833,1.2509010020595495,0.3342348945944999,0.8055827779418435,-1.7812025460405074,0.04509462585456329,-1.049558070396868,-1.1621187589574287,-1.2817144905530256,-0.09349572193562677,-0.8026280598671427,-0.5486630063023807,-0.1842477770875748,-0.35942034865994527,0.9554291945880872,0.5087039618633675,0.49111635427578015,-0.013999735639732374,0
2016-07-21,2.7394269806584832,-0.47490632772251296,1.3092484837678238,0.3793469960190622,0.8575004854984757,-1.7666344112415182,0.08603194501004989,-1.0244260096615319,-1.138611917596915,-1.259934444778261,-0.054559454135390595,-0.7739306741282891,-0.5162987193490836,-0.14662184240828938,-0.3243236616327275,1.009510475437452,0.5563351533189049,0.5384936052040016,0.0260843433439723,-0.021731005603965802,0
2016-07-22,-0.3557959195075288,1.8676506465936438,0.7087902963417151,1.3046739760568333,-1.96557123336478,0.34325568087468106,-1.040617461866684,-1.182918042097161,-1.3341124085920448,0.16804809146590624,-0.7284455639860801,-0.40737987984106955,0.053318248655088975,-0.16813702932858862,1.494111623488653,0.929356195698953,0.9071217300379413,0.2685478762536788,0.20895950828217105,-1.0708563351656628,1
2016-07-23,1.8689370120380762,0.7177753553288072,1.3097003821862263,-1.9388195040148497,0.3546691075103022,-1.020010507101839,-1.1613657373961492,-1.3115556695838555,0.18062548021043293,-0.7099124706437016,-0.39097973229216776,0.06665782578565026,-0.1533262513598675,1.4978795325155236,0.9368759622849864,0.9147892075515007,0.2804576116057876,0.22126510892004972,-1.0500484935393823,-0.6136142200057114,1
2016-07-24,0.9039386795979272,1.5591438673846179,-2.036661319916355,0.5020143032093765,-1.0196264015608927,-1.1760933120771184,-1.3423394045006105,0.3093644196362735,-0.676377116615928,-0.3233486497636972,0.18321297303257178,-0.06028865645830206,1.7674404420093401,1.1464623908980756,1.1220144361299156,0.419869175188356,0.3543486564096913,-1.0528756200455933,-0.5697840338267587,-0.010414828731256678,0
2016-07-25,1.6583123878069599,-1.9777130444925364,0.5893584872587503,-0.9493022613564202,-1.1075193049158236,-1.2756249136976918,0.39455375237623497,-0.6022136220479849,-0.24523641751708478,0.2669912610064714,0.02076598696715251,1.8689388270454121,1.2410149354190367,1.2162935223628804,0.5062945393900615,0.44004115239956637,-0.982923383112796,-0.49442826112315097,0.07119766960171071,-0.6388013133710968,0
2016-07-26,-1.9688567023848584,0.761094959728132,-0.8751934787340376,-1.0434493592957033,-1.2222212323924753,0.5539299067865812,-0.5060821407518897,-0.1264548102346356,0.418273603083744,0.15642538895965458,2.1218643937705894,1.454098867791486,1.4278088864537262,0.6727606224332554,0.6023034724480633,-0.9109478533533945,-0.3914578221192653,0.2100569508886838,-0.5449913131317748,-0.7889623399461919,1
2016-07-27,0.7630388179978321,-1.0501688802377251,-1.236616972601282,-1.4347180707375635,0.533474604275203,-0.6411483776151794,-0.2204748692199089,0.38315082980709175,0.09299098606630958,2.270937764988082,1.5309718984202243,1.501839383988419,0.6651535695069626,0.587078430829729,-1.0897890998649842,-0.5141306146925178,0.1524213155071914,-0.6842644989742519,-0.9546142329014111,-0.6551319845424465,1
2016-07-28,-0.9916932358287097,-1.179747656845117,-1.3795554791750524,0.6055940026793676,-0.5791488497239732,-0.15485106230570853,0.4539751257348956,0.16131543302811485,2.358026138525998,1.6116851551171394,1.5823016518333262,0.7384074375222028,0.6596596487215882,-1.0316548002946995,-0.45103677540655707,0.22125777972709276,-0.6226364345840173,-0.8953153450578099,-0.5932529313002041,-0.5133298023682379,0
2016-07-29,-1.244413454046802,-1.4490273308124086,0.5838717154058285,-0.6293682127101987,-0.1948646273432437,0.42860589127193544,0.1289067423623183,2.3784557757441416,1.614162765472628,1.5840724894776868,0.719879762902963,0.639237823236525,-1.0927584630322986,-0.4981746093722642,0.1902909053919976,-0.6739018211827125,-0.9531395824157745,-0.6438115451877712,-0.5619659944815366,-0.3260582306811919,0
2016-07-30,-1.5322788534907241,0.5677892956112469,-0.6855373439948947,-0.23667730738991252,0.407393326852131,0.09779180575894376,2.421668283362022,1.6321222355942553,1.6010377455246583,0.7082911907258248,0.6249847573393099,-1.1642384910666914,-0.5500089672914621,0.1612041655009205,-0.7315423892978989,-1.0200064571437653,-0.7004578992283019,-0.6159080862390043,-0.37220568409335936,-0.6134213270334388,0
2016-07-31,0.5259615133787652,-0.40163748143500566,-0.06943188904634001,0.40725092773295773,0.17811189032360114,1.8980350265408186,1.313684469292058,1.2906785418413194,0.6299483054561029,0.5682924198881274,-0.7559287641763811,-0.3013316377497932,0.2250439823231069,-0.4356862540620991,-0.6491812608049573,-0.41268032661136056,-0.35010420394535635,-0.16973773273156292,-0.348263729749299,-3.143023796465016,0
2016-08-01,-0.09245923815760776,0.13765303329979142,0.4678418327871354,0.3091217341918656,1.5004786188286487,1.0957104959049688,1.079774743033958,0.6220999205785189,0.5793921028842122,-0.33786983237117807,-0.022979355640005174,0.34163067004872744,-0.11604415240670428,-0.2639279390496892,-0.10010839953569331,-0.056763151726546675,0.0681731507821816,-0.05548829149686696,-1.991363550267279,-3.1648723916885246,0
2016-08-02,0.26459934158399145,0.4471180964152135,0.3593822470851461,1.0179296462734826,0.7941856128413831,0.7853767926275209,0.5323874760853977,0.5087798379122486,0.0017441464023435205,0.17580643382825759,0.3773522403214246,0.12436292377930533,0.042617072194662785,0.13317174399316747,0.15713173497487076,0.22619288545155133,0.1578364405919791,-0.9122590389879954,-1.560940559536803,-3.63277507383718,1
2016-08-03,0.5125123436804682,0.4386436393644011,0.9931039139295784,0.8047238848504517,0.7973073482725334,0.5843044177547165,0.5644280997258966,0.13753225430091687,0.28408301708058165,0.45377337398335427,0.2407704434655408,0.17194498402245706,0.24818698004345915,0.2683599595353956,0.3265056063062765,0.2689532824616285,-0.6320075810238925,-1.1781613346217987,-2.922530737748193,-2.3624338953837993,1
2016-08-04,0.5214616125071824,1.0334854396504893,0.8595233581973056,0.8526744573526922,0.6559740250953906,0.6376189708318276,0.24339623821587472,0.3787305189054359,0.5354333702301937,0.33873293797289517,0.27517513813488054,0.3455818388175087,0.3642108491148561,0.4179062317366269,0.3647587611824246,-0.4672457134212238,-0.9715987716185612,-2.582460250271656,-2.065231258486444,-1.738127754147705,1
2016-08-05,1.078149738555447,0.9151864470406748,0.908770569421983,0.7245065642131528,0.7073120121950599,0.3380140964631601,0.4647918382085086,0.6115871181241777,0.42732311291535047,0.3677837686138893,0.43373899053404225,0.4511901776568827,0.5014906581874273,0.45170344786637756,-0.3276973652523026,-0.800162593092766,-2.3091770090090766,-1.8246499312454718,-1.518227616176753,-1.6016340252197463,1
2016-08-06,1.0280684009038439,1.0216820895552052,0.8382672276223027,0.8211519132079522,0.4535558319803141,0.5797493442294115,0.7258681478862636,0.5424532859533641,0.48318831663799644,0.5488395973020026,0.5662103641702984,0.616279045143626,0.566721269078189,-0.20908783355442964,-0.6793758012681762,-2.1814362304679764,-1.6991419974187887,-1.39413176740781,-1.477153814940112,-1.151707388613488,1
2016-08-07,1.1304835065552958,0.9460762097298892,0.9288682864885223,0.5592831888119795,0.6861595183826606,0.8330689526223991,0.6486616557969953,0.5890760111403172,0.6550825226781027,0.6725472805947136,0.7228868769425967,0.6730609499452017,-0.10694595877172779,-0.5797785958964774,-2.0899664863329415,-1.6050626194717093,-1.2984020172300204,-1.3818732866844168,-1.0546659104231824,-0.9285600848782306,0
2016-08-08,1.066071216393329,1.0486187659032191,0.6737818068693407,0.8024610686919494,0.9514581086970777,0.7644303556836496,0.7039979898074427,0.7709424640754821,0.7886553989012652,0.8397103286932329,0.7891763675726113,-0.0019145598672008633,-0.4814662218417453,-2.013114115600748,-1.5213196898495578,-1.2103013930556392,-1.2949588021494616,-0.9631017585016772,-0.8352039496860848,-0.8779233807365087,0
2016-08-09,1.162193396840736,0.7833989781922897,0.9134368119743121,1.0640069353008672,0.8750045776986553,0.8139341780277438,0.8815854397321585,0.8994853844632861,0.9510793428059524,0.9000118534259658,0.1005687335959916,-0.38404594655118646,-1.9318646968311484,-1.4348779960609834,-1.12057602534087,-1.2061272317764122,-0.8707665025490866,-0.7415183722110807,-0.7846888271508646,-0.8702400335864069,1
2016-08-10,0.9012985608558444,1.0345804530496965,1.1889068545373174,0.9951894484741871,0.9325955233952908,1.0019344835042405,1.0202809787859841,1.073162053421603,1.020820581588388,0.2014337261375097,-0.29527065347561643,-1.8817028925441575,-1.3723178470745305,-1.0501749740391852,-1.1378604294298784,-0.7941334442983606,-0.6616609563081112,-0.7059083861052636,-0.7935938414959569,-0.6775792389790378,0
2016-08-11,1.1281844187728918,1.2839801473980095,1.0884183761517976,1.0252285002059447,1.095227630025273,1.1137488005611247,1.1671333509291728,1.1142935408710024,0.2871053803212117,-0.2143280749215153,-1.815864585962926,-1.3016297334380647,-0.9764197684408815,-1.0649400687960617,-0.7179404914037555,-0.5842067453286965,-0.6288754507386979,-0.7173957510938779,-0.6002765844700994,-0.6814428906419265,0
2016-08-12,1.4093922383862139,1.209169918455604,1.1444741270574106,1.2161414477010988,1.2351040072488433,1.2897607965335238,1.2356617295884824,0.38876035684577104,-0.1246230567924669,-1.7643267353328482,-1.2378368467130791,-0.904876609948248,-0.9955064901396808,-0.6402373597892643,-0.5033165254077437,-0.5490497572581925,-0.6396796374496252,-0.5197693344271124,-0.6028699630334112,-0.6463723055253006,0
2016-08-13,1.3750649057939475,1.3073988383762294,1.3823565078863738,1.4021896655777721,1.4593558259823958,1.4027729937451656,0.516989171557211,-0.01996440652906545,-1.7349492186677447,-1.1842874286477059,-0.8360405127134245,-0.9308313399149672,-0.5592512972849195,-0.41604423218966335,-0.4638771419159832,-0.5586679691175259,-0.4332524131277905,-0.5201683100695133,-0.5656679071262555,-0.6231257316145727,0
2016-08-14,1.4686537578863788,1.5456721462343304,1.5660505524898176,1.6247883116968156,1.5666499173796844,0.6565143321161654,0.10479895099330226,-1.6573338252166043,-1.0915333691818585,-0.7337125299310728,-0.8311093245345117,-0.4493138896890313,-0.30216980922660286,-0.35131773019572576,-0.44871452479916457,-0.31985107347768965,-0.40915644206792023,-0.4559069034775726,-0.5149443451295006,-0.9680642018691914,1
2016-08-15,1.7315369596669503,1.752636614397318,1.813453266267207,1.7532571924776224,0.8109093775345123,0.2396672546137806,-1.584832301482855,-0.9990065936749553,-0.6285214797328849,-0.7293654177824439,-0.3340571806281723,-0.18170526191329756,-0.2325926644983089,-0.3334366025478679,-0.2000123152822954,-0.29247844924773775,-0.34088353951152794,-0.4020104804215656,-0.8711675091321295,-0.9713908691013842,1
2016-08-16,2.0217656830501576,2.0874493160784175,2.022435924203507,1.0046747328421766,0.3877177511838938,-1.5827912396638557,-0.9500835909018569,-0.5499496223521625,-0.6588638097714685,-0.2319201950877888,-0.06737599194046534,-0.12233576651513386,-0.23124995393443984,-0.08714810596427888,-0.1870140378133662,-0.23929284777463503,-0.3053116013795653,-0.8120139133118442,-0.9202578595778013,-0.5784348713695164,0
2016-08-17,2.4828499026732893,2.4102869498081745,1.2743401052136007,0.5857401246740529,-1.61359061164998,-0.9074109466534194,-0.4608121542774187,-0.582373802118458,-0.10585214258158347,0.0777994546182667,0.01645757693847696,-0.10510407090256237,0.05573134008712299,-0.05573134008712299,-0.11408093105082408,-0.18776599143446623,-0.7533081807749324,-0.8741217569369507,-0.4926052006358409,-0.6504483249094376,1
2016-08-18,3.0957851766625732,1.7247162387311215,0.8935875213350734,-1.760968077952687,-0.9086209739636915,-0.3695836634960771,-0.516306549511132,0.05884716366788367,0.28051158530909337,0.2064729597507227,0.059750073735667805,0.2538757383094358,0.11934213820947698,0.048915152922247955,-0.04002148875456604,-0.7226214999999909,-0.8684414759472616,-0.40795734137693346,-0.5984713656795598,-0.5488113119513863,1
2016-08-19,2.6908828964446614,1.5162595073458893,-2.2353893399657827,-1.0307782815092452,-0.2689638727184088,-0.47632541614975143,0.33653183410111204,0.6498072735620071,0.545169448568954,0.33780790513761144,0.6121631779852382,0.42202859354665223,0.32249505269960405,0.19680205560430342,-0.7679076479901276,-0.9739931203849707,-0.32319689176967725,-0.5924478804712991,-0.5222639734637664,-0.4386813205729826,1
2016-08-20,2.1009907180196254,-2.6663411445058696,-1.135606015858227,-0.16754577030458462,-0.43104625590335793,0.6018756476438342,0.9999640735792183,0.8669976746924446,0.6034971890936713,0.9521286008089769,0.7105189247830233,0.5840386916956073,0.4243168588865117,-0.8015684771914741,-1.0634474213404101,-0.23646128192271798,-0.5786065278386658,-0.48942174809754074,-0.3832107831331165,0.10892704689290417,1
2016-08-21,-2.9244975731363314,-1.1793290543755153,-0.07565786189648724,-0.37607087492469987,0.8015481361458944,1.2554028727516016,1.1038098446388944,0.8033968316106818,1.2008663565403233,0.9254107322867604,0.7812124860332129,0.5991159827515044,-0.7984977886289806,-1.097062106192406,-0.15422741915001137,-0.544302162220493,-0.4426239116570959,-0.3215343587134214,0.23954471485004494,0.20349515328665016,1
2016-08-22,-1.811511570849263,-0.3423692270937772,-0.7422614060892004,0.8253159355728596,1.4294607352244166,1.2276689895159447,0.8277768105205215,1.3568649242683206,0.9901945570663611,0.7982463111485507,0.5558501288036433,-1.3045713316304492,-1.7020026356782105,-0.4469564123694921,-0.9662010263266295,-0.8308529042050989,-0.6696655951331043,0.07720995148296919,0.0292228900035061,0.6985808757681596,0
2016-08-23,-0.49128730628873013,-0.9304796444645882,0.7911543211847768,1.4546725920904688,1.2330493814417147,0.7938570432658565,1.3749422906985396,0.9722367006172887,0.7614243782928688,0.4952062533062835,-1.5480516399918631,-1.9845412560866416,-0.6061529947347115,-1.17642735384306,-1.0277776393835358,-0.8507493430726589,-0.030473191464203322,-0.08317627204531981,0.651964134009047,0.20060954646831464,0
2016-08-24,-0.9477383534168708,0.7820878102695062,1.4487633568707814,1.226085577557922,0.7848033929440507,1.3686536679716437,0.9640318494641529,0.7522164008494866,0.48473150740662857,-1.5682489945508291,-2.006815596490156,-0.6218684324712305,-1.1948563768006302,-1.0454993297005475,-0.867628664517733,-0.04344932279274177,-0.09640318494641992,0.6422353025303446,0.18873299588100775,-0.2498336060583192,0
2016-08-25,0.7747508735858797,1.4511425502051531,1.2252194647355692,0.7775060331647744,1.3698653426276814,0.9593465653719964,0.7444441182180067,0.47306089969664467,-1.6098397419496377,-2.0547980139415376,-0.6496666287039604,-1.231005299851273,-1.079471523011924,-0.8990085705941651,-0.0628176383988585,-0.11654325018736764,0.6328601552726778,0.1727485055968413,-0.2722097663950587,-0.6055840754416141,0
2016-08-26,1.5280574187424374,1.298998950963292,0.8450721093278181,1.445652238260916,1.0294362419305405,0.8115513579455048,0.5364018570157066,-1.5754054800699446,-2.026538925756895,-0.6019069920086324,-1.1913135371476207,-1.0376767599786878,-0.854709325350243,-0.006913654972597132,-0.06138487596886797,0.6984188220302098,0.23192169862636447,-0.21921174706058594,-0.5572126568322253,-0.2932367396965209,0
2016-08-27,1.462318881099258,1.0069860558467945,1.609426409257756,1.1919212341031868,0.9733614779819959,0.6973597346751301,-1.4209886708071011,-1.8735194479041677,-0.44447488865027546,-1.035707049439632,-0.8815944008926412,-0.6980602467139635,0.15236136844987555,0.09772142941956591,0.8598785276883126,0.3919364857365456,-0.060594291360520795,-0.39964211816388795,-0.13484856747861104,-1.4938419228474928,1
2016-08-28,1.1732798142906644,1.8004291960359506,1.3658000896171285,1.138276127867671,0.8509542018122895,-1.3542780428362176,-1.825369322612323,-0.33771264963514946,-0.953194135906099,-0.7927605731340484,-0.6016987847418906,0.2836027843729601,0.22672179393558325,1.0201386861900803,0.533004050136768,0.061912770360662485,-0.2910410677378359,-0.015387037156774568,-1.4301193634193647,-0.8525585374400052,1
2016-08-29,1.9444135722993114,1.4996862374730022,1.2668759548122421,0.9728783542727167,-1.2835905392084106,-1.7656272142047122,-0.24340613526902474,-0.8731877973384967,-0.7090267005905277,-0.5135257580997769,0.39234502122764053,0.3341424505624378,1.1459936926614755,0.6475409079903754,0.16550423299407388,-0.19565017985144426,0.08640843183369454,-1.3611939667619917,-0.7702140184693271,-0.7403665463333265,1
2016-08-30,1.7964349053645352,1.536444326241353,1.2081228897845406,-1.3117858001785163,-1.8500996274656007,-0.15016122550638866,-0.8534690741601033,-0.6701423837527344,-0.4518169615403358,0.5598130482530423,0.4948154034722325,1.401449217850484,0.8448027215226608,0.3064888942355763,-0.09682982466062032,0.21815876158475941,-1.398449326552904,-0.7384732410864023,-0.7051411155577828,-0.1401615878478142,0
2016-08-31,1.8035670894133562,1.4447298257518728,-1.3093917105739479,-1.8977391022626018,-0.039799970614222975,-0.8084767486099264,-0.6081107638243136,-0.3694930910341897,0.7361628431918595,0.6651239940405801,1.6560248642530544,1.047640874085837,0.459293482397183,0.018488315868851565,0.36275350790957656,-1.4041101761089594,-0.6827926308807827,-0.6463624518288456,-0.028870916898654262,-0.39863723427572695,1
2016-09-01,1.7021518235059672,-1.2579419796351046,-1.8902900605971225,0.10659861612503727,-0.7195651305188383,-0.5042143908723274,-0.24775123729331677,0.9405932987560515,0.8642416728813613,1.9292489671331858,1.2753658122065146,0.6430177312444966,0.1692461040221903,0.5392578294148215,-1.359744147467995,-0.5844814847405868,-0.5453268048048494,0.11834502010574512,-0.2790749812418933,-0.8996766582232034,1
2016-09-02,-1.2584831556207383,-1.9447739867291305,0.22246021677105263,-0.67417981644177,-0.44045848077017785,-0.1621176173794809,1.1275992076446526,1.0447343704519776,2.2005926123187485,1.4909296476431946,0.8046388165348025,0.29045187805731904,0.6920276275294072,-1.3689696052109395,-0.5275727967932414,-0.4850780084893068,0.23520865326221851,-0.19611344802261413,-0.8696558426398403,-0.1812402721162539,1
2016-09-03,-1.621117025891238,-0.05229409760938236,-0.7013561326436416,-0.5321693462603014,-0.3306832642946999,0.6029201842024472,0.542935778121067,1.3796413398713947,0.865928733943804,0.3691348066545491,-0.003076123388785141,0.28761753685167296,-1.2043023067104668,-0.5952298757304668,-0.5644686418425804,-0.04306572744302694,-0.3552922514049985,-0.8428578085278979,-0.3445258195442505,3.142260041646889,1
2016-09-04,-0.2693554696489269,-0.7411048292333202,-0.6181369866876235,-0.47169346511048477,0.20686544784621483,0.16326775821636663,0.7713996340787147,0.39802454853087615,0.03694624723760861,-0.23358300636291393,-0.022301895079859153,-1.1066546884373363,-0.6639704552728459,-0.6416126657190783,-0.26264813278280424,-0.4895796967534913,-0.8439506611806362,-0.4817544704096815,2.052500975509314,3.2173418112603396,1
2016-09-05,-0.7595560058863833,-0.656240610007188,-0.5332013658237905,0.03691177325503422,0.00028176926149272327,0.5112233634276891,0.19752025230359074,-0.10585131923258702,-0.333145190166808,-0.15563055542892296,-1.0666845009090737,-0.6947490757439859,-0.6759644583114011,-0.3575651928291618,-0.548229059769852,-0.8459652460762607,-0.5416544436684547,1.5875819423145587,2.566260510552002,2.374657412739684,1
2016-09-06,-0.7247054079081406,-0.6174083820989587,-0.12023819380753374,-0.15218158317058217,0.2933877453805474,0.019821282630405498,-0.24473550619682652,-0.44294833250081633,-0.28814575327993025,-1.0826351810273351,-0.7582869198026255,-0.7419056944882422,-0.46424392540950904,-0.6305133623504597,-0.8901557835833824,-0.6247799334904321,1.2320319558945014,2.0854937947736754,1.9184052965670062,2.2337438838688155,1
2016-09-07,-0.6921860181407723,-0.2521850620077131,-0.2804553046587734,0.11387833642258516,-0.12823092115310175,-0.3623665205451574,-0.5377870005850217,-0.4007850554299197,-1.1039167316227714,-0.8168650370120849,-0.8023674766782083,-0.5566338290190563,-0.7037840664078687,-0.9335703976997662,-0.6987099202910176,0.9445885435535296,1.6999114369483272,1.552036321542822,1.8311143579698852,2.1283143448142816,1
2016-09-08,-0.37013340107747594,-0.39413806166120463,-0.05930382172414928,-0.2648821969796206,-0.46369002694224637,-0.6126420233848294,-0.496311745171406,-1.093350739176807,-0.8496111086343989,-0.8373010262837691,-0.6286451304406439,-0.7535924662995054,-0.9487072715569463,-0.7492839374767899,0.6460638969667749,1.2874191874344345,1.1618563474580421,1.3988254327076115,1.6511821208954576,2.376245971347388,0
2016-09-09,-0.47324867453613084,-0.16899141642863894,-0.35579642416375334,-0.5364491711650758,-0.6717989073084786,-0.5660918819733407,-1.1086094194076461,-0.8871280329911696,-0.8759421043842741,-0.6863406144974389,-0.7998777898574011,-0.9771747582766588,-0.7959627148449921,0.47196229274633045,1.0547491731654521,0.9406527013751458,1.1559818270578368,1.3852933634991376,2.0441445584451383,1.850627993545888,0
2016-09-10,-0.2672936534569605,-0.44127023000305104,-0.6095170390581021,-0.7355719238609547,-0.6371241006058332,-1.1423854157247106,-0.9361137860473159,-0.9256960269726974,-0.7491150106579552,-0.8548552652653072,-1.019976746597976,-0.8512090495891949,0.3296439415185439,0.8724091893060406,0.7661480467449583,0.9666899089313195,1.1802539699609447,1.7938599794558376,1.6136327474649772,1.6474904644574784,0
2016-09-11,-0.48756292650806105,-0.6538594684955014,-0.7784531624922806,-0.6811465171807455,-1.1805509931182536,-0.9766704029417065,-0.9663734034378378,-0.7918392618473061,-0.8963538068115469,-1.05956124894783,-0.8927498569851969,0.2744150367780427,0.8108887109294706,0.705859315990037,0.9040765564394629,1.1151650462687157,1.7216583170464406,1.543520225629553,1.576985474017117,0.7125523656675499,1
2016-09-12,-0.7123501779683888,-0.8360016810837975,-0.7394308790639113,-1.2350588047744384,-1.0327199814946793,-1.0225008490058,-0.8492865533193369,-0.9530107480814363,-1.1149839980301393,-0.9494340517103326,0.20890461590386986,0.7413214185743552,0.6370862671878125,0.8338045675986944,1.0432967836206666,1.6452036872155216,1.468412695157949,1.5016248757467978,0.6437287033055823,0.7213941102210459,1
2016-09-13,-0.9107205613847842,-0.8140991652739069,-1.3099867537794676,-1.10754192383287,-1.0973174374719283,-0.924012393654005,-1.0277909302175392,-1.1898490390384335,-1.0242123599912136,0.13473316902127877,0.6674289084262229,0.5631391475446422,0.7599605099927281,0.9695624803919826,1.5717847270513217,1.394901113007067,1.428130693680119,0.5697850636792526,0.6474911600223917,0.698613591827089,0
2016-09-14,-0.9067808692348744,-1.4073798522790761,-1.2030116076548478,-1.1926899791384702,-1.0177383757859084,-1.122502905227117,-1.2861007172116703,-1.1188903352463888,0.051066257084762326,0.5888231027879166,0.4835424919208898,0.6822338408611167,0.893827225446807,1.5017711450613205,1.3232069717280248,1.3567522644062435,0.49025155045653357,0.5686959271809854,0.6203040697628622,0.6946197950807618,0
2016-09-15,-1.5033771371181035,-1.2955514908502972,-1.2850552460892941,-1.107143897390336,-1.21368078171449,-1.3800462611763522,-1.210007096048143,-0.020257752388729303,0.5265965996593961,0.4195349030971926,0.621587614746454,0.8367606323469601,1.4549894487698958,1.2734044144045846,1.3075172098778352,0.42635746219184273,0.5061289223754458,0.5586101461804485,0.6341831084596491,0.44944920066604077,1
2016-09-16,-1.4785696432001538,-1.467426185814613,-1.2785445831297382,-1.3916506755929512,-1.5682744751537383,-1.3877504655080164,-0.12463957085723842,0.4559345589293082,0.3422712935968189,0.5567828482684337,0.7852237246719651,1.4415733646801798,1.248791551910364,1.2850077884133624,0.34951454089741857,0.4342048170275091,0.48992210395520097,0.5701549971310739,0.3740301471455997,0.36344386262934153,1
2016-09-17,-1.6525301546069542,-1.452029905000914,-1.5720934762989252,-1.7595819102963188,-1.5679533531507217,-0.22714489929556986,0.3891420036232913,0.26848698616125105,0.4961937593126559,0.7386866865647945,1.4354102677916916,1.230769895037441,1.2692138956993648,0.27617578629363587,0.36607560322613697,0.4252202196290989,0.5103884672493606,0.3021994175109356,0.29096194039437634,0.23240877015544348,1
2016-09-18,-1.6769062882154417,-1.8061513008424817,-2.0079772565211673,-1.8016945762691394,-0.3583524894439942,0.30506279704554734,0.17518110947945845,0.4203009610135045,0.68133768602378,1.431340764224057,1.2110512353129395,1.2524351063511532,0.18345788368710123,0.280232474422619,0.34389996832756564,0.43558115955068505,0.211471581005274,0.19937475716333788,0.13634393819744015,0.38401048948768174,0
2016-09-19,-2.062441620047086,-2.2807003393109624,-2.0576220268772256,-0.4967623531510463,0.2206685158488069,0.08021180061275314,0.34528942495531184,0.6275798820473795,1.4386485612046123,1.2004229559512987,1.2451763211000404,0.08916247364250152,0.19381649675956178,0.2626678277576286,0.3618137443948407,0.11945705928164684,0.10637530639201821,0.03821248870393146,0.30604416628641035,0.26197931444764855,0
2016-09-20,-2.716479859104182,-2.463326157505034,-0.6920315848961773,0.12212322086404122,-0.03726985051319705,0.2635455047820882,0.5838943247069284,1.5043111780519842,1.2339680275788176,1.2847550356156818,-0.027112448905824194,0.09165101604192266,0.1697848745601781,0.2822976308264613,0.007266448842203583,-0.007578984276260332,-0.08493150420933393,0.21900920542667868,0.16900353597499626,0.09712038613819557,0
2016-09-21,-3.171815335429697,-0.9775476885571027,0.03102173713377803,-0.16643331357729377,0.2062146987941006,0.6030606340467431,1.7432667602116865,1.4083675075350552,1.471282107026327,-0.1538503936790394,-0.006727022560985048,0.09006466896405187,0.22944470476009932,-0.11126204940802889,-0.12965247079778017,-0.2254762454075676,0.1510434346248247,0.08909675204880238,4.839584576137405e-05,-1.0801468815736477,1
2016-09-22,-1.4477584052189978,-0.09326748873127702,-0.3584461326501745,0.14201356298109,0.6749706414455385,2.2062473205458772,1.7564835421344012,1.840976737500715,-0.3415474935769117,-0.14396340595106538,-0.013973874618270165,0.17321105050094726,-0.28435209979048953,-0.3090501107437129,-0.4377397467631814,0.06791953012139022,-0.015273769931596935,-0.134864138757778,-1.5855473084317684,-1.6960384100646473,1
2016-09-23,-0.12791346776104995,-0.40288024777427384,0.11605215568206789,0.668681468453741,2.2564798353928874,1.7901146104684849,1.877726574688383,-0.3853578549302942,-0.1804806462929889,-0.045693009031602234,0.1484011886247866,-0.326051294535292,-0.3516609456149475,-0.48510070650372156,0.03922320244307075,-0.047040885404214874,-0.17104551168470042,-1.6752755435217712,-1.789845035193953,-0.9083338875044739,1
2016-09-24,-0.355164609657446,0.15334552317306757,0.6948757944990539,2.2507847204064455,1.793786003628891,1.879638363717156,-0.337994137639793,-0.1372316955872302,-0.005151141605279384,0.18504485612872196,-0.27987869388774245,-0.3049739991443053,-0.4357337475864378,0.07805960740334902,-0.00647194714509769,-0.12798605680850203,-1.6020050392470688,-1.71427351013173,-0.8504666870897615,-0.8782036034259759,1
2016-09-25,0.18637227246393967,0.7137196272617584,2.22887861251017,1.7838488935832157,1.8674527425145762,-0.2920989860355587,-0.09659460084221907,0.03202670520603224,0.21724138591550654,-0.23550561137433576,-0.2599436595234959,-0.38727875251126587,0.11305812801642999,0.0307404921455509,-0.08759110941884968,-1.5230048849173303,-1.6323329950583467,-0.7911496535027732,-0.8181601277729107,-1.0496784786597573,1
2016-09-26,0.7296018815886498,2.245691168079073,1.800388202777131,1.8840433841199775,-0.276834300105317,-0.08120987604204034,0.047490402946959026,0.2328188046911105,-0.22020617735016493,-0.2446592303580672,-0.3720725065571777,0.12857157871002803,0.0462034001570702,-0.07220085651281857,-1.5084959700300473,-1.6178912071706997,-0.776191382582634,-0.8032184411703285,-1.0348789433505214,-0.10694993183984607,0
2016-09-27,2.3270279254813255,1.8764043563101827,1.961059073061983,-0.2256373796499788,-0.02767558047653333,0.10256244529547183,0.29010520240715154,-0.16833264831030423,-0.1930778732069775,-0.3220135187212638,0.1846124015318345,0.10126006503775296,-0.01855891867250126,-1.4720152862880747,-1.582717608194282,-0.7309609196453583,-0.7583109050574841,-0.9927393514470875,-0.053723185630940286,-0.2972682938245905,1
2016-09-28,2.3750201290610096,2.474701350981949,-0.1001412890990074,0.13295941446996312,0.28631514050218243,0.5071473859885691,-0.03266476964483997,-0.061802357590952574,-0.21362452636285106,0.38292924790247984,0.2847815832418616,0.14369431529220872,-1.5677555872273536,-1.6981079543547435,-0.6951615061040175,-0.7273662085707892,-1.0034065154287768,0.1022882692635123,-0.18448693841673847,-0.40531918390312516,1
2016-09-29,3.106415281641114,0.03756102146907644,0.3153846352547496,0.4981633285347999,0.7613646468580615,0.11798364651228777,0.08325569478908901,-0.09769521155816245,0.6133139053012308,0.49633554160200105,0.32817914378434143,-1.711631073221014,-1.8669929625090609,-0.6716203084575179,-0.7100038340463352,-1.0390054819504173,0.27882889659873117,-0.06296725983496369,-0.3261685781582253,-0.15070103260937037,1
2016-09-30,0.22696317768716961,0.612635654025294,0.8663675463530105,1.231741471304907,0.3386052103113498,0.2903961507690987,0.03920157736465712,1.0262186385194707,0.8638302274297356,0.630396886488218,-2.2012510318890897,-2.4169231403676545,-0.7575165645443691,-0.8108002619331988,-1.2675176681230769,0.5618892755597392,0.08741063690690824,-0.27796328804498843,-0.034380671410371426,0.9906961735935939,1
2016-10-01,0.4745865313152152,0.7059228858437103,1.0390472363647296,0.22474326842443107,0.18078936106403068,-0.04823362991918154,0.8516647891966612,0.7036095222984274,0.49078007613219515,-2.0909336404058028,-2.287569541755029,-0.7746297831386529,-0.8232104175896453,-1.239615855740926,0.4283192604095057,-0.0042797225587811565,-0.3374040730798004,-0.11532117273243671,0.819277699562675,1.8024572063087791,0
2016-10-02,0.6599574482119622,0.9855274123863902,0.1896897221822044,0.1467325741314234,-0.07709677623850704,0.8023943075382792,0.6576965456829751,0.44969351301595445,-2.0734737093359583,-2.2656504243000435,-0.7870201703411052,-0.8344991234498861,-1.2414615786679275,0.38864914473325085,-0.03413962818772607,-0.359709592362154,-0.1426629495791849,0.7707416721324338,1.7316252469528335,1.033006365495171,1
2016-10-03,0.9240157431684801,0.15226691983166685,0.11061002311747661,-0.10644433344600525,0.7464258150710995,0.6061078471916812,0.40440076836499705,-2.0423937965324055,-2.2287535976222665,-0.7948793633544131,-0.8409211965648562,-1.2355654812257186,0.34520412566587017,-0.064787436731815,-0.3805028644605,-0.17002591264136005,0.7157312595974791,1.6475302650467614,0.9700575763789232,1.2419236391453041,0
2016-10-04,0.1582583657201308,0.11640855432581261,-0.10165098925517842,0.7551688335024421,0.6142010477531189,0.4115598557384464,-2.0465659082654226,-2.2337887487137515,-0.7932741880878073,-0.839529242786813,-1.236001140206783,0.35208907112545335,-0.05980117786086021,-0.3769786957968312,-0.16552701717283386,0.72433213036978,1.6604463326113994,0.9798362420404267,1.2529613269297484,0.8278553480294474,1
2016-10-05,0.05520059487497254,-0.15418097189219288,0.6685405379302951,0.5331827573939499,0.3386059478729341,-2.0216953502296295,-2.2014674025044716,-0.8182800826486479,-0.8626943543871448,-1.2433881121456143,0.28150188420916605,-0.11399663079547703,-0.4185516370022478,-0.21551496619771793,0.6389310234379718,1.5377912848121587,0.8842670006600961,1.1465227004492724,0.7383343935193583,1.2268913826427281,1
2016-10-06,-0.20945514879684254,0.5804435703691916,0.45048594048069474,0.26367184751596173,-2.0024643236647446,-2.175064300860413,-0.8470597704372912,-0.8897021177444625,-1.2552079518058585,0.20884597240675462,-0.17087397742370622,-0.46327864467281843,-0.2683421998400616,0.5520153388310851,1.415015224809403,0.7875635430039842,1.0393564509129543,0.6474529732804576,1.11651879365925,1.2200787799766462,1
2016-10-07,0.42739158046576586,0.3085427377553188,0.13769752635903398,-1.9347291684044252,-2.0925752876292454,-0.8780886761818241,-0.9170859526961971,-1.251348322819328,0.08755817084056643,-0.2597032914540294,-0.52711318755253,-0.3488399234868489,0.40139339612285757,1.190623992246937,0.6168069235355416,0.8470765562870394,0.4886730149883491,0.917643056646368,1.0123507281812558,1.773726126795078,1
2016-10-08,0.20223269972649746,0.04712300089498339,-1.83442508493062,-1.977732958851033,-0.8751053171575182,-0.9105107918908019,-1.213986289604602,0.0016016762379152786,-0.31367564638698586,-0.5564560445580222,-0.3946024457773185,0.28653144909144407,1.0030708186934905,0.4821045476181149,0.6911654460431841,0.36577227349449853,0.7552324955605427,0.8412172199127868,1.5324669647053528,1.867975987177842,1
2016-10-09,-0.015498469292793205,-1.8078603066728847,-1.9443753211686843,-0.8940127390480775,-0.9277399779235153,-1.2168305968557815,-0.05886206213263133,-0.359195094023383,-0.5904675891691924,-0.4362859257386406,0.212561907864901,0.8951369803438805,0.3988647511768056,0.5980160664412623,0.28804668058611016,0.6590463082158525,0.7409553169133286,1.3994395044812888,1.7190452443008595,1.3400153217007653,1
2016-10-10,-1.7758061041283215,-1.9038274084418867,-0.9188164317234114,-0.9504452245538263,-1.2215491631001856,-0.13562727592280832,-0.41727414541264496,-0.634157296249729,-0.4895685290249949,0.11890919971239923,0.7590157212802082,0.2936206267756082,0.4803811177742174,0.18969745033284338,0.5376141714673384,0.6144269540554741,1.2319414807444227,1.531661946137351,1.1762145600432246,1.5135883502342593,1
2016-10-11,-1.6195155861382724,-0.9056253874159035,-0.928548467191396,-1.125032008124151,-0.3380062691657161,-0.5421308366903058,-0.6993176694365072,-0.5945264476056981,-0.15353005573439682,0.31038941591239705,-0.026907329355510667,0.1084479988426137,-0.10222602004639546,0.1499278574839736,0.20559819408158786,0.6531440373173208,0.8703675075707619,0.6127557539033642,0.8572686048419107,3.267466706950435,0
2016-10-12,-1.027431629197411,-1.0483975841222475,-1.2281057691922392,-0.5082746501063179,-0.6949714868179254,-0.8387380348739164,-0.7428936695032482,-0.339548631901705,0.08476236062467479,-0.22373669041215508,-0.09993771847504573,-0.2926248280223144,-0.06199932384915811,-0.011082004745993447,0.39825330569122225,0.5969306880741633,0.36131328987127814,0.5849501424028298,2.78937054592812,2.302161688627242,1
2016-10-13,-1.1129364951661163,-1.2771604318221774,-0.6193523299942779,-0.7899627530758575,-0.9213419024007045,-0.8337558028507995,-0.4651643005783004,-0.07741333902925691,-0.3593310969555055,-0.2461990517035485,-0.4222836060069919,-0.2115295539650462,-0.1649994385791618,0.2090661949152116,0.39062488044052923,0.1753090523803533,0.37967661799679114,2.3941569076445313,1.9489275682658653,2.0036688804845455,1
2016-10-14,-1.3341723049830319,-0.7286465389671911,-0.8856969110129106,-1.0066340959037268,-0.9260093059765095,-0.5867133150328202,-0.22978065129254965,-0.48929169387077254,-0.385151340214787,-0.5472407616309527,-0.35323736086859847,-0.31040544121976676,0.03392959909437849,0.20105806988100003,0.0028554613099310245,0.1909799711400979,2.0453501394660245,1.63550745733602,1.6858979510405212,1.9874010717058348,0
2016-10-15,-0.8638357328410035,-1.01670530986501,-1.1344230590171813,-1.0559445595823944,-0.7256808744610146,-0.37825001758827287,-0.6308526876439865,-0.5294846258740564,-0.6872591091127327,-0.4984202198477881,-0.45672851702305983,-0.12155992568700125,0.04111946376635387,-0.15180684734415795,0.031309651337005494,1.8363151383370413,1.4373827662102228,1.4864318283569555,1.779908716868286,1.6384839210118507,1
2016-10-16,-1.089965589665916,-1.2011511136356576,-1.1270274309891575,-0.8150902665184834,-0.4869385464688853,-0.7255241499873014,-0.6297810599022415,-0.7788005468894669,-0.6004404355213366,-0.5610622291153855,-0.2444923344793009,-0.09084011732666485,-0.2730608371659722,-0.10010557765747738,1.6047391232119672,1.2279437364256056,1.2742710380796594,1.551462726309793,1.4178856732072493,1.6479779380890867,0
2016-10-17,-1.3085858242601165,-1.2355803097292573,-0.9283487694119056,-0.6051472727909263,-0.8401337726871231,-0.745834983084766,-0.8926064862561717,-0.7169369669163024,-0.6781527873217855,-0.3663584023462509,-0.21502405451666223,-0.39449594440501884,-0.22414974383301964,1.4549770903766828,1.0838657248448293,1.1294941714266078,1.4025043768076255,1.2709423558301431,1.4975636405196784,1.3120079577537558,0
2016-10-18,-1.3809495038677135,-1.0694281461355348,-0.7417138465410372,-0.9799814196579804,-0.8843659534233497,-1.0331868000627296,-0.8550644395772538,-0.8157387236259148,-0.499590811075927,-0.34614340961873796,-0.5281212324523895,-0.3553965192543477,1.3471756536977753,0.9708825285163288,1.0171480766943686,1.2939702732930174,1.1605712760463145,1.3903568319972814,1.2022102694065626,1.1073658956415653,0
2016-10-19,-1.2216035174305284,-0.878013632974039,-1.1278236901435834,-1.0275762885609834,-1.1836065184435733,-0.9968553106566388,-0.9556245245218608,-0.6241613418697161,-0.46328043126538265,-0.654073872987105,-0.47298179270886037,1.3120687128909754,0.9175466808562303,0.9660534880736096,1.2562858845909763,1.1164245904475096,1.357341732960532,1.160080716943164,1.0606417621475197,0.45915735265191954,1
2016-10-20,-0.999063801967449,-1.2581144982903048,-1.1541588790539488,-1.3159607702847234,-1.1223015118686144,-1.0795455716988238,-0.7358213468044216,-0.5689893449654313,-0.7668403622217215,-0.5790495661818532,1.2720311376397018,0.8629154748385621,0.9132165809206619,1.2141848656452738,1.069150009775196,1.3189788366496642,1.114421005249099,1.0113037377807774,0.3875700223626413,0.41607398247583816,1
2016-10-21,-1.3641748913610576,-1.258116590769332,-1.423191203787093,-1.225614853491223,-1.1819941008284982,-0.831317461775212,-0.6611109955030074,-0.8629638901775819,-0.6713747020118844,1.2171472956214153,0.7997565642604335,0.8510750968048088,1.1581309831953701,1.0101625476923974,1.2650445926628346,1.0563492269823487,0.9511462352663619,0.31479643171600746,0.34387693349116055,0.5123727820118873,1
2016-10-22,-1.3259241313784114,-1.4761947543303635,-1.2963371693464203,-1.2566283518824326,-0.9374006036425241,-0.7824583551065687,-0.966208961410516,-0.7918016062745663,0.9273566086369345,0.5473977278050458,0.5941139836450251,0.8736329144209459,0.7389343767489839,0.9709584474209174,0.7809790070049776,0.6852106825330041,0.10592911011716918,0.13240165509316393,0.2857866951011212,2.1902527248445587,0
2016-10-23,-1.5618538857953335,-1.391722912924413,-1.3541615293035603,-1.0521974649006192,-0.9056344190074845,-1.0794478804686898,-0.9144723916241563,0.7117145698433837,0.35230368343208057,0.39649354651543084,0.6608962272975192,0.5334821220738385,0.7529584420545129,0.5732529988488655,0.48266377952798234,-0.0652905227056483,-0.040249600291743654,0.10484045016528046,1.9063138685301277,1.8901109187329033,1
2016-10-24,-1.561672102270591,-1.5238798522927512,-1.2200598034512868,-1.0725959260867715,-1.2474777102979557,-1.0814882201992049,0.5546938964884804,0.19307393591620317,0.23753540647836172,0.5035632053419863,0.37536596522107507,0.596191269013164,0.41538128872702956,0.3242352740745894,-0.22708696089626407,-0.2018921275777014,-0.05591029923192337,1.7566356506856753,1.7403331114795544,1.4950539988782716,1
2016-10-25,-1.6838666818914783,-1.3813115886226346,-1.2344616774994643,-1.4086153409420183,-1.2433169485219675,0.38605291961853067,0.025938564703421582,0.07021491981592833,0.33513511123913614,0.20747162066472102,0.4273775177235392,0.24732034026598884,0.15655381228533494,-0.3924729911098359,-0.36738305654607595,-0.22200902392665475,1.582990386160138,1.5667557226188893,1.3224978302481858,1.6051285637163997,1
2016-10-26,-1.4276233159761946,-1.2983854950371463,-1.451652458562852,-1.3061787304706571,0.1277765892952628,-0.18914831833416063,-0.15018214116661444,0.08296548555257435,-0.029386991947202037,0.1641450213183079,0.005682567503599871,-0.07419809568988311,-0.5573786925675327,-0.5352978588392511,-0.40735891047245326,1.1811622453914157,1.166874647096652,0.9519112363889859,1.2006453339751961,2.545627882541864,1
2016-10-27,-1.3138594463417164,-1.4455131612434862,-1.3205537030316372,-0.08881047208627085,-0.36104357747636917,-0.32757229402677196,-0.12730244805331653,-0.22381131533300413,-0.057570607533311766,-0.19368716022835775,-0.26230329130004343,-0.6773472060751148,-0.6583801454536717,-0.5484827647941427,0.816029890501306,0.8037570865697901,0.6191071728728141,0.832765532226111,1.9880826659615456,2.546495244845743,1
2016-10-28,-1.487740907932629,-1.3745393849947194,-0.25869580174961343,-0.5053134052929151,-0.4749915687916941,-0.2935659137260257,-0.3809938756378939,-0.2303954210151389,-0.3537042227867869,-0.4158639876143004,-0.7918547602295012,-0.7746723862121384,-0.6751156896997794,0.561004511666849,0.5498865049497372,0.38261104025130604,0.5761654299174652,1.6227741531514333,2.128643458780214,2.1963622269662864,1
2016-10-29,-1.35886447718886,-0.4237465062571222,-0.630421130267397,-0.605010315839908,-0.45296894284874123,-0.5262367911146797,-0.40002974612479786,-0.5033670581299329,-0.555459227706294,-0.8705533266072073,-0.8561538650982934,-0.7727216910613575,0.26319251043276365,0.25387521180935324,0.11369221888434865,0.27589791764651295,1.1529945289688037,1.576931616334142,1.6336824352222108,2.685266638946624,0
2016-10-30,-0.5692313328539896,-0.7655596178442707,-0.7414208942798955,-0.5969908649530274,-0.6665908512303206,-0.5467018575272382,-0.6448660000223765,-0.6943503833293538,-0.9936705555276539,-0.979991945507838,-0.9007364698047929,0.08331882750304875,0.07446796219611332,-0.0586973294673791,0.09538818928524093,0.9285764643157147,1.331290835781435,1.3852006517418824,2.3841414952477624,1.8764236762769937,1
2016-10-31,-0.8303468353972403,-0.8077256902265959,-0.6723758382888855,-0.7376001401975874,-0.6252484525167026,-0.7172411095440013,-0.76361445714383,-1.0441166572598646,-1.0312980083298295,-0.9570252483528684,-0.03483656356279676,-0.04313098345869769,-0.16792430098344016,-0.023525990977470296,0.7572805364960526,1.1346766417596927,1.1851971993074741,2.121335590286116,1.6455375035301578,1.6119828048603642,1
2016-11-01,-0.8636723267809002,-0.7448942217723395,-0.8021326957736795,-0.7035369428696377,-0.7842663512877097,-0.8249619137279689,-1.071120437756852,-1.059871257895316,-0.9946921863446571,-0.18541295277659042,-0.19269183386346309,-0.30220590839781947,-0.17548720583993974,0.5097201910200214,0.8409092804728573,0.8852442834565547,1.706765271579825,1.2892221837781472,1.259775801199424,2.213309223580115,0
2016-11-02,-0.8151464447001331,-0.866026923460822,-0.7783830929944333,-0.8501451555239574,-0.8863202936023665,-1.1051357629546932,-1.0951361312907417,-1.0371970890025581,-0.3178118228254277,-0.3242821727256283,-0.421631528042323,-0.3089886184160578,0.3001065926439735,0.5945075131032168,0.6339178261317279,1.364185044413749,0.9930222455930041,0.9668467391785464,1.814462576105158,2.1391564983699003,0
2016-11-03,-0.9465542768798522,-0.8580246257248092,-0.9305119911000771,-0.9670527531540045,-1.1880798016753202,-1.1779791032213882,-1.119454468061846,-0.39279833811139914,-0.3993340841698225,-0.49766735441250565,-0.38388595712263446,0.23136541046827902,0.5287418561266596,0.5685504912098004,1.306198557713058,0.9312843974524418,0.9048443338524463,1.7610270675062443,2.0890026878927124,0.540327951412054,1
2016-11-04,-0.9571935802429461,-1.0299272956611119,-1.0665922423678118,-1.2883704565937015,-1.2782354306747756,-1.219511898144533,-0.4903862099771662,-0.49694416792470336,-0.5956116261354161,-0.48144354004870094,0.13589877401287528,0.4342858606259316,0.47422978630640167,1.2143847673855432,0.8381964523948563,0.8116665316070825,1.670759022734782,1.9998492761022313,0.44591133153293677,0.8790346450681719,1
2016-11-05,-1.1306235136471239,-1.1675695404476707,-1.391047946460733,-1.3808352236052965,-1.3216615058840955,-0.586946208695998,-0.5935544411318655,-0.6929783018715489,-0.5779349826470822,0.04413998892959353,0.34481456476168154,0.38506470778016383,1.1308938504285917,0.7518216079709539,0.7250883040258436,1.590766753124821,1.9223798717248488,0.3565291586252724,0.7929728735943268,0.7986799834253037,1
2016-11-06,-1.290097863233442,-1.5160099799387146,-1.5056860391215372,-1.445867911445544,-0.7031514632451532,-0.7098316602445,-0.8103382605528952,-0.6940421037005837,-0.06519264980728517,0.23875631366311253,0.27944478629551445,1.0333961112675418,0.6501957197594076,0.6231712864438581,1.4982770933586285,1.83350152459871,0.25059848107105315,0.6917951283462654,0.6975643893911563,0.9435170970944761,1
2016-11-07,-1.6739872714791126,-1.663285939869878,-1.6012811655457877,-0.8314147797756245,-0.8383391708168906,-0.9425197814832559,-0.8219724283557103,-0.1701354353344481,0.144924357043285,0.18710019338556,0.9686121459069519,0.5714038961759832,0.5433915869635777,1.450486813369797,1.7979653456225644,0.15719941388917386,0.6145239676602485,0.6205041235595243,0.8754476118971515,0.6113765171869437,1
2016-11-08,-1.908149094488198,-1.8419825501640796,-1.020442614038239,-1.0278317712724014,-1.1390050005682555,-1.0103664905371021,-0.31477809817544433,0.02142855597908077,0.0664352409508165,0.9004023960613938,0.47653346744699704,0.44664096772696477,1.4146205654026291,1.785421910244386,0.034527516530559146,0.5225477647688453,0.5289293096528953,0.800984644183531,0.5191890569351331,0.7448942233605496,1
2016-11-09,-2.1469483847094986,-1.2637975335008513,-1.2717408363326512,-1.3912514380293268,-1.2529657569120265,-0.5052121130636588,-0.1437918342166195,-0.09540989878654514,0.8011001435483207,0.34544340837852644,0.31330913783168723,1.3538818087978868,1.7524911872665525,-0.12971052465114682,0.39490852146748207,0.40176864664040074,0.6942266145386055,0.3912979292712071,0.6339297248608291,1.1184711976008146,0
2016-11-10,-1.5975211740766078,-1.6065011717335025,-1.7416093182986547,-1.5852757227262892,-0.7399313978428326,-0.331341504453966,-0.2766451550892213,0.7368700350052425,0.22174471486862887,0.18541654252935955,1.3617962355830178,1.8124288452746384,-0.3154224176985515,0.27766560936840406,0.2854210618902682,0.6160482483487928,0.2735837922516312,0.5478819024987038,1.0956617595694909,0.7797291147313455,0
2016-11-11,-1.8296532142348092,-1.972778981167758,-1.8071681994900572,-0.911659246867306,-0.47882271303081336,-0.42088055965010257,0.6527788944118497,0.10708488272188509,0.06860091517798168,1.3147896169929372,1.7921637761892326,-0.46195895197224435,0.166324248491715,0.1745399269561414,0.5247872720186393,0.16200020719464617,0.45257578235760776,1.0328621244241132,0.6981813280310603,0.7362328914452573,0
2016-11-12,-2.286359903203688,-2.104012911079783,-1.1180060685507984,-0.6414281596316694,-0.5776305174786576,0.6045302695804837,0.003689789005117486,-0.03868327182785142,1.33344213626898,1.859058531320651,-0.622860189154296,0.06891573657946409,0.07796167091458962,0.46360413467532485,0.06415471850834284,0.3840951328876199,1.0230237580319455,0.6545209593272434,0.6964179183531007,0.15556626547384825,1
2016-11-13,-2.605214846097369,-1.4475527540346236,-0.8880067597541739,-0.8131025007795663,0.5748622382797349,-0.1305793648990149,-0.18032920854632692,1.4306713464149663,2.0477930024445583,-0.8662062664705144,-0.053998144902589376,-0.043377391764402314,0.4094020841268725,-0.059588014975322415,0.3160512539122542,1.0662118176728557,0.6335558740434161,0.6827467306834554,0.047737490421125316,-0.12107658577537318,1
2016-11-14,-1.970263438672479,-1.2725598206973674,-1.1791609347746228,0.5515064812415676,-0.32811586229948336,-0.39014945071085605,1.618623603239463,2.3881189021850466,-1.2453765628541742,-0.2326259565426495,-0.2193828309267424,0.34519252427789554,-0.23959602265628857,0.22879242018015236,1.1641752926303002,0.6246921754347581,0.6860287572347676,-0.10577075327445169,-0.3162667499063025,-0.10786177310854105,1
2016-11-15,-1.5539336696967192,-1.4494203503806533,0.4871958575431254,-0.4971012243738321,-0.5665167872031569,1.6812995282363552,2.5423644873776614,-1.523515614074872,-0.390248054625319,-0.37542900188647876,0.25633061487480296,-0.398047556066818,0.12607894080180151,1.1727720342507337,0.5690906226788432,0.6377262353640191,-0.2482971283900734,-0.48384207192328993,-0.25063697882252045,0.264130116316302,1
2016-11-16,-1.5063541954851105,0.24323765940754,-0.6460031464219091,-0.7087150574510849,1.3220234547521368,2.099933002799457,-1.5732938757971484,-0.5494690811298054,-0.5360811450674011,0.0346677081194892,-0.5565153632679167,-0.08300520358694052,0.8626058593473833,0.31722362185768904,0.37923090467305437,-0.4212267462162127,-0.6340244667871254,-0.42334063085764373,0.041713990257600544,2.3373927108537558,1
2016-11-17,0.0601355294790894,-0.7969061215951329,-0.8573472522968798,1.0998588003147702,1.8496004665476922,-1.690619919387267,-0.7038675271441275,-0.6909643644100505,-0.1408821636413328,-0.7106586654252243,-0.2542941729356209,0.6570765843873604,0.13144248143058654,0.19120449830422453,-0.5802688104281981,-0.7853611865172737,-0.5823061519125248,-0.134091025360236,2.078461826620603,1.8597871739693337,1
2016-11-18,-0.8042566845246899,-0.8569269162558865,0.8486417112644562,1.5019893048739204,-1.5830659537185727,-0.7231800356800374,-0.7119358289059651,-0.23257754011641463,-0.7290980392453419,-0.3314081996569736,0.46278787880669675,0.004734402852238155,0.05681283422690495,-0.6154723707915253,-0.794196078463677,-0.6172477718611146,-0.2266595365511102,1.7014260250246342,1.5108663102218736,2.1387664885005306,0
2016-11-19,-0.9263457117655628,0.647044399802291,1.2497587242890802,-1.5962102734913637,-0.8029639750499714,-0.792591174175655,-0.3503822947967626,-0.8084233439311935,-0.44155375511314904,0.2910935487466907,-0.1314616026598058,-0.08341915650506233,-0.7036034614117549,-0.8684764016246245,-0.7052412720761198,-0.34492292591554047,1.4337394555862242,1.2579477776109103,1.8371868159084463,1.8388246265728112,0
2016-11-20,0.5719226329000762,1.1820323891293731,-1.6988572478482564,-0.8958776502022774,-0.8853775728758707,-0.4377426973815514,-0.9014040066898629,-0.5300328507242048,0.211604189909589,-0.21613580222942655,-0.16750386513868606,-0.795297962128249,-0.96219392805329,-0.7969558690745228,-0.432216340893966,1.3682706027609601,1.1903219238607483,1.77666834719343,1.7783262541397036,0.6404494533461204,1
2016-11-21,1.1318787959420478,-1.6891597215784837,-0.9028622026916,-0.8925802667942523,-0.45424510485455594,-0.9082737479007332,-0.5446179098470587,0.18161145721845862,-0.23724214196836166,-0.18962054412799997,-0.8043720798854003,-0.9678007452011869,-0.8059955434481385,-0.44883355964542265,1.3142478694897979,1.1399961137557446,1.7141610604446547,1.7157845240073928,0.6015473654471043,1.0463763816377594,1
2016-11-22,-1.6529136016359667,-0.8962395426639925,-0.8863449747903084,-0.4645239233331151,-0.9014472099659344,-0.5514919672755217,0.1473769846449105,-0.25569646452529576,-0.20986899226821834,-0.8014599977686762,-0.9587315502872826,-0.803022297959257,-0.45931625603117326,1.2373417509410904,1.0696548638186003,1.6221883645545032,1.6237506647450841,0.551491967275504,0.9795622194950263,1.6096899630298453,0
2016-11-23,-1.0853516170430422,-1.075043096098349,-0.6355745716139274,-1.0907771543823572,-0.7261810451804662,0.0019260657554478738,-0.41801052430744323,-0.37026579572148177,-0.9866068374675339,-1.1504580651148106,-0.9882344986693266,-0.6301490342746123,1.1374910308738364,0.9627887285479296,1.538438240249128,1.5400659014509206,0.42294776328620076,0.8689269325777993,1.5254169506347743,1.1586506264971597,0
2016-11-24,-1.1912833912526912,-0.7459438057376656,-1.207227648018042,-0.837760732627798,-0.09992650576216726,-0.5254732208098577,-0.47709064855637384,-1.1016656721922606,-1.2677058633348983,-1.103315078064537,-0.7404457861634048,1.0508089911303622,0.8737727608392029,1.457112637668143,1.4587620435404194,0.32671981320037413,0.7786570222045115,1.4439173906899194,1.0722512674699738,0.8358364257768089,0
2016-11-25,-0.8688328736939545,-1.3397617328122597,-0.9625696072729237,-0.20930795180598125,-0.643752453543251,-0.594358246627386,-1.2319925540867378,-1.4015044914570924,-1.2336764475043227,-0.8632198956353322,0.9654883558634079,0.7847504623758086,1.3802874343955025,1.3819713278130874,0.22625914554301163,0.6876459419616634,1.3668162870548115,0.9873789702920291,0.7460209137713202,0.8223574153685672,0
2016-11-26,-1.429169134557397,-1.045958832736882,-0.28067873594651427,-0.7220548871504988,-0.6718725857216223,-1.3196804768943955,-1.4918970113434942,-1.3213912371703784,-0.9450239764538015,0.9128616832652963,0.729240080309632,1.3342789645827944,1.3359897248587773,0.1618379221081255,0.630586237727862,1.3205928823749185,0.9351015668530931,0.689892593961987,0.7674470598066154,0.4098981621258697,0
2016-11-27,-1.1937289548537489,-0.3841144314728763,-0.8510605127670626,-0.7979710358240547,-1.483307919997434,-1.6655013522336657,-1.4851177885295803,-1.0869467114570175,0.8785705144557202,0.6843112920051658,1.324401462874845,1.3262113314069914,0.08403822884274087,0.5799422066512964,1.3099225146176605,0.9020988053736435,0.6426843157657584,0.7247316892231355,0.3464691660042032,0.1443671799143411,1
2016-11-28,-0.47962392769752327,-0.9639408488167545,-0.9088763926688319,-1.6197084629420189,-1.8086796647223893,-1.6215856603106964,-1.2086022392012734,0.8300341031843279,0.6285482522794267,1.2924503883356337,1.2943275857043113,0.005944458334159585,0.520296537352259,1.2774328093861997,0.8544376689771565,0.5853727127998019,0.6704723268465926,0.27813807679264335,0.06851770395679921,0.30504457241037525,1
2016-11-29,-1.006921947886167,-0.9516155587128798,-1.6655707644044087,-1.8553722363400074,-1.66745620948986,-1.252658290690203,0.7949350721117341,0.5925639662731127,1.259383044828317,1.2612684899137683,-0.03277532040212805,0.4838366330119898,1.2442994841446926,0.819445858222622,0.5491987293076908,0.6346722398482266,0.24061421698855526,0.030072849112971235,0.26763892988004484,0.2544408142818788,1
2016-11-30,-1.0571210729727039,-1.7783977112483242,-1.9701455499448346,-1.7803024911029235,-1.3612509230906784,0.7073399990061269,0.5028936279456062,1.1765507698561988,1.1784555497107982,-0.12885835716376393,0.39305132299694123,1.1613125310193895,0.7321021371159404,0.45908369128977733,0.5454337113650284,0.1473347217533981,-0.06536569534372702,0.1746365663360108,0.16130310735380796,0.8019440651179824,1
2016-12-01,-1.8685811392856555,-2.05651270337333,-1.8704480091275844,-1.4597366439028618,0.5676840044337186,0.3673066413998378,1.0275562754959433,1.0294231453378722,-0.25187185617379765,0.2596504805151749,1.0126213167604985,0.5919533123788149,0.32436863503543173,0.40900006786961757,0.018824270906133617,-0.18964286144277928,0.0455827386404684,0.032514649746959355,0.6604052065829366,1.3499024682026153,1
2016-12-02,-2.1482326023220373,-1.9731749472216635,-1.5867600563646513,0.3207243594113229,0.13220073084168868,0.7533919417497025,0.7551483730717782,-0.4503489909806258,0.03091319126856204,0.7393404911730833,0.34355796659832727,0.09180281043390708,0.17142769703474647,-0.1956664492794128,-0.3918012802447151,-0.1704909336629741,-0.18278595291751082,0.4079604484078304,1.0566690833617172,2.2961241196409516,0
2016-12-03,-2.2822925090342094,-1.8769174115564913,0.12416147871987614,-0.07361243247379942,0.5780587469562883,0.5799013610357309,-0.6847461021561175,-0.17986984438841416,0.5633178343207345,0.14811546175264947,-0.11599255630101861,-0.032460718032882224,-0.41756706063671195,-0.6233256328413119,-0.39115625883134864,-0.40405455738745305,0.21567797799893695,0.8962167780069781,2.1964881134014163,1.7800573314470292,0
2016-12-04,-2.2207840452496286,-0.09281297986235178,-0.3031281066440301,0.3898667676272715,0.3918262253302046,-0.9530149114507666,-0.4161235008466091,0.3741911060037919,-0.0673400297241993,-0.3481956338115358,-0.2593668846118206,-0.6688935445252082,-0.8876996546862708,-0.6408079841164783,-0.6545241880370174,0.004506752716747598,0.7281997976673567,2.1109237833717382,1.6680863425084507,1.8450906883402367,0
2016-12-05,-0.28167298830652526,-0.521934451179902,0.2697345305239827,0.2719729913582047,-1.2643572945308614,-0.6510190259534867,0.25182684385019016,-0.25257299746161443,-0.5734190503670578,-0.4719421592155693,-0.9397804735683815,-1.1897419333900618,-0.9076958682778413,-0.9233650941174035,-0.1704961002067332,0.6562421012333209,2.2358492965840537,1.729957148049426,1.9321647767409957,0.8002497482350689,1
2016-12-06,-0.5784251454216751,0.18909496374839846,0.19126514313342027,-1.2982013081212282,-0.7035721566247137,0.17173352866820768,-0.31728022609048073,-0.6283392712772258,-0.5299578058228139,-0.9835252972927802,-1.2258619952871026,-0.9524193927741098,-0.9676106484692706,-0.23770698197294093,0.5638126042291655,2.09523585692761,1.604775315912232,1.8008148536927149,0.7034274779990325,1.1027404848434046,1
2016-12-07,0.08788647037259012,0.08998483416978482,-1.350192185306162,-0.7752405048742872,0.07109955999501655,-0.4017317489732871,-0.7024972265714736,-0.6073714010985594,-1.045929434712651,-1.2802467253996082,-1.0158528869528363,-1.0305414335332073,-0.3247917430760763,0.4502039526885358,1.9309493389102867,1.4567191207438455,1.646271317090609,0.5851986903081893,0.9712976289923655,1.244784377226989,1
2016-12-08,0.02173083548980934,-1.3528863772145994,-0.8041076745225032,0.0037052576641578216,-0.4476018019707026,-0.7346758191940654,-0.6438803160722582,-1.062474290023526,-1.2861249778603299,-1.0337668883011935,-1.0477867821655849,-0.3741642626810047,0.36555204216429515,1.7788908664941827,1.3262485788722307,1.507171971122303,0.4944015429180393,0.8629244673536051,1.1239615388287962,1.3028820890982349,1
2016-12-09,-1.3585690024101196,-0.8348417032584443,-0.06390492470184317,-0.4946101001599098,-0.7685793685725901,-0.6819286232141615,-1.0814140448298528,-1.2948552190583345,-1.0540171179885884,-1.0673970124924583,-0.42452493847294476,0.2814237810648294,1.6302445746221246,1.198265123497016,1.370929476380356,0.40439138293377874,0.7560914670356312,1.005212359941109,1.1759652993238898,1.3021185903604255,1
2016-12-10,-0.97904673763637,-0.2039573941791587,-0.6369825149866571,-0.9124274882813724,-0.8253100083556025,-1.2269472136016102,-1.4415380648893514,-1.1994027162721421,-1.2128546800842046,-0.5665198473996367,0.14323138611324177,1.4993174523106954,1.0650111920925176,1.2386055822387216,0.2668613392431975,0.6204558165889648,0.8709185713755487,1.0425912524057375,1.169424054062373,1.2885700192549696,1
2016-12-11,-0.303111848994722,-0.7383361691315703,-1.0151800414079726,-0.9276201190135761,-1.33129711417009,-1.546977805362169,-1.3036127269424536,-1.3171330090768771,-0.6675156436655135,0.04584019466529322,1.4088133984074709,0.9723014323530519,1.146777454183063,0.17009802571028523,0.5254882989581251,0.7772230758420104,0.9497676287956692,1.07724457463457,1.1969956449680825,0.8802347492471833,1
2016-12-12,-0.7898419777455905,-1.0530206297646607,-0.9697827305214203,-1.3535339277678247,-1.5585684589919822,-1.327216062565921,-1.3400689734784754,-0.7225172062988513,-0.04437314481716949,1.2513226838441434,0.8363572743815179,1.0022210294912104,0.07375122690301983,0.4115991708902848,0.6509081312145963,0.8149357561939181,0.9361203447980472,1.0499604128807138,0.7488350715007618,1.382912009853675,0
2016-12-13,-1.131658725738825,-1.0506707042162204,-1.4240493034417527,-1.6235418564569912,-1.3984427966368147,-1.4109482999601535,-0.8100886402814226,-0.15027446493550844,1.1103993700891432,0.7066502627926285,0.8680308056795837,-0.035342934392397926,0.2933731529640513,0.5262137148415351,0.6858077572537218,0.8037167885881018,0.9144798180234283,0.6214937401622467,1.2384319041138463,1.2664204115517999,1
2016-12-14,-1.168529641866689,-1.54038574776448,-1.7390648474068422,-1.514883654377553,-1.527338165101398,-0.9289285784173896,-0.2718048697495258,0.9837284256023531,0.5816256508037788,0.7423481463353624,-0.1573419854779529,0.17003372497751826,0.4019248532168092,0.5608681329306949,0.6782963768984198,0.7886077575953732,0.4968163634937591,1.1112388925370011,1.1391132736808498,1.1936758920900994,1
2016-12-15,-1.6743314988335283,-1.8761307620496601,-1.6484289068386249,-1.6610790099059,-1.0532716768161197,-0.3858281435520263,0.8894227228018543,0.4810051094868145,0.6442516776407612,-0.2695676725051174,0.06294932240623705,0.29848219380177865,0.4599216043746801,0.5791940047233196,0.6912377747477989,0.39486393145724535,1.0189356827763845,1.0472478182126723,1.1026673173645691,0.8984585107070527,1
2016-12-16,-2.107771083715841,-1.8707984710588856,-1.8839636162064894,-1.2514097374475726,-0.5567916029927925,0.7703804102209114,0.3453342954552526,0.5152273590267772,-0.43579764996952736,-0.08974240608952751,0.1553800583254712,0.3233923868759033,0.44752089826764396,0.5641264695750364,0.25568592611677726,0.9051664200654757,0.9346312687291659,0.9923071427091706,0.7797840853263448,1.2073378467867768,1
2016-12-17,-2.2052465915300696,-2.219373516296207,-1.5406084168181955,-0.7952449577283744,0.6288836008394659,0.17278574410398892,0.3550903446575499,-0.6654117920204853,-0.2940754838818729,-0.031045598950356985,0.1492408694937492,0.28243758871738356,0.4075617795032217,0.07658811355359053,0.7735164020166417,0.8051338050646701,0.8670231897544439,0.6389742613867093,1.0977629609347748,1.4960076971993799,1
2016-12-18,-2.635134358717945,-1.8909315547304235,-1.0737098433149965,0.48771467208796054,-0.012354209085027058,0.18752583043986928,-0.9313598520666357,-0.524224125801909,-0.23583631969772903,-0.038168974337321276,0.10786884051850644,0.24505587871640494,-0.11782596425867575,0.6462910872091845,0.6809566291193995,0.7488125834968595,0.4987781429103699,1.0017972829693227,1.438435598093819,1.416308656448992,1
2016-12-19,-2.4549532335635753,-1.5003018515439812,0.32370263919203046,-0.2604612931268299,-0.026968039943332456,-1.3340132985387565,-0.8584108049694265,-0.5215257053578194,-0.2906172483350322,-0.12002070172863999,0.04023666023494031,-0.38366991012032997,0.5089463640424022,0.5494415038934067,0.6287085861549683,0.33662661999554294,0.9242369471953276,1.4343033895740374,1.4084554279670025,1.5962839489780847,1
2016-12-20,-1.8253150914929555,0.09025910540410607,-0.5232313553876841,-0.2780161417083696,-1.6506784264003036,-1.1511994671715975,-0.7974018710512658,-0.5549012169329847,-0.37574028590529435,-0.20743759312170681,-0.6526253611298991,0.2848025406109376,0.32733064040033066,0.4105771336051219,0.10383190320923194,0.7209417767490426,1.256614863458098,1.229469267847836,1.426727262615701,2.165992316401665,1
2016-12-21,-0.18160368277355482,-0.6094261182164832,-0.43842334534770194,-1.3956602694876905,-1.0473446583306218,-0.8006211004276992,-0.6315113471847771,-0.5065720518784356,-0.389204835075509,-0.6996600537155035,-0.04593727625404532,-0.016279968782343723,0.04177263307717253,-0.17213858464428805,0.25820787696643566,0.6317637498015588,0.612833553543018,0.7503929796883867,1.2659253244625257,3.373487174579578,1
2016-12-22,-0.5795946912989867,-0.4673054710087178,-1.0958764938143826,-0.8671545395700011,-0.705143155313565,-0.5940969891224539,-0.5120554185782725,-0.43498606443070836,-0.6388469366920039,-0.2095789211174018,-0.1901044068973221,-0.15198408118992204,-0.2924491943943519,-0.009861562519954688,0.23543444637982064,0.2230039053882753,0.31333250326015355,0.6518575695964931,2.035791133321559,3.289618368001814,1
2016-12-23,-0.49387831880468647,-0.8919937391919063,-0.7471290641399978,-0.6445165859782298,-0.5741837364965071,-0.5222214074018002,-0.47340831037343917,-0.6025268250936179,-0.33064312336575935,-0.318308631105907,-0.2941645185972536,-0.38313032447152345,-0.20414896870086946,-0.04878685342780575,-0.056659933593672156,0.0005511156116124089,0.21496133212865778,1.091497590594918,1.885628943325129,3.393061359082676,0
2016-12-24,-0.9092198070656904,-0.7844849684240939,-0.6961311243862969,-0.6355714563501603,-0.5908296120548046,-0.54879939468644,-0.6599760986930798,-0.4258723073295027,-0.4152517685321223,-0.39446262875852117,-0.47106608944602335,-0.3169552924286895,-0.1831816973637868,-0.18996076468126644,-0.14069954217425754,0.043917057771728274,0.7986532191176221,1.4824351425405788,2.780400564927052,2.257056568017744,1
2016-12-25,-0.866653135634362,-0.7851774678657529,-0.7293322531292132,-0.6880734750775895,-0.6493152290290946,-0.7518370411573699,-0.535957778220593,-0.5261640278750074,-0.5069932825176859,-0.5776333116060711,-0.435519742761592,-0.3121601639405753,-0.3184114939483984,-0.2729851625582259,-0.10274060867854864,0.5932407988589355,1.2237916189812192,2.420712937812152,1.938110261208316,1.883098557139483,1
2016-12-26,-0.8658226265051798,-0.8140856222903787,-0.7758620146988454,-0.739954989385587,-0.8349348627948497,-0.6349365927704652,-0.6258633121805576,-0.6081028480471166,-0.6735462974083772,-0.5418872045930985,-0.42760247886487746,-0.4333939345605656,-0.39130935650524024,-0.2335887130593704,0.41119335439376004,0.9953581855653688,2.104228902766203,1.6571285230591826,1.606163712937137,1.8268181749428052,1
2016-12-27,-0.8862291787992355,-0.851429258642513,-0.8187384245558949,-0.9052109534301735,-0.7231265227111622,-0.7148659356032548,-0.6986962757324534,-0.7582779572129018,-0.6384115655619708,-0.5343633194368202,-0.5396360346120824,-0.5013209710051851,-0.3577273610655795,0.2293015951134716,0.7611427991247918,1.7706919980147544,1.3636383864846102,1.3172384929423122,1.5181289411197552,1.967891545569514,1
2016-12-28,-0.9056022496647667,-0.8769063573262859,-0.9528116209312982,-0.792978586185783,-0.7857274736056306,-0.7715338064274563,-0.8238343843992029,-0.718616112491442,-0.627282949779718,-0.631911319511732,-0.5982784994591033,-0.4722325637572837,0.0430592664068283,0.5099074933758713,1.3960860180652916,1.0387758747538895,0.9980462211121738,1.1743871079018695,1.5691870460425776,2.2282668958812253,0
2016-12-29,-0.9517929894196941,-1.0218170121480115,-0.8743680537200897,-0.8676787669960443,-0.8545848440468455,-0.9028331036096499,-0.8057672834862506,-0.7215107358131515,-0.7257804932965864,-0.694753588916965,-0.5784738601181123,-0.10310752696245791,0.3275686778665872,1.1450849106947558,0.8154596329736497,0.7778857671194288,0.9405635272382661,1.3047738405751887,1.9127873062161926,1.8783445958498255,1
2016-12-30,-1.1098688847834681,-0.9681322637298128,-0.9617021274464918,-0.9491154777004133,-0.995494545786503,-0.9021891639731903,-0.8211968090853863,-0.8253011513938907,-0.7954762639520976,-0.6837013417505187,-0.22675123140379264,0.18724009611392997,0.9730848367820732,0.6562296105656011,0.6201113982507688,0.7764868402047541,1.1265872391201057,1.711045583851007,1.6779372225624125,1.5102064335549017,1
2016-12-31,-1.0794391243619446,-1.0731340284693458,-1.0607921386370214,-1.1062693196496043,-1.0147783537186856,-0.9353609756672121,-0.9393855049603619,-0.910140592096812,-0.8005392443467229,-0.3524749830428068,0.05346587165948382,0.8240290803210701,0.5133354188899716,0.4779195611102595,0.6312541271792353,0.9745464758848412,1.5476394472292505,1.5151749109311827,1.3507058138178292,1.3842435579274037,1
2017-01-01,-1.1674897123994008,-1.155674379772938,-1.1992113119508785,-1.111623737480804,-1.0355946405800927,-1.0394474664365485,-1.011450265212975,-0.9065249743888533,-0.47757702903687194,-0.08895532764911866,0.6487323963334516,0.35129424021513184,0.3173893726783272,0.46418203780926065,0.7928280833648661,1.3414704853240462,1.3103910234153104,1.1529388734148525,1.1850457555519769,1.62927657680123,1
2017-01-02,-1.252916877636623,-1.29453916773313,-1.2108034690729013,-1.138117935925018,-1.1418013244291345,-1.1150353679658933,-1.014724421037144,-0.6046405009122673,-0.23310938046380106,0.47213673845754484,0.18777914593981618,0.15536532710359713,0.2957024291104046,0.6098954685114709,1.1344099914975398,1.1046973242310074,0.9541695140294809,0.9848644182304447,1.409559112754981,1.6971089753096096,1
2017-01-03,-1.3946709249695295,-1.3144403489595078,-1.2447973856194288,-1.2483265898427445,-1.2226810391533232,-1.1265690441383847,-0.7336509739426742,-0.3776719079509915,0.29805306067300996,0.025598494633110303,-0.0054585025320608264,0.12900417837623257,0.4300452986249826,0.9326039800250044,0.9041350659569325,0.7599082533641357,0.7893182885584255,1.1962355355066185,1.4717487452067242,1.7316158161834672,0
2017-01-04,-1.33965841797525,-1.2789168938846476,-1.2819950116595098,-1.2596273558288487,-1.1757999484267858,-0.8331028361588653,-0.5226233566011623,0.0667335933589989,-0.17089709886031348,-0.19798453527909626,-0.08070824805687005,0.18185519813882164,0.6201791692791073,0.5953490192285579,0.46955660616254874,0.4952075876197284,0.850114567061267,1.0904129613521258,1.317065033507765,2.4548399670224286,0
2017-01-05,-1.4346761971812663,-1.4378393076443345,-1.4148540382793757,-1.3287119966685013,-0.9765523651136397,-0.6574999564055525,-0.0518697397435381,-0.2960618674923581,-0.3238972395673542,-0.2033827309244772,0.06643059157519121,0.5168575215160195,0.49134176378060784,0.3620759828565778,0.38843523671547464,0.7531418731071717,1.000075363257317,1.2329857303545284,2.402176794519758,0.9118245813377301,0
2017-01-06,-1.5801143777877238,-1.5558456876302091,-1.4648937616729205,-1.0930707106357782,-0.7562034793667982,-0.11675689099633449,-0.374583892853227,-0.40397349928251125,-0.2767298623557279,0.008148936328119088,0.4837262040019723,0.45678573144179657,0.32030218037247427,0.3481332470668712,0.733203885850547,0.9939253186436567,1.2398406239553468,2.474315418252017,0.9007469073508159,-0.33695629068240246,1
2017-01-07,-1.734138927243186,-1.6368725688110952,-1.2392353140213956,-0.8789807233047394,-0.19513988752269196,-0.47086679832896255,-0.5022968088871915,-0.36621914953850004,-0.061562342650223575,0.4470323736556431,0.41822153064393475,0.27226246646064983,0.30202573403472915,0.7138303041896912,0.992652594823666,1.25564082710823,2.5758203236240944,0.8930051749856482,-0.43062686056880733,-0.3545519486494607,0
2017-01-08,-1.852055589365726,-1.4207308254119329,-1.0299557548358316,-0.28818047215601345,-0.5872667456042123,-0.6213594814376872,-0.4737534319768522,-0.1432863448637507,0.40839610771427387,0.37714443320025703,0.2188198342160204,0.2511046219371127,0.6977969448461466,1.000240836217339,1.2855092205209098,2.7175332646776824,0.8921513669271218,-0.5436177126052956,-0.4610977951901838,-0.4273924768093632,0
2017-01-09,-1.6234213320426258,-1.19666910155945,-0.3866014175226473,-0.7132234154734186,-0.7504549385558915,-0.5892593670283723,-0.22836744442214346,0.37410629273057433,0.3399773965716428,0.16707645983259012,0.20233358396371834,0.6901511534420088,1.0204398923024174,1.3319718411250652,2.8958368390853897,0.9023990407114001,-0.6655557836481334,-0.5754385743689698,-0.5386301367760717,-0.6566709883670891,0
2017-01-10,-1.3286777245604968,-0.4665373938130652,-0.8141552569765483,-0.8537800911195376,-0.6822225705686464,-0.2981318487053668,0.3430700128811613,0.30674724825008975,0.12273191999515429,0.16025543717601393,0.6794308208903882,1.0309511298406806,1.3625089276507552,3.026902055724966,0.9053223943191625,-0.7634234617480262,-0.6675133518337492,-0.6283387998969315,-0.7539675354184496,-0.6811719120875833,0
2017-01-11,-0.3585105989677274,-0.6689767024710396,-0.7043666210050973,-0.5511443600792388,-0.20810344519798749,0.3645697819894689,0.33212902333325106,0.16778038650464097,0.20129356693461858,0.6649819313637894,0.9789334056318191,1.2750558679111001,2.7615664990631887,0.866731277552254,-0.6236668825297099,-0.5380071933506874,-0.5030194329817905,-0.6152215610613556,-0.5502059910272002,-2.2918189516122767,1
2017-01-12,-0.545073551480374,-0.577743438438662,-0.43629767785789625,-0.11962252359177353,0.4090356471877778,0.3790882508093486,0.22737127576821312,0.25830866872113634,0.6863584376177827,0.9761799348007671,1.249542738932796,2.6218017407526606,0.8726015431943801,-0.5032461962080217,-0.4241702198203501,-0.3918715815774981,-0.4954499731838851,-0.4354314308552152,-2.04318586783273,-1.7081957769384764,1
2017-01-13,-0.5087381146743367,-0.3733336589063646,-0.0701840505859455,0.4358945452502508,0.40722623528012963,0.2619892599769514,0.29160528267335806,0.7013725727008412,0.9788154733207786,1.240502649866227,2.5541509525880426,0.8796610293332089,-0.4374227320213883,-0.361724178009373,-0.3308050503143243,-0.4299594943018939,-0.372504410270866,-1.9115898777577278,-1.5909075840010356,-1.3640488501465609,0
2017-01-14,-0.3138720118065612,-0.023131955984875656,0.46223010672330594,0.4347353456803803,0.2954437050248954,0.32384738378824884,0.7168406831580065,0.9829263458131006,1.23390125136609,2.493774826593394,0.8878308293133934,-0.3753375726504576,-0.3027377697313265,-0.2730843291023854,-0.36817984560209255,-0.31307670880118804,-1.7891590867751361,-1.481604053125545,-1.2640318737982585,-1.3273152700830104,1
2017-01-15,0.024696163761451517,0.49265806923459554,0.4661489912560143,0.3318509350504723,0.35923634618537076,0.7381408946478263,0.9946874261595547,1.2366649189475167,2.451372215247074,0.9030010696799146,-0.31488293431128944,-0.24488582345048912,-0.216295454225655,-0.3079818107052951,-0.25485411310359307,-1.6780191589619962,-1.381489927193315,-1.171717677899993,-1.2327323739085474,-1.1955977564096252,1
2017-01-16,0.5335641269714902,0.5077695449412256,0.37709120787880906,0.40373850336461997,0.7724304837063001,1.0220623478173763,1.2575178507300007,2.4394852892986307,0.9328472025308813,-0.2522113223141011,-0.18410083505236852,-0.1562810585651818,-0.24549620385167678,-0.19380045060920456,-1.5786071024158257,-1.2900701868954645,-1.0859519034741532,-1.1453220778165405,-1.109188345137781,-1.0054770711070047,1
2017-01-17,0.547770586063407,0.4161862965256724,0.44301832946566727,0.8142663372234362,1.0656288218053074,1.302716664863101,2.492878317949513,0.9757951755222046,-0.21747899338524532,-0.14889631719061866,-0.12088367480126389,-0.21071732108436667,-0.15866317718077766,-1.553070265006429,-1.2625330123321643,-1.0569996400118042,-1.1167814094021131,-1.0803971727354804,-0.9759669005330202,-0.15587264575501705,0
2017-01-18,0.4650887629264252,0.4920529313667689,0.8651291659073647,1.1177294958565038,1.35598488819538,2.552007543535266,1.0274534599182332,-0.1716970389607311,-0.10277662442721276,-0.0746260325754938,-0.16490206851376454,-0.11259158173949875,-1.5138654872472794,-1.2218974713752375,-1.015351941122205,-1.0754281084072912,-1.0388646960021852,-0.9339201524323675,-0.10978730822170188,-0.3397377366809535,1
2017-01-19,0.5281822983598145,0.9031056138107423,1.1569565547723124,1.3963915370883273,2.5983356379947566,1.0662335669051755,-0.13885386332998212,-0.06959222743141544,-0.04130226347284575,-0.13202525133998264,-0.07945577808363789,-1.487667317354655,-1.1942537831176898,-0.9866856567550055,-1.0470592579999227,-1.0103148220537348,-0.9048507035415194,-0.0766376207544306,-0.30772652174933646,-0.17278014194696395,1
2017-01-20,0.9465110733435561,1.20202705902399,1.4430325297191555,2.652860354317934,1.1107090060715887,-0.10228276540367516,-0.032566832504530324,-0.004091310616147007,-0.09540936356854825,-0.042495079599714616,-1.4599432802658985,-1.1646052045882993,-0.9556756091237257,-1.0164452094755632,-0.9794597615055943,-0.8733038887186332,-0.03965843757251822,-0.2722630838025299,-0.1364315713464488,-0.18050862438440674,1
2017-01-21,1.2733578055379073,1.5200944761606354,2.7586924573898997,1.1798681752476292,-0.06196899269419978,0.009404811075797288,0.038557491488894896,-0.0549321388013832,-0.0007595334360498658,-1.4519151806657895,-1.1495538554617475,-0.9356558363388295,-0.9978705604388121,-0.9600055847298465,-0.8513252857185674,0.0021445649959073707,-0.2359915064244908,-0.09692986997120932,-0.142055091760066,0.15684365454433538,0
2017-01-22,1.6433220574290892,2.936214249817038,1.2881818628205872,-0.008091506732050112,0.06641098320715963,0.09684157768937228,-0.0007461908225505979,0.05580108244899263,-1.4589662873322509,-1.1433508878558165,-0.9200766026702347,-0.9850185226954934,-0.9454937275634245,-0.8320494040722644,0.058832482665612716,-0.18974233509713512,-0.044584901647500286,-0.09168819732111747,0.22031284035857834,0.25389142737343345,0
2017-01-23,3.2395036907366066,1.4645277851416643,0.06840595150851528,0.14864716860615698,0.18142175023758836,0.07631705741955033,0.13722001562354968,-1.4942258255854692,-1.1542994176303567,-0.9138269125568291,-0.9837711346591561,-0.9412018504712054,-0.8190192147341073,0.14048491647572423,-0.12723695340248065,0.02910156817273769,-0.0216299681456472,0.31440367340879666,0.3505687290021,0.30460897085227734,0
2017-01-24,2.4329355845651626,0.34787568460443796,0.46771318020390734,0.5166608896741135,0.3596906489593152,0.4506471205801942,-1.9858610841589441,-1.4781926951327078,-1.1190552865677874,-1.2235145745942433,-1.159938814017999,-0.9774632534260049,0.45552313761554236,0.05568974071715434,0.2891759410635398,0.21341013789892838,0.7152648143060969,0.7692760799283931,0.7006367632000589,0.16952598458081425,1
2017-01-25,0.5416512374140903,0.6850205975232814,0.743579913624219,0.5557862447487992,0.6646033647064776,-2.2503492589846243,-1.6429926739837135,-1.213333324047718,-1.33830473810221,-1.2622449367297284,-1.0439376012269999,0.6704368597969949,0.19209026237477766,0.4714249311321234,0.3807813920333528,0.981182655964802,1.0457998323520432,0.9636821706932581,0.32827993621872115,0.5268431344920124,1
2017-01-26,0.6597659564973344,0.7176246066706444,0.532077900942444,0.6395930171648758,-2.2404820136843213,-1.6403924887067358,-1.2158740401171262,-1.3393501632839224,-1.2642004222542216,-1.0485051478533383,0.6453567141170087,0.17273356404230844,0.4487259757885573,0.35916699237852817,0.952384417143957,1.0162284449214023,0.9350933262875663,0.30729371980935566,0.5034810968337949,0.8592785433018508,1
2017-01-27,0.6985702175378428,0.5147821770276348,0.6212782339540973,-2.2314986146822453,-1.6370969113834,-1.2166021711479789,-1.338907951989301,-1.264470501890185,-1.0508196495408033,0.6269873009233534,0.1588438094445435,0.4322202854722729,0.3435101679500204,0.9311049067855232,0.9943438024449495,0.9139777058777625,0.2921285652267383,0.48645642168018177,0.8388815172821946,0.8863106890267637,1
2017-01-28,0.49880453116217743,0.6043336365357523,-2.222540872770456,-1.6335361547369025,-1.2168593778494807,-1.3380546596908889,-1.264293078821523,-1.0525821107215425,0.6099908669269155,0.14609797485172676,0.4169922762746211,0.3290876194273512,0.9113471781483651,0.9740118840196849,0.8943754869748832,0.27817254590690554,0.470735964990647,0.8199611487526918,0.8669596781561809,0.9069954624628582,1
2017-01-29,0.579191016672909,-2.213893756948889,-1.6319294341199,-1.220233210175493,-1.3399798403253818,-1.2670999343634215,-1.0579195553044611,0.5847806259797282,0.12643266282073123,0.394088954627932,0.30723502539892733,0.8825348140544024,0.9444504863760678,0.8657659861339518,0.2569285416375759,0.44719024304269184,0.792241125251975,0.8386778794932234,0.8782351145876215,0.8333032551597455,1
2017-01-30,-2.2062965929307454,-1.6298836683198301,-1.222114643336491,-1.340719002039218,-1.2685343025774156,-1.0613493097268722,0.5656810400891601,0.11170529008159752,0.3768083898749447,0.2907829663275439,0.860594930220712,0.9219199846307389,0.8439860613179968,0.24095635961939868,0.4294031414002091,0.7711625592060906,0.8171563500136102,0.8563362458866838,0.8118329945960732,0.8305712056658036,1
2017-01-31,-1.9404760774812224,-1.5092641752837967,-1.6346871672023182,-1.5583525275966124,-1.3392563496132721,0.3813129165436658,-0.09876216203853502,0.18158186837180307,0.09061079344346705,0.6931815768796612,0.7580322441553053,0.6756178544925081,0.03791962628200794,0.23720032259778767,0.5986076871026815,0.647245687559414,0.6886780583188541,0.6416162893584032,0.6614317710259611,1.7877617630841984,1
2017-02-01,-1.7062008818150989,-1.8308611635960303,-1.7549907227993784,-1.5372268912502842,0.17287941590966158,-0.30427627665217705,-0.025637047177744666,-0.11605491762567433,0.4828515707868382,0.5473078744724897,0.4653946552053082,-0.16842566437026443,0.02964318549710043,0.38885279457859784,0.4371950223428358,0.47837543858644727,0.4315998570923452,0.451294838774072,1.5707755020922287,1.987503409948768,1
2017-02-02,-1.9267908686349111,-1.8551672751343675,-1.6495927722552248,-0.035209651495174986,-0.4856565581121663,-0.222614157203088,-0.30797088810049306,0.25741181457636697,0.318260177196298,0.24093204970013618,-0.35741018272918534,-0.1704282350950239,0.1686746190889688,0.21431089105391649,0.2531862338388732,0.20902891513204747,0.22762147037702635,1.28443921282458,1.677840779485385,2.15913442548609,1
2017-02-03,-1.9932369948339554,-1.7961044449161923,-0.24801624972438516,-0.6799654752379223,-0.4277249565867241,-0.5095764983819736,0.03258866459843077,0.09093827855147871,0.01678564415281415,-0.5569855597188235,-0.37768205850893816,-0.052504522416429555,-0.00874231195164418,0.028536608073914928,-0.013807382607290709,0.004021666100584985,1.0174410028823424,1.394687465314896,1.8562167034574073,2.2231304217524444,1
2017-02-04,-1.9618255764882055,-0.45838204673373684,-0.8778744699030251,-0.6329082096564188,-0.7123992692063228,-0.18586937971241455,-0.1292024857758505,-0.20121666348690015,-0.7584411205297795,-0.5843084777038812,-0.26850860003656923,-0.22600842958414677,-0.18980458068023018,-0.23092743079391795,-0.21361254653552345,0.7705812155154963,1.1369484256192548,1.5851678158536053,1.941500263489433,2.1970915663491444,0
2017-02-05,-0.6682018371521679,-1.098765598390245,-0.8473341336897727,-0.928923139102618,-0.38849695473437634,-0.33033449543017107,-0.4042492874625981,-0.9761801372872833,-0.7974517467170705,-0.4733172078863412,-0.4296953634081878,-0.3925360144082781,-0.43474418800056674,-0.416972325435393,0.5931964990077851,0.9692329546481688,1.4292818515057373,1.7950187049776705,2.0573556307976806,1.7431167881680116,1
2017-02-06,-1.1458431505682596,-0.9116617211830278,-0.9876531247747026,-0.4843041247466885,-0.4301320350575749,-0.49897573237082293,-1.0316679476471058,-0.8652016303732688,-0.5633050888766445,-0.52267602160981,-0.48806607541954233,-0.5273784599508788,-0.5108258769903165,0.43003798629074724,0.7802755939335584,1.2087617755717555,1.5494064089987882,1.793745105200728,1.501065342852597,1.7043987767204192,1
2017-02-07,-1.009312516767212,-1.0805946398309774,-0.6084387949828773,-0.5576238161651447,-0.6222011850793461,-1.1218818101203838,-0.9657316147950608,-0.682543972425403,-0.644432738312104,-0.6119676129563297,-0.6488437607789211,-0.633316961695725,0.24924041346503584,0.5777733667935719,0.9797057339699438,1.2992402014661752,1.5284369288419908,1.2538948905072929,1.4446275019724664,1.8539703868930881,0
2017-02-08,-1.1652586131806764,-0.7162303243621325,-0.6679044098704507,-0.7293185928702959,-1.2045234187051665,-1.0560219106317705,-0.7867056163291675,-0.7504611804604066,-0.719586290646276,-0.7546561383155873,-0.7398898866653513,0.09943728099920637,0.41187774205306626,0.7941223018171328,1.0980050488464261,1.3159750590016164,1.0548808820951656,1.2362708597531826,1.6255629487139502,1.654424258757594,0
2017-02-09,-0.8256960644442355,-0.7757919761028528,-0.8392117550366929,-1.3299352903936223,-1.176584185594583,-0.8984728599420841,-0.8610447936860477,-0.8291616261346081,-0.8653767457990149,-0.8501282743613703,0.0166087044011177,0.3392524977749189,0.7339799743084946,1.0477865853718447,1.2728748171616235,1.0032541176505385,1.1905677270152457,1.5925728830986037,1.622376713635819,0.43212955107693707,1
2017-02-10,-0.8473591583712462,-0.9118151968544532,-1.4105570028228782,-1.2547001884577467,-0.9720446098633514,-0.9340049805945737,-0.9016008519582065,-0.9384077154636453,-0.9229100887245135,-0.04201089612067643,0.2859047969277733,0.6870819981975732,1.006016112113119,1.2347822159100774,0.9607559976590606,1.151130253397718,1.5597040492475553,1.5899948651467681,0.3802994325206677,0.27974096811107274,1
2017-02-11,-0.9947229138604099,-1.4998929220291675,-1.342027294476432,-1.055728613999433,-1.0171986981221552,-0.9843769179303993,-1.0216581791264698,-1.0059608059912826,-0.11370784664801611,0.218434298553336,0.6247822076664826,0.947827011619035,1.1795416446032223,0.901983546894678,1.0948115055212446,1.508651342721637,1.539332572031322,0.31404557128584143,0.21219102514729513,0.49367346613963475,0
2017-02-12,-1.6073017726111047,-1.4456454966845176,-1.1524722505125673,-1.1130171594389597,-1.0794072670429227,-1.1175837209058126,-1.1015094245424908,-0.18783180625458507,0.15228569179661078,0.5683907726562365,0.8991924853150549,1.136471019132726,0.8522482334358052,1.0497063512625229,1.4734832553864585,1.5049011982784062,0.25019276964593484,0.14589250574301646,0.4341338655307661,0.33787074980950754,1
2017-02-13,-1.6510507530405771,-1.3357341546588275,-1.2932990236616584,-1.2571505787381425,-1.298210497156701,-1.2809221104541506,-0.2982344935659859,0.06757205234480249,0.5151055172131026,0.8708926571940061,1.1260928199964306,0.8204027096649628,1.0327748235906171,1.4885595639305862,1.522350501576481,0.17287404407852056,0.06069598945174211,0.37070819645884584,0.26717433518334155,0.09939840059267997,1
2017-02-14,-1.549104363686713,-1.503356213872474,-1.4643855677344175,-1.5086511386194925,-1.4900130035099877,-0.43060446012653103,-0.03623846496859473,0.4462350779797284,0.8297994266537496,1.10492371650883,0.7753676002543961,1.0043201463154787,1.4956891628387896,1.5321182450982773,0.07728472160748172,-0.04365135961442108,0.29056429041738707,0.17894727675023553,-0.0019273526079148992,0.29268226031619254,1
2017-02-15,-1.7067327626926698,-1.6651247139436773,-1.7123860301857392,-1.6924865286101347,-0.561380768596787,-0.14032540571296953,0.37480032825552384,0.7843230254534822,1.0780668043933743,0.7262074356247239,0.9706547220250535,1.4952779453819003,1.534172425734219,-0.01911935066155887,-0.14823998020326737,0.20859426395928224,0.08942338520537475,-0.10369223235787899,0.21085557095650798,0.2771118659752841,1
2017-02-16,-1.9200932242050572,-1.9708777703780342,-1.9494948035683601,-0.7340675310457445,-0.28162339241377493,0.2719038620457445,0.7119555994584741,1.0275973481603693,0.6495076168438535,0.9121779250399689,1.47591068638592,1.5177046669684655,-0.1513816854821228,-0.290127981485805,0.0933074915331272,-0.03474732106571932,-0.24225929442323826,0.09573737412513342,0.16693293407098195,0.6519374994358652,1
2017-02-17,-2.2963753164220275,-2.2732382985443826,-0.958109168726427,-0.4685509040880754,0.13038235415368798,0.6065316652493168,0.9480655996022809,0.5389610562202811,0.8231782871945381,1.433154213059719,1.4783765661842077,-0.32762543156060114,-0.4777531271075939,-0.06286432925618522,-0.20142351586435706,-0.4259577575405925,-0.06023512267918251,0.016800630027068896,0.5415902627972898,1.0350923373011487,1
2017-02-18,-2.769233803616108,-1.2831107135383473,-0.729899759175134,-0.05309280211852943,0.48496575768371863,0.8709061603248648,0.40860957332745934,0.7297809168648615,1.4190663165010828,1.4701685099223902,-0.5706510633971088,-0.7402984613248191,-0.2714655472619003,-0.4280402910585805,-0.6817686235108802,-0.2684944895048503,-0.18144249722320424,0.4115806310845161,0.9692481720833076,1.2131720139373354,1
2017-02-19,-1.8514003541994792,-1.1558387873543616,-0.30487785863622224,0.3716323441331207,0.8568817938279694,0.27562841143752104,0.6794426186123781,1.5460929059811535,1.610344565217116,-0.9556126864795046,-1.168913252896564,-0.5794416350224494,-0.776305730472172,-1.0953226897018862,-0.5757060734389666,-0.46625411904282066,0.27936397302101224,0.9805288822413581,1.2872184882455708,1.0425392045272226,1
2017-02-20,-1.335336101159303,-0.5001208684082719,0.1638715751879221,0.6401422456635988,0.06964404453953364,0.46598630380374795,1.3166005882560654,1.3796633714137387,-1.1388148699237655,-1.3481686442437137,-0.7696042731808799,-0.9628257076232862,-1.2759397588828905,-0.7659378322996231,-0.6585111144787023,0.07331048542079867,0.7615014388333033,1.0625162351847521,0.8223643574622144,1.9996585244348108,1
2017-02-21,-0.6183346951354052,-0.05715594703837259,0.34536817984072227,-0.13679312995441098,0.1981788339842404,0.9170825863779987,0.9703806231933993,-1.1581322540448595,-1.335069341379705,-0.8460908408291163,-1.0093935466530477,-1.2740244968876475,-0.8429921177584564,-0.7521995317880351,-0.13369440688374398,0.44793591347965844,0.7023410775810734,0.499374716452656,1.4943746944424772,2.5888436830005674,1
2017-02-22,-0.19319236954743965,0.1589536881837461,-0.262862528775246,0.03018588416348967,0.6591149480097899,0.7057424475708098,-1.1563755436189602,-1.3111679985569957,-0.8833877990960152,-1.0262522890300707,-1.2577632461528045,-0.8806768979587491,-0.8012474946367787,-0.2601516276379737,0.24868451582733386,0.47124949919708337,0.29368547470598794,1.1641558298829249,2.1216461115661773,2.179659395903727,1
2017-02-23,-0.021059307397627434,-0.3564562604243755,-0.12344590938201276,0.37663180978382327,0.4137065372392223,-1.0669115028254983,-1.1899909759477811,-0.8498519066186002,-0.9634471471360151,-1.1475274799668882,-0.8476963992084046,-0.784540032089614,-0.354300753014175,0.05028798787991148,0.22725514625713408,0.08606941088918828,0.7782028403036358,1.5395280575854218,1.5856559161636523,2.647889967909022,0
2017-02-24,-0.4247250055718716,-0.2257616969294725,0.2012455889635477,0.23290302567630683,-1.0313698393233381,-1.1364651670151131,-0.8460265906620119,-0.9430235043109892,-1.1002063586871274,-0.844186042015923,-0.7902579666854667,-0.4228844569257785,-0.07741347605456965,0.07369556778947083,-0.04686036852946806,0.544139801730232,1.1942215835294374,1.2336093245557784,2.1406316973492348,2.2687338831171426,0
2017-02-25,-0.3136070308969946,0.0885643867587602,0.11838054358496342,-1.0723588822242602,-1.1713415888972945,-0.8977956849917818,-0.9891510027092767,-1.1371916883463524,-0.8960621875018878,-0.8452707110479483,-0.4992646120648042,-0.17388713321141758,-0.031566989290995696,-0.14511107487915464,0.4115149691262953,1.0237862825573878,1.0608831288411533,1.9151506918616594,2.0358021171583878,1.5185264661735653,1
2017-02-26,-0.02000277855896209,0.0076649167537905785,-1.097273450125831,-1.1891237642164219,-0.9352887455912866,-1.0200612771600115,-1.1574346015616994,-0.9336801586545002,-0.886548561406613,-0.5654746088237436,-0.2635428407886512,-0.13147785327836234,-0.23684029763797404,0.27967696776462925,0.8478298738381217,0.8822536342853847,1.6749652767344714,1.7869229275349112,1.3069205855973935,1.6505147552952955,1
2017-02-27,-0.0811463717835227,-1.103044671867878,-1.1879921066252184,-0.9532336967354058,-1.0316352696200273,-1.1586844977859956,-0.9517460008552435,-0.9081565115664499,-0.6112124138858009,-0.3319718971790991,-0.20983206541766947,-0.307276145568386,0.1704230015521382,0.6958771864259101,0.727713878261412,1.460850408006019,1.5643940412654038,1.1204655906245924,1.438237430627533,1.657970112127692,1
2017-02-28,-1.1196799330883533,-1.1996075788160367,-0.9787217207454867,-1.0524903184661338,-1.1720318411481667,-0.977321937107525,-0.9363082765152106,-0.6569114623778113,-0.3941720735321714,-0.27924983685541516,-0.37093566514198895,0.07853486100790648,0.572938441936409,0.6028938117888168,1.2927071885769434,1.3901321297791633,0.9724366922110258,1.2714304772799074,1.4781785206070304,1.4781785206070304,1
2017-03-01,-1.2805072860079476,-1.0724201542470744,-1.141914399138064,-1.2545293614471793,-1.0711014778734325,-1.0324642601256906,-0.7692564559465388,-0.52174090061374,-0.41347757033764576,-0.4998508728112674,-0.07642388923448483,0.3893326059362369,0.4175522803321993,1.0673959972634903,1.1591758728690464,0.7656828429739607,1.0473521163841162,1.2421206167711933,1.2421206167711933,1.802953678481579,1
2017-03-02,-1.1739163446561383,-1.2394222253384366,-1.3455740699355554,-1.1726733488177654,-1.1362535707534136,-0.8881516014140103,-0.6548412825512555,-0.5527913242207693,-0.6342075516342529,-0.2350815879324365,0.20394454218117525,0.230544653122375,0.8430930022729642,0.9296055126237786,0.5586955544530463,0.8241994655296834,1.0077899508574877,1.0077899508574877,1.5364360809178481,1.8908141944382073,1
2017-03-03,-1.3169255759039262,-1.416242019531984,-1.254474837931716,-1.2204002267103793,-0.9882742062401162,-0.7699873623409766,-0.6745086735603721,-0.750682292502269,-0.377257116284826,0.033498947994215184,0.05838620670194992,0.6314909305884497,0.7124326691893034,0.3654065944982877,0.6138139991698729,0.7855826024938095,0.7855826024938095,1.2801877954096543,1.6117465551094132,1.890623407357755,0
2017-03-04,-1.5429507022872428,-1.3834711122441787,-1.3498783589137553,-1.1210348925399543,-0.9058348993617862,-0.8117063994154479,-0.8868028275090569,-0.5186583532974953,-0.11371089676830573,-0.08917557522321774,0.47582472652532387,0.5556218470644853,0.21350315785635673,0.45839776916619696,0.6277373482413989,0.6277373482413989,1.1153482011911853,1.442218302710076,1.7171514852573577,1.489683831306647,0
2017-03-05,-1.5511525915254507,-1.51735967378187,-1.2871526300406209,-1.0706703549392567,-0.9759809847430813,-1.0515248793575713,-0.6811867944612024,-0.2738264344942242,-0.24914491778048198,0.31922197177706935,0.3994945681918538,0.05533734448249054,0.3016911748588983,0.472039773859812,0.472039773859812,0.962556084997853,1.2913738614038146,1.5679452496260162,1.339122216167782,1.4771772418983784,0
2017-03-06,-1.693536056131239,-1.4603734659067902,-1.241111851752838,-1.1452067983589136,-1.2217205742091228,-0.8466278501556629,-0.4340375351893554,-0.4090391412474545,0.1666248089660126,0.2479279967396683,-0.10064773934738425,0.14886894037176626,0.32140458454085924,0.32140458454085924,0.8182184604048761,1.1512578114719612,1.4313800015311933,1.1996191904062918,1.3394466555859812,1.4061479777393682,0
2017-03-07,-1.6959707074999806,-1.4615898758065164,-1.3590716750498115,-1.4408614698069897,-1.0399041706233363,-0.5988636285128862,-0.5721414665616855,0.0432174778098606,0.1301269391090892,-0.24248488921978734,0.024237250629569617,0.2086701160591096,0.2086701160591096,0.7397418673602836,1.0957459969064034,1.3951840546586294,1.1474421419895662,1.296911431034357,1.3682121528761093,0.7527283385889034,0
2017-03-08,-1.6666494739093587,-1.5555638639270088,-1.6441888024634776,-1.20972364576028,-0.731825503911733,-0.7028701804814969,-0.036085910088053154,0.05808654368504739,-0.3456643213421537,-0.05665230803850005,0.14319354572998932,0.14319354572998932,0.7186467725934869,1.1044020394140446,1.4288640281322833,1.1604184127790795,1.322378796638848,1.3996380942026994,0.7327185185595818,-0.26231628754297204,1
2017-03-09,-1.786206360241598,-1.8820415160773367,-1.4122297826597041,-0.8954515072218131,-0.8641404792083041,-0.143108955607531,-0.04127495795612254,-0.47787359156503456,-0.16534856429002215,0.05075605428918668,0.05075605428918668,0.673026157753896,1.0901651337656257,1.441024223374931,1.150738804782413,1.3258757231570297,1.4094205689313895,0.6882427321156,-0.38774465111493667,0.1754149134831513,0
2017-03-10,-2.05877144463108,-1.556994152818774,-1.005054758648405,-0.9716133570763595,-0.20152351152947892,-0.092760822304513,-0.5590652255333897,-0.22527628273952852,0.0055318954002324065,0.0055318954002324065,0.6701406845866941,1.1156614130067746,1.4903926324916412,1.1803564609078332,1.367409534186973,1.4566386944563057,0.6863925806777802,-0.46280399484002827,0.13867242876182762,-0.9828646697548046,1
2017-03-11,-1.8782601191055657,-1.2526103519855047,-1.214702919889327,-0.34176915647832373,-0.2184814333991716,-0.7470598323477203,-0.3686940615185979,-0.10706192504172064,-0.10706192504172064,0.646304003486485,1.1513231105247907,1.5760989150417528,1.2246580492529084,1.4366916764450663,1.537837207879256,0.6647263069350932,-0.6379431119213433,0.04385925321034383,-1.227456822276826,-0.1803968637698384,1
2017-03-12,-1.5146241076115998,-1.4729536408023722,-0.5133645733450638,-0.3778381953113198,-0.9588880689502451,-0.5429622880880649,-0.2553581783814002,-0.2553581783814002,0.5727936690000797,1.1279455422388758,1.5948884366712275,1.2085603705520527,1.441642374153185,1.5528285262469605,0.5930447369821326,-0.8389394355180799,-0.0894551983745768,-1.4869736109437945,-0.335973006694577,0.5509848265578703,1
2017-03-13,-1.6713876678585824,-0.660451990999782,-0.5176737379369312,-1.1298149838270848,-0.6916334485652317,-0.3886399431430631,-0.3886399431430631,0.4838254451849559,1.0686829157053375,1.5606114370339508,1.153611359337552,1.399165337665467,1.5163009447040992,0.5051601266771052,-1.003448024219733,-0.2138596678419883,-1.686157831968533,-0.4735683867752777,0.4608496343472581,0.67706842562347,0
2017-03-14,-0.8380341750316059,-0.6858352903352105,-1.3383661408151581,-0.8712730119193238,-0.5482877350564295,-0.5482877350564295,0.38174366812426824,1.005190536327459,1.5295769235429106,1.0957226315347992,1.3574784720255768,1.4823427869129933,0.40448603020533785,-1.2036613807965084,-0.3619753072384297,-1.9314169673907622,-0.6388198302637699,0.3572518935754255,0.5877369862047348,0.7644276454499729,0
2017-03-15,-0.774855396216409,-1.4260328945786565,-0.9599085190753849,-0.6375931152278536,-0.6375931152278536,0.29050939835613543,0.9126632347605449,1.4359620420905257,1.0030075659676412,1.2642205235881483,1.3888258692868225,0.31320459266902784,-1.2916075128792102,-0.4516671002799209,-2.017853730891793,-0.72793744643495,0.2660684198653297,0.49607548530561224,0.6723996872750119,0.8821120116470328,0
2017-03-16,-1.4556216418622863,-0.9849146707450401,-0.6594304964284823,-0.6594304964284823,0.277796445594755,0.906066845714259,1.4345103460603033,0.9972993766330528,1.2610803899417282,1.3869107647113668,0.30071476254053764,-1.319874687644952,-0.4716765922187957,-2.05326082991002,-0.7506630273472761,0.2531151811916061,0.4853835086998331,0.6634412018939947,0.8752152652103179,-0.4866616456064247,0
2017-03-17,-0.8610822333877486,-0.5619258574804026,-0.5619258574804026,0.29949057226498915,0.8769413696325209,1.362640076081957,0.9607942739152863,1.2032385406458805,1.3188907347170353,0.3205550699592091,-1.168947968918668,-0.38935901098544073,-1.8430118951337309,-0.6457787617631678,0.2768057285942921,0.49028631099533615,0.653941254619665,0.8485853150441449,-0.4031319517855094,-2.177005709535366,0
2017-03-18,-0.2572582881211849,-0.2572582881211849,0.34474974477072823,0.7483060348659186,1.0877406134868473,0.8069073340940537,0.976341525340611,1.0571660225852113,0.35947084409373714,-0.6814807368813698,-0.13665851289806963,-1.1525559152176703,-0.3158595873493199,0.32889625319210425,0.478088932869526,0.5924605506867519,0.7284891703926355,-0.14628384707080744,-1.3859702689065407,-3.175291581811943,1
2017-03-19,-0.13957567194808004,0.399437614890373,0.7607653554914616,1.0646811471299784,0.8132345538810984,0.9649389753119985,1.037305913187559,0.4126182830848703,-0.5194070428991372,-0.03159558250854058,-0.9411884251230666,-0.19204487033771678,0.38524304914245366,0.5188240518059213,0.621227704701634,0.7430221483065595,-0.0402137117126361,-1.1501780583223635,-2.7522629299247354,-1.9548325041576189,1
2017-03-20,0.4481704988224624,0.7861596248786568,1.0704451121753087,0.8352397715595644,0.9771454130500092,1.0448380791244,0.4604998110321583,-0.4113248234880986,0.04497827934960485,-0.8058628141983807,-0.10510738658766099,0.4348927779812523,0.5598456151833665,0.6556348869663909,0.7695624738271414,0.036916805981725725,-1.0013535433694312,-2.499957732242231,-1.754034343555604,-1.5466885064906148,1
2017-03-21,0.8402235476516613,1.1223688547805308,0.8889342053461378,1.0297715417236404,1.096954598592108,0.5170153914035356,-0.348245904937459,0.10462202130900426,-0.7398137039887004,-0.044333758017580834,0.4916011352151154,0.6156132927271368,0.7106814362467884,0.8237513445665718,0.0966212369533892,-0.9338327246123476,-2.421155004602355,-1.6808471345211018,-1.4750622545509628,-0.694868121285103,0
2017-03-22,1.200740686252336,0.9749021092417872,1.1111565329724442,1.176153421819735,0.6150857070591508,-0.22201958292854182,0.21611180966904198,-0.6008455830752701,0.07200312091130114,0.5904984426265523,0.7104751866634065,0.8024497684297989,0.9118403291692828,0.20837137456988936,-0.788551134229704,-2.2274752531764577,-1.511257346649049,-1.3121688027017449,-0.5573625506065057,-1.3701082360174544,0
2017-03-23,1.0980647126315735,1.2329209911116477,1.297250928465135,0.7419404885083289,-0.08657502689892457,0.3470605753314971,-0.4615137861150435,0.20443062666334505,0.7176055209630536,0.8363511496330621,0.9273819541542825,1.0356500273534073,0.33939956703020546,-0.6472932374213479,-2.071452148253969,-1.3625835566109938,-1.1655379166263204,-0.41847694536367475,-1.2228828169992176,-1.3417411075560122,0
2017-03-24,1.2806821861600346,1.3390357637510546,0.8353146009732337,0.0837695753964241,0.47711969824727296,-0.2563367402303942,0.34774031255509896,0.8132403929878408,0.9209543523239783,1.0035282414545272,1.1017380279080635,0.47017041054816666,-0.4248569669337067,-1.716709111115982,-1.0736956081340288,-0.8949558406967372,-0.21729809462659536,-0.9469733030326891,-1.0547894577761685,-2.0876784397594177,1
2017-03-25,1.457323626862095,0.9644629837616405,0.2291217037127981,0.6139909703578887,-0.10365172299410244,0.487401079068544,0.9428647084705691,1.0482562925297856,1.1290498408408352,1.2251421674830614,0.6071915133218097,-0.26853855611900623,-1.5325376207229522,-0.9033878608552183,-0.7285018262066696,-0.06545477317377972,-0.7793977619620212,-0.8848893380364762,-1.8955086360312612,-1.5429367903075437,1
2017-03-26,1.1180906568813171,0.3823645046790247,0.7674352090340187,0.04941690683713885,0.6407790615376754,1.0964810772136964,1.2019278224436682,1.2827636574966255,1.3789062781474817,0.7606321932127296,-0.11555622682910831,-1.3802168591365849,-0.7507378069667692,-0.5757602382692154,0.08763384865672971,-0.6266828125785655,-0.7322296021588528,-1.7433778507730178,-1.3906214715691445,-1.4512483478588625,1
2017-03-27,0.4831782785967811,0.8779632820609512,0.14183130755787304,0.7481119403135772,1.2153100932829983,1.3234169765387098,1.4062920824880596,1.5048601231035605,0.8709886444315498,-0.027303654955095725,-1.3238682766206122,-0.6785091595001765,-0.49911737694397135,0.18101236012303556,-0.551324590964044,-0.6595340424201901,-1.6961908441900952,-1.3345353694655788,-1.396691698927591,-0.585890074509752,0
2017-03-28,0.9298312085940225,0.19439349510563458,0.8001023322841012,1.26685986118749,1.3748647866461439,1.457661731400026,1.5561368104946802,0.9228631488870119,0.025418047210643273,-1.2699237580292497,-0.6251732921982709,-0.44595069767532375,0.2335375952244251,-0.49810867401161796,-0.6062160709365536,-1.641895180624046,-1.2805807905223245,-1.342678499087736,-0.5326415581478302,-0.5185004958012501,0
2017-03-29,0.27485125624071594,0.8903289808022546,1.3646143868888432,1.4743612185058048,1.5584935144702303,1.6585568021209889,1.0150696869475304,0.10315056806579131,-1.2130825424370715,-0.5579335248527023,-0.37582042381089326,0.3146266733922139,-0.4288196053033343,-0.538670561048967,-1.5910531295049775,-1.223911451818632,-1.287010673791951,-0.4639094366647361,-0.44954030690843444,-0.5243014312926654,1
2017-03-30,0.9298602977309207,1.4003631421965859,1.5092347114757971,1.5926960283425924,1.6919612826854018,1.0536061611052052,0.14895985773961254,-1.1567759176479717,-0.5068519006604962,-0.32619120363076076,0.35874938070553114,-0.37876770150848166,-0.48774256449668874,-1.5317320812945932,-1.1675184633833027,-1.230114451033399,-0.4135776814393124,-0.3993231495982001,-0.4734880326555764,-0.6133477146328554,1
2017-03-31,1.4880161919792165,1.599427404807393,1.6848356210931297,1.7864164327894074,1.1331704220890915,0.20742146388304517,-1.128773167389236,-0.46368839403545153,-0.27881343081298327,0.4221047402151389,-0.3326163789434777,-0.44413329500963394,-1.5124759212471897,-1.1397663041388861,-1.2038224663531885,-0.3682383701418619,-0.35365132330097987,-0.429546248168752,-0.5726684323901478,-0.09319854492467385,1
2017-04-01,1.7805808145200974,1.8714330849048753,1.9794888173798397,1.2846038780507165,0.2998462245483767,-1.1215195550728936,-0.4140412317300386,-0.21738204744417486,0.5282137507259571,-0.2746144801494367,-0.3932396599216435,-1.529680126232234,-1.1332134116570738,-1.2013526144456572,-0.31250707311932713,-0.29699022495954935,-0.37772281176186573,-0.529967829213586,-0.019935776657453597,0.07800027223504952,1
2017-04-02,2.1198156538400226,2.237620987574701,1.4800383002902884,0.40642840138464364,-1.1431836940785058,-0.3718713529145052,-0.15746809724129493,0.6554009641475302,-0.21986447067620757,-0.3491929067741153,-1.5881715832115844,-1.1559326583952672,-1.2302198927794663,-0.2611760185103267,-0.2442591235515472,-0.3322760118153358,-0.49825772032392684,0.057793261799388776,0.16456583795225715,0.4302101232832165,1
2017-04-03,2.542223040426539,1.7036085990867567,0.515164379466399,-1.2001956776494893,-0.3463830457870445,-0.10904701700010587,0.7907672808193269,-0.1781173650004202,-0.3212788917987189,-1.6927798883393625,-1.21430828313482,-1.296541349712798,-0.22384763469807661,-0.20512129280407998,-0.30255254990472225,-0.4862878174733408,0.1292388986944983,0.24743196963413486,0.5414898166217263,1.1065368285535782,1
2017-04-04,2.105134750101295,0.7016261143171909,-1.324150622945525,-0.31582950666856885,-0.03554444113004395,1.0271029399940017,-0.11711396563496493,-0.2861824299821054,-1.9058743438745398,-1.3408170876773768,-1.4379312956341204,-0.17111972154490557,-0.14900460488148676,-0.2640673133186866,-0.48105186376989384,0.2458624056885083,0.38544404781775704,0.7327154812208361,1.4000150883691571,1.230786369553445,1
2017-04-05,0.8226877212987883,-1.3931273116601877,-0.2902155018842308,0.016363130553491895,1.1786975569082867,-0.07285843829201882,-0.25778723029991063,-2.029422586530934,-1.4113572589292132,-1.5175817593621794,-0.13193047896183935,-0.10774074123947855,-0.23359749257754983,-0.4709373829838821,0.3241687786727824,0.4768445870508598,0.8566935844736996,1.5865926270527004,1.401488547090303,1.253019649620462,1
2017-04-06,-1.3277280781973066,-0.3284260449173101,-0.05064803216989812,1.002494336342444,-0.13148794554235688,-0.2990441510589518,-1.9042484820126908,-1.3442454671771427,-1.4404910221942553,-0.18501063867893838,-0.16309333407107912,-0.27712684645109253,-0.49217054528470866,0.22824172791269404,0.36657486061880995,0.7107400713813277,1.3720709147662444,1.2043558882017702,1.069834460644847,1.989408327887567,0
2017-04-07,-0.47431451610922576,-0.20525990297555724,0.8148093592825065,-0.28356110256677225,-0.44585533747587747,-2.0006494912448796,-1.4582329298330359,-1.5514559690320078,-0.33540295769887596,-0.3141739487723756,-0.4246263285493771,-0.6329167494658928,0.06487154394423705,0.19886043361800843,0.5322174071232465,1.1727796764706402,1.0103316081635205,0.8800347200421839,1.7707300945670224,1.681814390512557,1
2017-04-08,-0.29562292025010967,0.6698636136866387,-0.3697343130677537,-0.5233443708725023,-1.99494328483702,-1.4815508072829593,-1.5697855893016088,-0.4188021703949586,-0.3987091012223931,-0.5032513016999368,-0.700396342711904,-0.03994589512676082,0.08687340378123376,0.40239283057069875,1.0086793525602344,0.8549236928049635,0.7315988407095889,1.5746341342541201,1.4904762068501933,1.4766440215502392,1
2017-04-09,0.5404698414759314,-0.44084070745365406,-0.5858382745573981,-1.9749287112564644,-1.4903207286898363,-1.5736084307418425,-0.4871574658555144,-0.4681909594476301,-0.5668717681495138,-0.7529634324703343,-0.12954261315036247,-0.009833721257130805,0.2879954047275223,0.8602891198175487,0.7151541142615769,0.5987437452218902,1.394512383639582,1.3150729582500444,1.3020163052880955,1.4658429403474866,1
2017-04-10,-0.46623956003050376,-0.6051698624827535,-1.9361353287243301,-1.471805237305729,-1.551607856534223,-0.5106182443209388,-0.4924453706352406,-0.5869969887970553,-0.7653018509016453,-0.1679673941022209,-0.053267589897568794,0.23209920196406256,0.7804459123063908,0.6413839223636681,0.5298446179304417,1.2923151877868526,1.216199818291688,1.2036895066964615,1.3606609953439275,1.3509161210487017,1
2017-04-11,-0.6735073839611423,-1.9399872168300116,-1.498154042723389,-1.5740902036730802,-0.5835368170273482,-0.5662444239397932,-0.6562149908735874,-0.8258809346456706,-0.25748749228956275,-0.14834492432391613,0.12319577002919069,0.6449749353666755,0.5126505360880053,0.40651534083323765,1.1320440073327696,1.0596164478791035,1.047712264231874,1.1970784422055232,1.187805709680316,1.4118549766407915,0
2017-04-12,-1.9839756416306848,-1.5545602916689096,-1.628362249149577,-0.6656485958745251,-0.6488422095175399,-0.7362841327372103,-0.9011815756890658,-0.34876296325951117,-0.24268787255709826,0.02122110741090247,0.5283355479216306,0.3997301566681898,0.29657791576699155,1.0017154303100102,0.9313234642640927,0.9197538504676178,1.0649220572612734,1.0559099370408644,1.2736622472313492,1.2171538177411996,0
2017-04-13,-1.8743642005665335,-1.9559428716341354,-0.891785454489913,-0.873208133355705,-0.9698640505612153,-1.1521371869069805,-0.5415087183217578,-0.42425620594571456,-0.13253841683103534,0.4280120556532824,0.2858551634958764,0.17183348957795616,0.9512732676001018,0.8734639080669762,0.8606751725035725,1.0211401492570067,1.0111783973444641,1.251875862474617,1.1894129856175732,0.7708847870215731,1
2017-04-14,-2.2838282962180414,-1.1193275475667106,-1.0989985022392095,-1.2047684627112731,-1.404228805997029,-0.7360219247974809,-0.6077132401579726,-0.2884883037471638,0.3249185422217329,0.1693571518895635,0.0445839533939682,0.8975199856129711,0.8123736943137344,0.7983790616607449,0.9739748734750864,0.9630737911980246,1.2264675089195385,1.1581147768038864,0.7001220092444962,0.674489734701127,1
2017-04-15,-1.4732369050769452,-1.4496715353051572,-1.572279763538074,-1.8034936089800904,-1.0289101503944287,-0.8801750991536625,-0.5101304883169919,0.20092893001428944,0.020602622195405797,-0.12403410386765834,0.8646868452529319,0.7659855138899445,0.7497629767282069,0.953313127220733,0.9406766245894892,1.2460018503282804,1.1667675635593748,0.6358636894979064,0.6061508319595673,0.6911910793968825,1
2017-04-16,-1.6374731016261728,-1.7656126176004956,-2.007257331568784,-1.1977296930457735,-1.0422846813276194,-0.6555460586028897,0.08759174713119597,-0.10086971368897524,-0.2520315103884888,0.7812941128584795,0.6781400178262267,0.6611856250441082,0.8739186376365724,0.8607120579957688,1.1798115768844673,1.0970027531907536,0.5421479409843958,0.5110946320992537,0.5999713437360397,0.7859342624620064,1
2017-04-17,-2.002534144035602,-2.257679644273128,-1.40292337464431,-1.2387935883024437,-0.8304477249237708,-0.045790514444406565,-0.24478139202995097,-0.4043886584266911,0.686669278334966,0.577751922989848,0.5598502815403898,0.7844687721483132,0.7705243356508454,1.1074520715627327,1.0200166859569608,0.4341619147320942,0.4013736451299303,0.4952159339912958,0.6915686749421858,0.8982855241006553,1
2017-04-18,-2.625300444564203,-1.6978217408340577,-1.5197278363038633,-1.0766400164221974,-0.2252243809873824,-0.44114534905154257,-0.6143319588530057,0.5695528944533349,0.45136887973639866,0.4319441714351711,0.6756731429621379,0.6605423175485553,1.0261357748390076,0.9312614100835409,0.29556227209918895,0.25998438531588947,0.36181075093705684,0.5748691304094599,0.7991733936352037,1.1623132035612929,1
2017-04-19,-2.279551976340301,-2.064271392201817,-1.528665162778058,-0.49947072838926315,-0.7604768097328186,-0.9698254374771306,0.4612590426168056,0.31839775945717,0.2949170987302391,0.5895375996407654,0.5712474007587411,1.0131781521245333,0.8984936618372105,0.13005814394221415,0.08705146008446876,0.21013955526353295,0.46768532871049145,0.7388251688940923,1.1777899420628013,1.143681192796311,1
2017-04-20,-2.4766639109584,-1.8893599200359739,-0.7608256246040555,-1.0470245237337632,-1.2765798907440515,0.2926356641432772,0.13598513033932721,0.11023807028504343,0.43329591854508986,0.41324031387123356,0.8978270862613063,0.7720730245224919,-0.07053339346450029,-0.1176911666165549,0.017277632404842574,0.2996822279476069,0.5969930161533757,1.0783275283260683,1.0409265358261601,1.55017628153139,0
2017-04-21,-2.404825341306321,-1.1007893052079365,-1.431495850385624,-1.6967500584968966,0.11649889659668686,-0.06451282983579754,-0.09426389213871608,0.27903364749367077,0.25585913580508957,0.8158054452536734,0.6704949935846856,-0.3031476664128839,-0.3576390857887534,-0.20168088550609253,0.12464129259537968,0.4681877699248551,1.0243760504509687,0.9811587178425172,1.5696034132865295,1.3494455522449436,1
2017-04-22,-1.4519343455810505,-1.8202632352280523,-2.1156936987990878,-0.09616313908681934,-0.2977673987610307,-0.33090304697738204,0.08486213906354866,0.05905121308450487,0.6826989921459049,0.5208575103313088,-0.5635501770858614,-0.624240732766334,-0.45054017685325765,-0.08709443536445025,0.29553510246013703,0.9149973259573704,0.8668634369694058,1.5222516790591016,1.2770478822581142,1.613985105173842,1
2017-04-23,-2.022721699639537,-2.332211968186367,-0.2165701088166585,-0.42776889892299425,-0.46248150283320694,-0.026929672717722335,-0.0539689641846156,0.5993587809886155,0.4298151155745284,-0.7062005218659546,-0.7697793963962363,-0.5878122727406029,-0.20706981722018003,0.1937694089851002,0.8427124041907297,0.7922877795632612,1.4788665453241712,1.2219932763886103,1.5749656487808648,0.6797458637280532,1
2017-04-24,-2.5424052434777273,-0.42957277710154934,-0.6404911131232114,-0.6751576216388843,-0.24018416742120427,-0.26718755300182445,0.3852726283246998,0.2159541025218386,-0.9185530024804947,-0.9820474496565665,-0.8003219629112576,-0.4200851010867344,-0.019778155384718988,0.628303098550356,0.57794543354864,1.2636124809270208,1.0070803179110546,1.359583972923041,0.465552963834677,2.03247914874302,1
2017-04-25,-0.7052917843415535,-0.9220450217997049,-0.9576705539078805,-0.5106638773505892,-0.5384142918348427,0.13209572300109862,-0.041906875927248996,-1.2077992898673775,-1.2730502644655068,-1.0862974750984473,-0.6955416387119483,-0.284160494262824,0.3818494533594573,0.33009868040231644,1.03473420494188,0.7711052673413945,1.1333606780413548,0.21459695525160818,1.8248710065410683,2.4001295986877884,1
2017-04-26,-0.9397361290733577,-0.9699911260273434,-0.5903705326678822,-0.6139375829267683,-0.0445066928875728,-0.19227846748387825,-1.1824130520095302,-1.2378274674831438,-1.079227588713836,-0.7473780431764481,-0.39801244677096537,0.1675967594424671,0.1236473954461496,0.7220593878307431,0.4981724103712602,0.805817958345461,0.025557510584813342,1.3930833729049055,1.8816219552987123,2.3781223789961996,1
2017-04-27,-0.9642225149490259,-0.6577201448006957,-0.6767479765045297,-0.21699442128203153,-0.3363040687223252,-1.1357301331444463,-1.1804712509345556,-1.0524190862249325,-0.7844866452060009,-0.5024118968396222,-0.0457439359474736,-0.08122827074652851,0.4019243748144771,0.22115997362800224,0.4695503172213691,-0.16042519189223714,0.9437033126521827,1.3381451212155568,1.7390152513004986,2.681407186362283,1
2017-04-28,-0.7434279420718047,-0.7603004536766864,-0.35262409219645363,-0.45841930009736714,-1.1672927944161864,-1.2069659973790283,-1.093418554416412,-0.8558353504665192,-0.6057117662697521,-0.2007714877524714,-0.23223644182645178,0.19618854878952194,0.03589968854309887,0.2561543670609461,-0.30246257120895154,0.6765991157016377,1.0263617211326657,1.3818244994031823,2.2174698376722355,2.1889689734747915,1
2017-04-29,-0.8279700197502045,-0.4582510044002893,-0.5541959837752141,-1.1970687011817525,-1.2330480684473486,-1.130072637997539,-0.914609990349543,-0.6877745541980551,-0.32053687452162705,-0.3490722347667572,0.03946357610712075,-0.10590133876479818,0.09384618295109858,-0.4127598503863164,0.47514476477730105,0.7923421750383584,1.1147090346191852,1.872550304897402,1.8467030582985542,1.956502161850458,1
2017-04-30,-0.5586121082357588,-0.6444400253275636,-1.2195240646344925,-1.2517095335439188,-1.1595925018376299,-0.9668496362995708,-0.7639332030027859,-0.43541945137553995,-0.4609458577519834,-0.11337978832203166,-0.24341648167448274,-0.06473163703939128,-0.5179178372008513,0.276360343816827,0.5601103973056744,0.8484847997757611,1.526414360425457,1.50329261551926,1.6015137878807837,2.0842958215221783,1
2017-05-01,-0.6810312155763759,-1.1446555667176188,-1.170603021557946,-1.0963396163252856,-0.940953133890683,-0.7773648697536788,-0.5125218824179281,-0.5331008983257751,-0.2528982107109806,-0.3577318931980483,-0.2136787818431285,-0.5790308758592264,0.06130459014286597,0.290059737988046,0.5225429684252271,1.0690798764125748,1.0504394634525698,1.1296239377066701,1.5188357603115765,2.618023631737148,1
2017-05-02,-1.119794234217981,-1.1415933981113964,-1.0792026876578285,-0.9486582693995593,-0.8112233108301538,-0.5887215000559848,-0.6060104921093844,-0.37060457857072276,-0.45867821200216435,-0.3376552676283754,-0.6445975178517507,-0.10663424337861797,0.0855491900265474,0.2808646872095023,0.7400252370334506,0.7243649181445028,0.790889952784752,1.1178774111859822,2.041335095429449,2.432467219999807,1
2017-05-03,-1.1697645385350195,-1.1154035952724413,-1.0016604167993348,-0.881913519692812,-0.6880479870937378,-0.703111862937586,-0.4980030027159308,-0.574741442703064,-0.4692943117961343,-0.736732687284722,-0.26800599979574363,-0.10055682918370636,0.06962130444352058,0.4696872824703272,0.45604246739437887,0.5140056418370068,0.7989093806228099,1.60351683602133,1.9443097373582163,2.351143543662692,1
2017-05-04,-1.1542241508552697,-1.0545707816286078,-0.9496573977114795,-0.7798067415247708,-0.7930045965663067,-0.6133033674138151,-0.6805359188210537,-0.5881509335303093,-0.8224606788329198,-0.41179698645356844,-0.26509039490491426,-0.1159928875878661,0.23451536405869303,0.2225607852167231,0.2733438361374108,0.5229554423577443,1.227893047511025,1.5264706086680662,1.8829083314202415,2.3379474204609862,1
2017-05-05,-1.1231435710034645,-1.0279391126801785,-0.8738068264612583,-0.8857833216742158,-0.7227120571441761,-0.7837227537724984,-0.6998872872818012,-0.9125134704103793,-0.5398535396535975,-0.4067235131559497,-0.27142383172841844,0.04664758099249615,0.0357993063430789,0.08188277705380291,0.3083947517336363,0.948095811260471,1.2190423189043165,1.542494475851341,1.9554232021067608,2.1097290607200714,1
2017-05-06,-1.1068808584417733,-0.9646753574512649,-0.9757251092174201,-0.8252723297347822,-0.8815620072101915,-0.8042137448471103,-1.0003868740288366,-0.6565634386384962,-0.5337350385712446,-0.4089048718796896,-0.11544588475682076,-0.12545471787833742,-0.08293719477813513,0.12604724079913357,0.7162481123087258,0.9662287283517258,1.264652096702866,1.6456283206402769,1.7879939629607295,1.9749589656706596,1
2017-05-07,-1.0558770159607016,-1.0662392048840676,-0.9251482412101313,-0.9779353340588685,-0.9054000115953112,-1.08936640914781,-0.7669371393149813,-0.6517516479494583,-0.5346889484456445,-0.25949023537221233,-0.2688762760636663,-0.22900437520637013,-0.033023845568809405,0.5204522019248491,0.7548779542346047,1.0347321434909973,1.3920023963705037,1.5255094391657453,1.7008406792821056,1.8353238703092591,1
2017-05-08,-1.105553085753402,-0.9815938151795552,-1.0279713389759437,-0.9642434755516025,-1.1258721146713073,-0.842593185536608,-0.7413938661857403,-0.6385452750071205,-0.3967620250586636,-0.405008384197424,-0.36997785057597,-0.19779387175865093,0.28847743393577396,0.4944384997854551,0.7403119438667365,1.0542013581245153,1.1714975705142436,1.3255395592262882,1.4436933929664486,2.2791485300325465,1
2017-05-09,-1.052918831424797,-1.0949648898864803,-1.03718894042135,-1.1837221455865345,-0.9269002749827372,-0.8351525457078833,-0.7419095796456296,-0.5227078666128122,-0.5301840505498114,-0.49842522118543914,-0.34232250058089475,0.09853311381607367,0.28525828382656615,0.5081681840921346,0.7927416494700735,0.8990828897899501,1.0387380057330948,1.1458567691824202,1.9032839162076836,2.0947340344663594,1
2017-05-10,-1.1627484401741437,-1.1095099511749005,-1.2445351044338495,-1.0078828562322464,-0.9233405765999089,-0.8374204892812557,-0.635433882467358,-0.642322920898937,-0.6130582856415896,-0.4692151631902187,-0.06298234495686748,0.10907827891025053,0.3144818487862108,0.5767062076458359,0.6746958902966158,0.8033831281985117,0.9020892708461764,1.6000315324263104,1.7764460285821861,1.9515378293592,1
2017-05-11,-1.187978382626186,-1.3130857156085178,-1.0938159654754023,-1.0154834557631998,-0.9358743406124022,-0.7487239833143422,-0.7551070105073183,-0.7279919109915561,-0.5947143032022142,-0.2183199556868,-0.058897468515028535,0.13141887027074706,0.3743824173441905,0.4651745961370825,0.5844095441018757,0.6758655577228379,1.3225428086976327,1.485999369055365,1.6482303881920468,1.9619689407812078,0
2017-05-12,-1.4376322358223699,-1.2185463904048666,-1.1402795793032252,-1.060737233470462,-0.8737438418879863,-0.8801215155435959,-0.8530291578545663,-0.719863331925436,-0.34378467180144645,-0.18449589457893942,0.0056608231367181044,0.248420593163845,0.33913662324123667,0.45827156712802464,0.5496508752656003,1.1957857486627255,1.3591052156355776,1.5212001692665538,1.834675584787079,1.20032665230552,1
2017-05-13,-1.3687501498518015,-1.2906131339419395,-1.2112026986072102,-1.0245194109216518,-1.0308865080459888,-1.003839079461806,-0.8708940915056508,-0.4954391082777535,-0.33641449050031497,-0.14657312264108613,0.09578406229967437,0.18634965179624227,0.30528702607885505,0.39651479367635456,1.0415781375371738,1.204626760697193,1.3664529012093407,1.6794084590647471,1.046111510689702,1.4570184907059085,0
2017-05-14,-1.4363649893981059,-1.3567636542872195,-1.1696315868199962,-1.1760139902124662,-1.1489015406012537,-1.0156369577664777,-0.6392793945193028,-0.47987248738896987,-0.289574747839082,-0.04663494510809996,0.04414836074639436,0.16337165611773505,0.2548187319250468,0.9014327844229751,1.064873370497349,1.2270885351203697,1.5407964266670584,0.9059770556384144,1.317871840974864,1.3382955318307683,0
2017-05-15,-1.5319917974996897,-1.337958544703141,-1.344576322765779,-1.3164640015556928,-1.178284795607809,-0.7880476588101681,-0.6227620339177194,-0.4254463632021028,-0.1735472590258463,-0.07941598386288248,0.044204110347196256,0.13902363442867502,0.8094839655106628,0.9789520261386986,1.147149473378709,1.4724265007134947,0.8141958234912617,1.2412807485416728,1.2624576383421147,0.8893208400583293,1
2017-05-16,-1.5317893498557789,-1.5387421936052377,-1.509206513357537,-1.3640311358688353,-0.9540358456507471,-0.7803816201642627,-0.5730756309303978,-0.30842258645099535,-0.20952533695869283,-0.07964621571880204,0.01997412952344479,0.724380635468619,0.902429058204761,1.0791425349410084,1.4208887109144086,0.7293310602182342,1.1780397844333108,1.200288884431579,0.8082597424620913,0.7861218879638142,1
2017-05-17,-1.72272702935786,-1.6925074423450386,-1.5439704892311683,-1.1244816457819995,-0.946806409145409,-0.7347001929556037,-0.4639190347503187,-0.3627317923608705,-0.22984528449846275,-0.12791820287894487,0.5927990286283513,0.7749702113553615,0.9557755370422454,1.3054349393148938,0.5978640818188249,1.0569627794316936,1.0797270634338192,0.6786203793163658,0.6559699167342506,1.251483586229856,1
2017-05-18,-1.9108860197138093,-1.757900486909821,-1.3258482408185603,-1.142851752920457,-0.9243931012880962,-0.6455022334408259,-0.5412845026647762,-0.4044181351945426,-0.2994384075118058,0.44286380989420854,0.6304908943790991,0.8167112153439542,1.1768426764733402,0.4480805579476784,0.9209289461200039,0.9443750047872816,0.5312554510698467,0.5079266226959053,1.1212755174318916,1.4117721843194646,1
2017-05-19,-1.9750900530949067,-1.5381655860273058,-1.353105460374741,-1.1321832668106449,-0.8501473674336734,-0.7447543810754864,-0.6063445817805676,-0.500181005533372,0.2504920986511494,0.440235039783071,0.6285553534275943,0.9927479902018908,0.2557676755835902,0.7339483397857811,0.7576587979091078,0.33988052577609185,0.31628861994338175,0.9365542044496065,1.2303267805976248,1.8175162760218093,1
2017-05-20,-1.719557891769583,-1.538395122858723,-1.3221255393447016,-1.0460293015234734,-0.9428558860450915,-0.8073609900147084,-0.7034332132308033,0.03143075393355535,0.21717771847028258,0.4015320159814311,0.7580547745299001,0.03659522748674828,0.5047054314598131,0.5279165485528124,0.1189366653741638,0.09584160386662934,0.7030444270194915,0.9906301678017545,1.5654534826098832,2.1284391277005823,1
2017-05-21,-1.721803532320398,-1.5050759862932777,-1.2283950997901805,-1.1250032090372373,-0.9892213952531417,-0.8850735457939052,-0.1486534645254719,0.03748682923165511,0.2222315069156278,0.5795092216434583,-0.14347805492085267,0.32562339766857107,0.3488836655544976,-0.06096225459552798,-0.08410622114202498,0.5243823867538123,0.8125771058604431,1.3886176400554133,1.9527954376285612,1.6996655723599658,1
2017-05-22,-1.6255632370457338,-1.3632480156430455,-1.2652243788935755,-1.1364925499790584,-1.0377522049743892,-0.3395681016024619,-0.16309247661086834,0.012059994678821335,0.35078734236652775,-0.3346614066245633,0.1100836314282912,0.13213619312670963,-0.25642994399942354,-0.27837224288935,0.29852277114127596,0.5717540105846814,1.1178857010460141,1.6527705850411534,1.4127835823581147,2.1416207464908448,1
2017-05-23,-1.423335881547937,-1.3357047322523534,-1.2206210800559603,-1.1323492080714883,-0.5081867363733606,-0.3504210958248999,-0.19383832793284628,0.10897707210768506,-0.5038002502725126,-0.10620717863726273,-0.08649263436379058,-0.4338629044623699,-0.4534788760144748,0.06225360217955598,0.30651680572787676,0.7947474946604143,1.2729237660134811,1.0583802379574205,1.7099459261956753,2.434554000967144,0
2017-05-24,-1.3612910967628908,-1.2607998118284096,-1.1837206292512545,-0.6387006581976051,-0.500939372083997,-0.3642109728390935,-0.09979193445046301,-0.6348703693928215,-0.28769127064915445,-0.2704764895040613,-0.5738009332806032,-0.590929640519971,-0.14059096576433391,0.07270017262337132,0.4990242276816037,0.9165687443558387,0.7292288885443623,1.2981774053896922,1.9309066863775919,2.461208019552186,0
2017-05-25,-1.384430100358847,-1.309391989579003,-0.7788042537242059,-0.6446909133521903,-0.5115831088030192,-0.25416593815457733,-0.7750753917144869,-0.43708966326055004,-0.42033073287979206,-0.7156230861887477,-0.732298221917602,-0.29388460315697384,-0.08624145573938176,0.32879345514008934,0.735281311525374,0.5529022516567754,1.1067849007408268,1.7227593868855862,2.2390182372648346,1.65806991561586,0
2017-05-26,-1.4677818022917772,-0.9269695143057707,-0.7902717778999582,-0.6545989542319579,-0.39222129335182376,-0.9231687962363803,-0.5786700022389762,-0.5615881232754258,-0.8625708306131848,-0.8795673001819175,-0.4327053464954384,-0.22106086613704765,0.20197186639527895,0.6162928406561949,0.4303992928353573,0.9949553925806998,1.6227998538859965,2.149007135358167,1.5568638010866913,1.1188844244612581,0
2017-05-27,-1.081322378257564,-0.9366023248735091,-0.7929673328081717,-0.5151916352162845,-1.0772986092006498,-0.7125823734464568,-0.694498018134485,-1.0131443587314293,-1.0311382922668415,-0.5580515573056579,-0.3339863949903257,0.11387266431065737,0.5525087024025349,0.3557057057200012,0.9533936487806717,1.6180841282721976,2.17517269365749,1.548278516767986,1.0845956465690274,0.3451715687507769,1
2017-05-28,-1.0501470075782942,-0.9043197133189878,-0.6223043227212006,-1.1929907405763918,-0.8227078375893545,-0.8043474605973111,-1.1278573031971173,-1.1461258783042008,-0.6658184161923437,-0.43833334526092416,0.016361390947032445,0.46169233488904704,0.261885532273134,0.8686959918601713,1.5435316482027295,2.109123061442628,1.4726605930134413,1.0019005269374468,0.25119061267526793,0.7879103330951804,1
2017-05-29,-1.014418256191148,-0.7337065546923107,-1.3017548269473644,-0.9331836524696419,-0.9149081510699779,-1.2369224857320564,-1.255106609624722,-0.7770194930095143,-0.5505860306676774,-0.09799323850500048,0.345279047943848,0.14639590396200544,0.7504012252208985,1.422117279165546,1.9850940997821924,1.351573843762843,0.8829899878754602,0.1357504243967005,0.6699890190623776,1.1260084677374915,1
2017-05-30,-0.8352365037476931,-1.4121368926866138,-1.0378221305559712,-1.0192618349253455,-1.3462942439369692,-1.3647617380894417,-0.8792244043922759,-0.6492623415288236,-0.18961662023638015,0.26056335028444433,0.05858093308416108,0.6719987036763383,1.354182369579983,1.9259322764814046,1.282539628445768,0.8066536484765271,0.04776956087932094,0.5903334029015859,1.0534591796247716,0.6816036566651856,1
2017-05-31,-1.4941482781322004,-1.124672601388936,-1.106352250490547,-1.4291568333201645,-1.4473855824640618,-0.9681252029622014,-0.7411360553311586,-0.2874325653325507,0.15692754570787887,-0.0424436729438413,0.5630439242479214,1.2364084215182158,1.8007668309430938,1.1656918670504333,0.6959580700157348,-0.05311527734215371,0.48243438029500946,0.9395729360870653,0.5725247058378365,1.0806396380046608,1
2017-06-01,-1.2826075880766854,-1.264267526975778,-1.5874194035737665,-1.6056677643691695,-1.1258917659694323,-0.8986584089291888,-0.44446679576521714,0.0003713862372918904,-0.1992143286933328,0.4069246906916571,1.0810136364555087,1.6459792186689604,1.010221000606006,0.5399818339787402,-0.2098974142846121,0.32622842184766493,0.7838587964680567,0.4164156723113754,0.9250772669450424,1.4820190724268494,1
2017-06-02,-1.3771671243096888,-1.690352545502015,-1.7080381013525463,-1.2430590651214888,-1.0228339023193926,-0.5826501931350596,-0.1515314422258732,-0.3449616548323139,0.24248319025317852,0.8957822910434134,1.4433235452902684,0.8271729990001454,0.371436665324139,-0.3553152591367714,0.16427570709504985,0.6077921215275986,0.25168145673825265,0.7446552170543232,1.2844201590553437,1.6428859355534275,1
2017-06-03,-1.8151376036828617,-1.8325151547508993,-1.3756340131027958,-1.1592442063359751,-0.7267265659340144,-0.30311601200913824,-0.4931775190422227,0.08403661442374996,0.7259581114144251,1.2639635995057792,0.6585436921957062,0.2107442857791396,-0.5033508089890896,0.007191162464589117,0.44298346701253677,0.09307468746667276,0.5774630079410678,1.1078276130251208,1.4600504885674812,1.5770651540507483,1
2017-06-04,-2.0767703350821827,-1.6026723363758932,-1.3781282154289913,-0.9293118187179338,-0.4897381582201868,-0.6869618383012723,-0.08799628565437285,0.5781150271304011,1.1363944174265495,0.508160200104167,0.04348616773301749,-0.6975184928978485,-0.16773753925940593,0.284476922235957,-0.07861762684969127,0.42402411604476437,0.9743746885108688,1.3398705367107584,1.4612947183366036,1.4452558525546821,1
2017-06-05,-1.82917919551132,-1.6033062144983852,-1.1518337064446877,-0.7096586334447915,-0.9080494902545779,-0.3055392382386398,0.36451414490344175,0.9260974524178422,0.2941453227315347,-0.17327866703211556,-0.9186686195072045,-0.3857524034086886,0.06913827929714142,-0.29610507619875465,0.20951131834472633,0.7631188850041525,1.1307777505875545,1.2529205248237647,1.236786740465698,2.0343608259633466,1
2017-06-06,-1.6900613988936937,-1.2746287645977539,-0.8677513753448557,-1.0503052070721146,-0.4958917783024468,0.12067298945637704,0.6374265650463795,0.05592152697374696,-0.3741892238176076,-1.0600766389104914,-0.5697017355365322,-0.15112379056300362,-0.4872107208323027,-0.021956365403354532,0.48745815193894243,0.8257677684204032,0.9381602032995783,0.9233143369013589,1.6572201616720987,2.396955295565303,0
2017-06-07,-1.454015434051095,-1.0464335386139743,-1.2293034613966773,-0.6739300685211118,-0.05629772192076674,0.4613506099258827,-0.12116130123997068,-0.5520167866659764,-1.2390918124208843,-0.7478678273305664,-0.32856511671853805,-0.6652339798429555,-0.19917403880199291,0.3111225272539456,0.6500179251606922,0.7626049669841793,0.7477333950418232,1.4829099741131089,2.2239259557267315,1.673425733318153,1
2017-06-08,-1.1825869925309611,-1.3601056417952297,-0.8209839916060195,-0.22142525476171068,0.28107527274444927,-0.2843907485508289,-0.7026382254298406,-1.3696075589279146,-0.8927581296039776,-0.48572536178714687,-0.8125423742392154,-0.3601206202907209,0.13524327417587118,0.46422166691992267,0.5735141043259036,0.5590777152058598,1.272741019162832,1.9920728487912336,1.457681766788253,1.757257231409277,1
2017-06-09,-1.4571029417501071,-0.9371451883004684,-0.3588986761055678,0.12573970800989637,-0.41962596591844564,-0.8230062018775599,-1.466267098826792,-1.0063680057037483,-0.6138038349638965,-0.9290036410263337,-0.4926639045081572,-0.014908470986767418,0.30237588582701763,0.40778335778201136,0.3938601320088518,1.082155191416467,1.7759172801530911,1.2605219396686689,1.54944854003486,1.6209918950670004,1
2017-06-10,-1.071174037388553,-0.5158629364672951,-0.050447116473299164,-0.574181555690695,-0.9615622284595984,-1.5793090013862194,-1.1376512199229978,-0.7606576069251015,-1.0633554142154686,-0.6443225374898234,-0.18551666462283017,0.11918301236885744,0.2204096312281253,0.20703865246835632,0.8680333651688061,1.534278264444419,1.0393254235743223,1.3167921184027513,1.3854977973971583,1.853482053989077,0
2017-06-11,-0.633215287257436,-0.18941731217695817,-0.6888250968276569,-1.0582125365635267,-1.6472659274449772,-1.2261224667554749,-0.8666396239313997,-1.1552775862991136,-0.7557081385193024,-0.3182130887463285,-0.027666240428342443,0.06885855856659917,0.05610864108741659,0.6864011718379746,1.3217000261184937,0.849736979092476,1.1143157751435389,1.1798301816255543,1.6260772933969496,1.6635346780815545,0
2017-06-12,-0.2513168510331707,-0.7523462184742158,-1.1229330634529668,-1.7138991174338056,-1.291388199109259,-0.9307381113817909,-1.2203132845155393,-0.8194464301674244,-0.3805308289625784,-0.08904057170403816,0.0077976444175534045,-0.004993672189552345,0.6273454256193542,1.2647071025479997,0.7912115861086906,1.0566494725375037,1.1223766050468982,1.5700726862956045,1.6076516955368196,0.5291341303139486,0
2017-06-13,-0.793245662217583,-1.1599074093569746,-1.7446142028890297,-1.3265783400476765,-0.9697481042639142,-1.2562562206421413,-0.8596351770808686,-0.4253683827651314,-0.1369654660165476,-0.04115291898714436,-0.05380875542311777,0.5718328762987381,1.2024438901239844,0.7339634362906587,0.996589917812302,1.061620896560991,1.5045751718200655,1.541756160219536,0.4746617931547385,0.6798364974091227,0
2017-06-14,-1.2158206517672276,-1.8102637786542182,-1.3852669285967685,-1.0224948803265732,-1.3137738298143358,-0.9105483911298803,-0.46905033779473626,-0.17584503638248608,-0.07843705227627289,-0.09130362928134732,0.5447559684271408,1.18586769665457,0.7095862698904544,0.9765859158771146,1.0426997677760714,1.4930299629536812,1.5308300761889289,0.4459668263373316,0.654558028122989,-0.11107599620439995,1
2017-06-15,-1.929386146763114,-1.4880382895672741,-1.111309224086075,-1.4137946194138322,-0.9950557903938514,-0.5365718751148073,-0.23208601485663294,-0.13093042969586707,-0.14429202564620702,0.5162388476050693,1.182016223221027,0.6874107053304712,0.9646826936106929,1.0333401598074972,1.5009960180694013,1.5402504242511916,0.41364896683381464,0.6302653486389042,-0.16482509964898978,-0.3225598721813944,1
2017-06-16,-1.7578915108319466,-1.338366157859641,-1.6752137862255434,-1.2089063755577987,-0.6983388510056888,-0.35926350560667136,-0.246616682045328,-0.2614961505306696,0.47407079436616933,1.2154802424253313,0.6646877140865783,0.9734577013558459,1.0499146312282661,1.5706960282152285,1.6144097209405268,0.35982673972447815,0.6010506652537895,-0.28436177441774874,-0.4600151608591137,-0.23312428265607726,1
2017-06-17,-1.574606851686835,-1.9420580643355498,-1.4333852725805176,-0.8764312071894609,-0.5065498829522296,-0.38366876866491467,-0.3999000800297316,0.4024952558016237,1.2112639031575818,0.6104302756870631,0.9472529120880425,1.0306561758524562,1.5987520736210563,1.646437282150463,0.27787179735650314,0.5410116163471396,-0.4248431121835751,-0.6164551183801026,-0.36895054564766505,0.26067761158868835,0
2017-06-18,-2.1488191001612154,-1.6047869521438314,-1.0091173557883986,-0.6135244823382239,-0.48210153690045815,-0.49946113491723765,0.35871108342639063,1.2236996411042906,0.5811002840085818,0.9413364620629988,1.0305373343582596,1.6381232649455488,1.6891232139213992,0.22542467831450677,0.5068561275187394,-0.5261380313046056,-0.7310695570450638,-0.466360206495412,0.20703527363571472,-0.32056900620194867,1
2017-06-19,-1.957918616655969,-1.274420274573383,-0.8204990491201671,-0.6696983940793088,-0.6896175850809744,0.2950881847753875,1.287615331889465,0.5502676514210213,0.9636189991561549,1.0659721303200822,1.763143815378387,1.8216634725584226,0.14214931149141177,0.4650765351031631,-0.7202278672982239,-0.9553756051399229,-0.6516360768150862,0.12104847356591829,-0.4843486337417738,-0.2519018031545381,1
2017-06-20,-1.5565287773087446,-1.0507407054334996,-0.8827089671633072,-0.9049042042333251,0.19231796730712142,1.2982552178100883,0.4766552557606023,0.9372377741683808,1.0512861815987853,1.828119479049422,1.8933258252438263,0.02190368946444053,0.3817298633199039,-0.9390121391657827,-1.201028793729641,-0.862582777616765,-0.001608214211426181,-0.6761804052744936,-0.41717327438114626,0.4116370047956062,0
2017-06-21,-1.2187735289866672,-1.0389575085248253,-1.062709326152994,0.11146244925083626,1.2949605033278733,0.41574067790548536,0.908624441455002,1.0306712105669777,1.86198482755289,1.9317641787768898,-0.07090320135188326,0.31415804545054915,-1.0992092944855478,-1.3796015144519822,-1.0174198433874178,-0.09606402511053677,-0.8179448326288126,-0.5407731981034859,0.3461626132715563,0.12682732562612042,0
2017-06-22,-1.1570091294499245,-1.1817287863901396,0.04028815274479342,1.2720113978534258,0.3569651138291883,0.8699329101083438,0.996952842238998,1.8621408351465312,1.9347635561008365,-0.1495085352877053,0.25124319120917266,-1.2197160558123916,-1.5115337008778134,-1.1345938473092207,-0.17569461255488245,-0.9269906267350402,-0.6385247995598173,0.28455188149302185,0.05627911726261601,0.1701710959899914,0
2017-06-23,-1.3038974520318176,-0.04118953234033425,1.231547895970412,0.2860322057054295,0.8160809130227804,0.947330381932427,1.841327589073998,1.9163685168728066,-0.23730611095298745,0.17678993196755008,-1.3431496296496561,-1.6446842808719822,-1.2551930037008603,-0.26436413780351925,-1.0406769668298443,-0.7426057430443865,0.2112077421214264,-0.024666097276943095,0.09301828083830276,0.3780294969972376,0
2017-06-24,-0.07887917051961456,1.2394358652918396,0.2600606042638163,0.8090907223584336,0.9450403255185359,1.8710521909136228,1.948780386233308,-0.2820188194416347,0.14690628915419976,-1.4274633593161394,-1.739796174932448,-1.3363569457635474,-0.3100458129463286,-1.1141589412583341,-0.8054135808106265,0.18255662489217026,-0.06176401981941509,0.060134717263666496,0.35535238217977555,-0.6625132832613614,0
2017-06-25,1.2565593176823022,0.2919796720395647,0.8327154837681632,0.966611269438504,1.8786336907994265,1.9551876309298033,-0.24191045081198845,0.1805348015036144,-1.3700505339255888,-1.6776648760456283,-1.2803204829458497,-0.2695140349936144,-1.0614792675539189,-0.7573981842091276,0.2156465605826425,-0.024983083923318654,0.09507410487729948,0.385831858257093,-0.6166567096617448,-0.7587967658076638,0
2017-06-26,0.4282404325082725,0.9623095824239484,1.0945545842884483,1.9953327992973273,2.0709429158113903,-0.09906742814220142,0.31816955135222486,-1.2132988182330884,-1.5171206229564216,-1.1246750374343937,-0.1263306913083297,-0.9085318870533285,-0.6081997800152598,0.35284842209953987,0.11518546932601056,0.23376248858989077,0.5209355272731087,-0.46919348888556117,-0.609581118682344,-1.4162829002593027,1
2017-06-27,1.0149609172020682,1.1455747813532517,2.0352426080894594,2.109920133497503,-0.033324845713336555,0.37876584497585475,-1.1338130711014824,-1.4338874736786096,-1.0462823946857083,-0.06025183804796752,-0.8328051994567539,-0.5361774518984597,0.4130169792255052,0.17828541138041518,0.29539987670783635,0.5790308626326158,-0.3988856936482887,-0.5375417528434147,-1.334293504696922,-0.8029341892935377,0
2017-06-28,1.2523031082038194,2.1592466529471053,2.2353742789788265,0.05051141186844876,0.47060414821079766,-1.0713462771336182,-1.377247574428387,-0.9821159154675916,0.023061546712780327,-0.7644933845134521,-0.4621056699586089,0.5055203766888078,0.2662307521717937,0.3856193656888472,0.6747579453285548,-0.3221479574849082,-0.4634964631264965,-1.2757196731726221,-0.7340423341007649,-0.5705143374133951,0
2017-06-29,2.328053224891197,2.4063564655854566,0.15905345766021423,0.5911518214528616,-0.9948652604938435,-1.3095087632451026,-0.9030848274108603,0.1308191160637265,-0.6792429672339053,-0.36821346020699686,0.6270659039635939,0.380937736819811,0.5037382998701346,0.8011400313531387,-0.22425596385370558,-0.36964400018121935,-1.205079345126894,-0.6479216709562027,-0.47972028661872534,-0.7467795123327026,0
2017-06-30,2.945315181324344,0.3819050036396795,0.8747826172061581,-0.9343247063306778,-1.293226178206321,-0.8296343750991841,0.3496992003486131,-0.5743067666076098,-0.21952763755322308,0.9157483989923945,0.6349996764364048,0.7750734502170156,1.1143079115495813,-0.055320981839840265,-0.22115939825330425,-1.1741076471004313,-0.5385797954900547,-0.3467190900174074,-0.6513430480798389,-1.1535818151362554,1
2017-07-01,0.7607836374790682,1.3788096253896254,-0.8896548170804773,-1.3396862865835653,-0.758382177376178,0.7204003397849649,-0.438223393257326,0.006639014140916436,1.4301771800565246,1.0781425129577933,1.2537829357286798,1.6791536714399022,0.21253998798391713,0.004592927057747943,-1.1903219295123093,-0.3934248550153356,-0.15284808955232868,-0.5348202413416192,-1.1645843077819307,-1.6630757345179425,1
2017-07-02,1.4585542335496107,-0.8056823368141512,-1.2548750559003201,-0.6746543577363712,0.8013720644917419,-0.35509227258605236,0.08894101828376413,1.5098260514496111,1.1584474922984531,1.3337605635665888,1.7583385105372442,0.2944582422351283,0.08689874461479077,-1.1057890780653088,-0.31037722804433426,-0.07024883980827087,-0.4515090873791332,-1.0800994250713847,-1.5776617836858562,-0.8046074559357455,1
2017-07-03,-0.7674884488988634,-1.2440080385357286,-0.6284893151904781,0.9373319350831393,-0.2894865059082569,0.18155977903787598,1.6888850854292925,1.3161302305542228,1.5021085628580575,1.9525159280328888,0.3995797492187044,0.1793932625977939,-1.085852338409783,-0.24205119858858018,0.012685523892579159,-0.39176888731631127,-1.0585998421371754,-1.5864316632496545,-0.7663481770882953,-0.10966564138149544,1
2017-07-04,-1.3164312146111468,-0.6923285195293407,0.895329540652832,-0.3485980059172233,0.12901745043382093,1.657363787278281,1.2794105249176981,1.467982495217517,1.924671203178453,0.35007790856579685,0.126820719939831,-1.1560698885499283,-0.30050116983830105,-0.04221191070292436,-0.45230680871240064,-1.1284373312834273,-1.663630250055876,-0.8321099493837151,-0.16626937491611052,0.26822079331609067,0
2017-07-05,-0.8086960646626049,0.8549391135651282,-0.4485163832708886,0.05195528300195933,1.6534403850258732,1.2574002308147998,1.4549962820592959,1.9335397538040917,0.2835945533756415,0.0496534283277432,-1.2946297014140942,-0.39811788093017264,-0.12746823134083565,-0.5571881539430589,-1.2656747926173797,-1.8264792814038755,-0.9551667120903176,-0.2574624453110045,0.19782017919961314,0.20206043781000899,0
2017-07-06,0.8134201583580948,-0.5112031468137757,-0.002603939297744244,1.6248889012141008,1.222417148764352,1.423222113048701,1.9095370173547592,0.2327970979258452,-0.004943175546305703,-1.3710571447058058,-0.4599861847400255,-0.18494124898819228,-0.6216397212853009,-1.341632015052853,-1.9115438358206356,-1.0260813568917362,-0.31704653818323064,0.1456297682426336,0.14993888764787602,0.2308272147691642,0
2017-07-07,-0.42712717762344793,0.08194290814059565,1.7109425362487787,1.3080981619174634,1.5090890381898316,1.9958541891866786,0.31756188755982756,0.07960150614845826,-1.2877772572593937,-0.375862797164035,-0.10056321556227212,-0.5376659979890586,-1.2583248848319857,-1.828764349126771,-0.9424820792611244,-0.23279081227609938,0.23031385543178604,0.23462696436466837,0.31559018061908267,-0.7922626567129828,0
2017-07-08,0.0680233424535867,1.7038257144637532,1.2992990517735918,1.5011292710601167,1.9899271657147921,0.3046262727269371,0.0656721627071458,-1.3074168092139378,-0.3916941711266978,-0.11524493146630486,-0.5541730662359565,-1.2778414429297649,-1.8506630769440664,-0.9606796697652291,-0.2480247139889549,0.2170138905964291,0.22134501118197572,0.30264633188783135,-0.8098329270857222,-0.1579374058095591,0
2017-07-09,1.7215085203341325,1.3230794536080697,1.5218674033878816,2.0032974473058824,0.3433997844908802,0.10804752757805554,-1.2443443122483095,-0.3424247363006619,-0.0701425291834919,-0.5024545205194768,-1.215214747565672,-1.7794020066280583,-0.9028336836259707,-0.20092086769590103,0.25710801965697105,0.26137385548915476,0.3414496881104546,-0.7542607156421616,-0.11219148238645434,-0.7569420981652468,0
2017-07-10,1.4462484554734143,1.6334327710889986,2.0867608193302987,0.5237545689509904,0.30214027498796564,-0.9713098574893678,-0.12203705825250188,0.13435151384144012,-0.2727255968197959,-0.9438806414059031,-1.4751352073069097,-0.6497338597242737,0.01120695795209435,0.4424998200510316,0.446516650858232,0.5219183034391286,-0.5098333810391731,0.09475703874188561,-0.5123582461179831,-2.186573326559525,0
2017-07-11,1.6828380748445497,2.0985693431779224,0.665191079017871,0.461956375435152,-0.7058801191033551,0.07295820638195037,0.30808318194062384,-0.06523297218050628,-0.6807257461586236,-1.1679206932763906,-0.410974039642568,0.19515162474525438,0.5906751959849533,0.5943588907676531,0.6635071042600664,-0.2826762127822178,0.2717724762254325,-0.284991678074199,-1.820355663503881,-2.1863044280596116,0
2017-07-12,2.3167361970968106,0.8473082538747417,0.6389621669108085,-0.558245591220631,0.2401806353630613,0.4812190394425181,0.09851392786247208,-0.5324585820106946,-1.0319065553696012,-0.2559225794790763,0.36544723658788253,0.7709182851691676,0.7746946254300354,0.8455819268983461,-0.12439804296481616,0.443995114013956,-0.1267717425573601,-1.7007503632874832,-2.0759027943457937,-1.4172011574142456,0
2017-07-13,1.1382657739637212,0.9137082797080481,-0.3766542041143005,0.4838975605112742,0.7436911608049968,0.3312077676797405,-0.3488607079324707,-0.8871707239394683,-0.05080744134661688,0.6189111549342882,1.055931902429275,1.060002079694395,1.1364051214996675,0.09095101825859667,0.7035708420488065,0.08839262112052296,-1.608057262981895,-2.0124003015769114,-1.3024450957608102,-1.77853954500096,0
2017-07-14,0.9538789881304841,-0.13346858247727614,0.5916911167384253,0.8106109502584101,0.4630242674046157,-0.11004788408368472,-0.56366467430929,0.14111215768520954,0.7054627938721332,1.073726327608971,1.0771561369971525,1.1415385589410347,0.2605675189479047,0.7768028291463285,0.25841163876104917,-1.1711329142333644,-1.5118599783107958,-0.9136032264578403,-1.3147929303212302,-2.5354130942983617,0
2017-07-15,0.10917423214998474,0.6170411615291728,0.7703620696687827,0.5269290968974355,0.1255769613556121,-0.19211439217090948,0.3014773586527529,0.6967213649088003,0.9546354082340686,0.9570374815486993,1.0021278291976363,0.38513814066805463,0.7466844898531326,0.38362826601314487,-0.6175558915251796,-0.8561847176672656,-0.4371945009294341,-0.7181684480751637,-1.573032025419375,-3.18228388489008,1
2017-07-16,0.6303158935135513,0.7503208114103537,0.5597848025563014,0.24564480261874738,-0.0030135523249831503,0.38332278138754694,0.6926819229129193,0.8945523264295618,0.8964324392882848,0.9317248435220361,0.44880442638137047,0.7317882703743669,0.4476226411558883,-0.3360083983600215,-0.522784181496628,-0.19483878142501843,-0.4147582683854062,-1.083863576049936,-2.3434317563741107,-2.7142974471348613,1
2017-07-17,0.8233907781346622,0.6360320179237562,0.3271304025548853,0.08261850489029877,0.46251255717020767,0.766713036463869,0.9652171866957798,0.967065948073671,1.001769840224381,0.526902274874492,0.8051672731240168,0.5257401962941041,-0.24482354601114403,-0.4284847834662677,-0.10600797740830567,-0.32226023686797717,-0.9802080003827948,-2.218772480062906,-2.583453867290451,-1.0062491249342418,1
2017-07-18,0.7124040398799762,0.3996461170144933,0.15208174886396,0.5367183735644628,0.8447164716804546,1.0456987346983209,1.047570575891941,1.0827077091550439,0.6019119282794124,0.8836507685077594,0.6007353423862807,-0.17944806711468833,-0.3654021194066314,-0.03889953406227808,-0.25785147253890056,-0.9240130127599081,-2.1780396501316335,-2.5472736958674904,-0.9503792330014765,-0.46653502503909094,1
2017-07-19,0.4719882519265371,0.22377093808462178,0.6094220336022382,0.9182324700713665,1.1197448194811563,1.121621597615627,1.1568514043112723,0.6747875349142487,0.9572694552683679,0.6736078458011536,-0.10863328064643026,-0.2950777827480374,0.03228594613614889,-0.18724347336456473,-0.8551620003066468,-2.1124961059375047,-2.4827039985200456,-0.8815977608864851,-0.39647742424189325,-0.6401904705610794,1
2017-07-20,0.11986435978793475,0.4661723482163304,0.743478758861373,0.9244333501452878,0.9261186643270163,0.9577544191097558,0.5248694335742584,0.7785332938413341,0.5238100932314584,-0.17862885771312814,-0.3460527837094487,-0.052085838582172146,-0.24921944601068458,-0.8489986873711013,-1.978062885461907,-2.310503145766364,-0.8727375414165978,-0.4371079013565698,-0.6559579858125036,1.9643203521057542,0
2017-07-21,0.39576544076893583,0.6634279490204041,0.8380894711612296,0.8397161750662129,0.8702517312254798,0.4524212139167984,0.6972633902440669,0.451398714319381,-0.22661147327784298,-0.38821288692437056,-0.10446924864077711,-0.294747128269447,-0.8736678094259464,-1.963466471256198,-2.284345435827848,-0.8965810958590044,-0.47610137504792005,-0.6873404964236672,1.8418122577906264,1.145397077439874,1
2017-07-22,0.5527378163313253,0.7155779475459009,0.7170945533448654,0.7455634107711503,0.3560123784084473,0.5842832169497965,0.3550590833348131,-0.2770622136737642,-0.4277261669023645,-0.16318678396862626,-0.3405863308532655,-0.8803246689077506,-1.896363891025733,-2.1955252177701263,-0.9016871448760292,-0.5096662116407255,-0.706608307534885,1.65136705710151,1.002086448767503,1.618955024597917,0
2017-07-23,0.6586247639999954,0.6600946929479171,0.687687359198914,0.3101256094326189,0.5313709150798772,0.30920165409392586,-0.3034647314000354,-0.4494916728836178,-0.1930940663960498,-0.3650337553330034,-0.8881604689135334,-1.8729288680815075,-2.1628828525516406,-0.9088654680942669,-0.528909834041355,-0.7197906074215352,1.5656129228379154,0.9363153412474652,1.5341984413223215,1.1993906249555926,0
2017-07-24,0.609300685503187,0.636075161824526,0.26970903986283284,0.48439388196452454,0.26881248205603087,-0.32568684910939494,-0.4673837352118204,-0.21858894382404057,-0.3854302011445269,-0.8930449303052436,-1.8486125418467099,-2.1299686826724633,-0.9131359757031441,-0.5444469539692793,-0.7296676463292241,1.4879680887975208,0.8773307171096463,1.4574851233662254,1.1326051762829543,1.2322861033483938,0
2017-07-25,0.6431477480594633,0.27571065385965743,0.49102306901478376,0.2748114752086687,-0.321425713911105,-0.4635368125243111,-0.21401473687472056,-0.38134370947249646,-0.8904423129600131,-1.848803267887382,-2.1309818772706364,-0.910592089093552,-0.5408253047525454,-0.7265874396956072,1.4975309535269528,0.8851085486893696,1.4669588793933093,1.1411292336802012,1.2411015509674899,0.5120311520424473,1
2017-07-26,0.29421538594679875,0.5112524314662075,0.29330900496702983,-0.30770398289119344,-0.45095337683025566,-0.1994326549441533,-0.3681019154522125,-0.8812783465436589,-1.8473156744364216,-2.131754505542342,-0.901589520317591,-0.5288609419550082,-0.716111012548348,1.5258223409120932,0.9084944954180164,1.495005387599922,1.166565879839726,1.2673389651359432,0.5324287870844635,0.3386692530909597,1
2017-07-27,0.47096941882242843,0.25699720847944013,-0.33306453149853915,-0.473703732890329,-0.2267660496873148,-0.3923619342136274,-0.8961876151270974,-1.8446224711048642,-2.12387845224059,-0.9161286925749423,-0.5501917196121792,-0.7340298474021387,1.4670525288236411,0.8609732093946574,1.4367971009717404,1.114342193437847,1.213279060450881,0.4917599133623704,0.3015309331651915,0.8772334794434061,1
2017-07-28,0.2001947974280851,-0.36519606764029156,-0.4999550502179405,-0.26334199625287014,-0.42201420639750514,-0.9047745995488412,-1.8135547616082943,-2.0811348639137552,-0.9238819272482329,-0.5732450231987667,-0.7493967562489302,1.3596568977424213,0.7789181589033389,1.330666469508863,1.0216936167308892,1.116493867344904,0.42514191703713733,0.2428665373814899,0.7944985762160266,1.3263644139822268,0
2017-07-29,-0.39629722455609306,-0.527996064222865,-0.296756082581897,-0.4518251218674206,-0.9236228632793597,-1.811766203085651,-2.073270025075698,-0.9422962966862399,-0.599621748953916,-0.7717733814777821,1.2893873197435974,0.7218361510444578,1.2610552138848843,0.9590985990377446,1.0517461002816115,0.3760935544156691,0.19795733268635313,0.7370627640861724,1.2568508505823224,0.9441371260241184,1
2017-07-30,-0.5882997863318953,-0.3618851435477564,-0.5137183208709772,-0.9756709483106536,-1.8452811930285042,-2.1013281535169055,-0.9939547188090299,-0.6584308411238367,-0.8269901452112919,1.191159832902459,0.6354518873696959,1.1634189397325105,0.8677633242902264,0.9584775284261811,0.2969239824829444,0.12250497101467138,0.6503607631107644,1.1593023098637094,0.8531140558381805,0.967081655719533,1
2017-07-31,-0.44589887851499355,-0.5925786161433345,-1.0388518970174458,-1.8789463005126432,-2.12630265336708,-1.0565150896531996,-0.7323793821975078,-0.8952175374297532,1.0544334841924796,0.5175870775918313,1.0276341574347856,0.7420135251990431,0.8296487568157802,0.19054930400328773,0.022050328413133962,0.5319899243252443,1.0236572519934712,0.7278614743042705,0.8379608474678981,1.2613042230947862,0
2017-08-01,-0.64619699514387,-1.0899961406041427,-1.9254330676073936,-2.1714180788676476,-1.1075614086445995,-0.7852227068961167,-0.9471580887295266,0.9916840835980009,0.4578139490783543,0.9650333320883441,0.68099617829826,0.7681455609087151,0.1325892702278902,-0.03497554842173032,0.47213694654744787,0.9610784745782224,0.6669225862577317,0.7764115693983402,1.1974079328182663,0.6377421511154753,1
2017-08-02,-1.1564200181273923,-1.9944506019374815,-2.2411992862868866,-1.1740398184437688,-0.8507003996562436,-1.013138518191593,0.9317228891435139,0.3961953273979348,0.9049893990083234,0.6200704373001177,0.7074903796405936,0.06996097184443326,-0.09812406038257385,0.41056279134759593,0.9010222634401345,0.605953153070972,0.7157820503777104,1.138085418609544,0.5766821257705442,0.5495554960745417,1
2017-08-03,-2.1376380303928735,-2.389221531343368,-1.3011520419342115,-0.971477080593086,-1.1370980266852073,0.8458711754038809,0.2998504369562849,0.8186138667840995,0.5281121765208698,0.6172450333176414,-0.032776184810244566,-0.20415469074451179,0.314499418326809,0.8145689987937321,0.5137182769155031,0.6256991718200324,1.0562771914073805,0.48387371039197397,0.45621555899837185,0.7989725708669047,1
2017-08-04,-2.838413334434119,-1.6285424160855493,-1.2619627517197116,-1.4461237525534396,0.7588243623792157,0.1516805919738123,0.7285157972255022,0.4054945654000968,0.5046051942316252,-0.21818114963460639,-0.4087442270649741,0.1679694197703267,0.7240181358190032,0.3894893739084957,0.5140057117659309,0.9927837944614915,0.35630392623350887,0.32554964688635785,0.7066758017470914,1.0760513096899411,1
2017-08-05,-2.065044095358012,-1.665906488294461,-1.86642383372431,0.5343577694123303,-0.12670975620281463,0.5013573350049537,0.1496468228450543,0.25756000808628826,-0.5294209397195704,-0.7369089651445602,-0.10897422862024071,0.4964602117172295,0.13222012285720053,0.2677954369399118,0.7890964168297001,0.09608729427479407,0.0626015593614261,0.47757761021140355,0.8797593749943496,2.454868344529317,1
2017-08-06,-1.8832040758302442,-2.0837106040491107,0.31694148529874405,-0.34409037803051296,0.2839428311496326,-0.06774870745560199,0.04015865624590418,-0.746779836684376,-0.9542566688545252,-0.3263558072177553,0.27904597204461884,-0.08517446733381041,0.05039353293386258,0.5716663904551211,-0.12130534667621806,-0.15478927515105234,0.260164389189244,0.6623244576695904,2.237348455572766,2.06542899672372,1
2017-08-07,-2.1535075323514947,0.07723161043439448,-0.5370138517466094,0.046568529433901086,-0.28023104507937713,-0.17996113047081194,-0.9112018241697426,-1.1039938962891553,-0.5205344953800343,0.04201825939238537,-0.2964234474793714,-0.17045065614980454,0.3139276394408773,-0.3299970615694821,-0.361111070231748,0.02447307400707554,0.3981691253446379,1.8617163417612321,1.7019649692225665,2.3783564618805073,1
2017-08-08,-0.154916799415077,-0.7580720974976004,-0.18502626037114545,-0.5059254886355524,-0.40746594117760676,-1.125504129057751,-1.3148153521545292,-0.7418902748982161,-0.1894943755664965,-0.5218255382046003,-0.398127177886421,0.07750569732334472,-0.5547929827540907,-0.58534522990069,-0.20672278370713537,0.1602262083724352,1.5973491696739763,1.4404820983560649,2.1046613841516906,2.2696998733493916,1
2017-08-09,-0.7953459217096336,-0.2676581130579506,-0.5631573551604524,-0.4724911300999002,-1.133694777945415,-1.3080215385585703,-0.7804449313276459,-0.2717725656261102,-0.5777988755606652,-0.46389155356104267,-0.025906224323313274,-0.6081568634284447,-0.636290822881004,-0.28763730165469487,0.050266748898040794,1.3736377902356656,1.2291871446669944,1.840794958853057,1.9927702338932303,1.7056110983478094,1
2017-08-10,-0.37754704008094386,-0.6565297534818124,-0.5709311939009636,-1.1951777620952322,-1.3597607652467993,-0.8616723357642877,-0.3814315209122895,-0.670352905989759,-0.5628122790102218,-0.14930754474721622,-0.699014075366992,-0.7255755253759313,-0.3964095190727985,-0.07739215638309446,1.17201085839837,1.0356340854275745,1.6130569117088518,1.7565377352090479,1.4854289694392862,1.621245817245205,1
2017-08-11,-0.7048288249196694,-0.6297510343107111,-1.177272550615943,-1.3216269452332494,-0.8847576918655861,-0.46354243408687246,-0.716952997973856,-0.6226300010231902,-0.2599484091035449,-0.7420914732431666,-0.7653883019726027,-0.4766795127379908,-0.19687201511278157,0.8989690643316278,0.7793541215666611,1.2858069200326505,1.4116527669241994,1.173865504517167,1.2929893415381688,2.11970447328865,1
2017-08-12,-0.6953603130339998,-1.1671945246546676,-1.2915939134455638,-0.9151158142193626,-0.5521277614068041,-0.7705078068794046,-0.6892236644693636,-0.37667780481526447,-0.7921712343554281,-0.8122475975474952,-0.5634488199657038,-0.322320853089709,0.6220352980080074,0.5189554727649459,0.9553981508533533,1.0638475435904728,0.858931093460115,0.9615877015607893,1.6740208586294651,2.293213989015619,1
2017-08-13,-1.1610259391800712,-1.2686848724887698,-0.9428695210571933,-0.6287288572691295,-0.8177214478276275,-0.747375731889369,-0.4768892432702791,-0.8364696226904426,-0.8538443048893163,-0.6385264382719202,-0.42984711953024685,0.3874267986043777,0.29821845008130854,0.675928932665514,0.7697842647015893,0.5924434702422045,0.6812855540548903,1.2978464108987073,1.8337145737358995,2.2653346433798514,1
2017-08-14,-1.2900560709461337,-1.0038965557948927,-0.7279907716017872,-0.8939805809946525,-0.8321968256331853,-0.5946319530815753,-0.9104468665921269,-0.9257068309004102,-0.7365958634646929,-0.5533154489267386,0.16448592885233693,0.08613536111929555,0.41787371564718606,0.5003056704086619,0.34454948661911183,0.42257836867503645,0.9640959953934723,1.4347422463718598,1.8138287115005496,2.320222283348669,0
2017-08-15,-1.1177486597039112,-0.8541680132285447,-1.0127428013434348,-0.9537190218040629,-0.726766539201648,-1.0284735125190754,-1.0430517906415564,-0.8623887023410902,-0.6872957071309003,-0.001559626065277932,-0.07641015286805415,0.24050893675109236,0.3192585287170621,0.17046021433648417,0.24500342565841873,0.7623306232221813,1.2119523789127635,1.5741044658684613,2.0578766543677,1.7828292990133865,1
2017-08-16,-0.9519637494052612,-1.1002672870691528,-1.0450666122579686,-0.832814359225442,-1.114979084228397,-1.1286130940499688,-0.9596519657473335,-0.7959001429101208,-0.15458075074972455,-0.22458303833162616,0.07180847952862086,0.14545728093631863,0.006296972520358536,0.07601185014554827,0.5598305860272382,0.9803293158206035,1.3190239866845406,1.7714611479176339,1.514229236659529,1.86397122773462,0
2017-08-17,-1.1821586149455472,-1.1294063992109935,-0.9265687223091106,-1.1962178615080583,-1.2092471266374196,-1.0477803706337716,-0.8912918582236872,-0.2784185727843671,-0.3453158668675282,-0.06207097275098622,0.008311091847669665,-0.12467667752935203,-0.058054045161696835,0.4043046201798143,0.8061518763237012,1.1298235416914226,1.562192580971019,1.3163703455922993,1.6505993206498186,1.5734537113068032,0
2017-08-18,-1.2544716615603309,-1.0513152932653402,-1.321388095666974,-1.3344378319174732,-1.1727173850502868,-1.0159830034171513,-0.40214679312028784,-0.4691491938688976,-0.18545927537978638,-0.11496662896734057,-0.24816334403007703,-0.18143603653575874,0.28164907040882986,0.6841276947671091,1.0083079016223937,1.4413562638639235,1.195147801272162,1.5299019050893128,1.452635087289914,1.1585088184660826,0
2017-08-19,-1.1867822965164627,-1.459607809344497,-1.4727905547122386,-1.3094217761496914,-1.1510898831690217,-0.5309971623269993,-0.5986824834048479,-0.31210106236699653,-0.24088992138183346,-0.3754442407018481,-0.3080368167595504,0.15976827380005448,0.5663491516833918,0.8938335573602824,1.3312957544318194,1.0825778181129087,1.420743894937573,1.3426895369894445,1.0455653933715952,1.1030206261469413,0
2017-08-20,-1.596570516396264,-1.6100201481003669,-1.443343948088788,-1.2818066060405684,-0.6491600301514127,-0.7182156490590377,-0.4258323511437649,-0.35317953166178806,-0.49045792008297745,-0.42168582437332985,0.05559003902363666,0.47040219786597753,0.8045165664837032,1.2508352407013985,0.9970819785106894,1.3420942700507108,1.2624596918185138,0.9593202325799344,1.017938653761978,0.8300336543017628,0
2017-08-21,-1.8348168437893928,-1.6573998917709152,-1.485452949967764,-0.8120381061485324,-0.8855437261800022,-0.5743190070321303,-0.49698437984993193,-0.6431091010159059,-0.5699052746514875,-0.061873360377016635,0.37966963662495523,0.7353146111421146,1.210394429395293,0.9402890973833221,1.3075342659778106,1.2227679697444438,0.900093953352769,0.9624897940158694,0.7624760411768372,0.6004128419696544,1
2017-08-22,-1.9451022951559107,-1.7580971941219754,-1.0257084142718693,-1.1056512487090393,-0.7671711952799107,-0.6830640304884302,-0.8419855440590647,-0.7623709327040065,-0.20984840185187664,0.27036248122221296,0.6571528695498631,1.1738375426237697,0.8800778841325506,1.2794843471789221,1.1872946889904057,0.836362672383612,0.9042227946104942,0.6866929469400408,0.5104371518453089,0.713073877164882,1
2017-08-23,-2.0874637610711853,-1.2812169733005163,-1.3692216714110503,-0.996607476177841,-0.9040184943320132,-1.0789665046636303,-0.9913231294090789,-0.3830812667174881,0.14555665426519077,0.571353057363504,1.1401429807173729,0.8167590246119456,1.2564437749871322,1.154957217812704,0.7686353367306132,0.8433388372052468,0.6038721144020377,0.409841740738781,0.6329134389517304,0.7480850992965405,1
2017-08-24,-1.5911613030582268,-1.688156546928802,-1.277476145629212,-1.1754282883365867,-1.3682489591770677,-1.2716519508471449,-0.6012721975984696,-0.01862871190016011,0.4506669830394627,1.0775643931929637,0.7211435843075018,1.2057464578410175,1.0938920503597824,0.6681035882366265,0.7504387862668714,0.48650818169833504,0.2726556963670575,0.5185163632784137,0.6454539418619233,1.1013340770257587,1
2017-08-25,-1.8997914341458886,-1.472836540196141,-1.3667447180631733,-1.5672065097861252,-1.4667815435183078,-0.7698359002672478,-0.1641033479963599,0.3237896535443977,0.9755298301451426,0.6049847343051196,1.1087915091658214,0.9925045216864161,0.5498428628501542,0.6354408500735337,0.3610511715618293,0.13872411405781504,0.39432777723573237,0.5262956535474725,1.0002414618858708,1.0957758539138995,1
2017-08-26,-1.7546386622173888,-1.6397387958182257,-1.8568434945973282,-1.7480809625253386,-0.9932729133558122,-0.33725072493190644,0.19114853871595322,0.8969980350563734,0.49568923338905263,1.0413234769967858,0.9153820136802381,0.435969327219145,0.5286739023529087,0.231503613743951,-0.009281667256441984,0.2675429376925682,0.4104671617500639,0.9237612966200814,1.0272272250946453,0.9734204583906448,1
2017-08-27,-1.8954186696760258,-2.1265472769203777,-2.0107592138359145,-1.2071942328730452,-0.5087961991847758,0.053735089003199926,0.8051790325508278,0.37794763255868813,0.9588271966541464,0.8247505268521422,0.3143701106743817,0.4130629508401636,0.09669690576218501,-0.15964193423309936,0.13506419489555913,0.2872206292503018,0.8336710707486282,0.9438203953834735,0.8865379730381565,0.9774738185113453,1
2017-08-28,-2.4660297381077587,-2.3402514131490406,-1.4673543751593272,-0.708698150227968,-0.09763133314561573,0.7186476338049642,0.25455445848705044,0.8855526514646891,0.7399077680932693,0.18549143079134553,0.29269954698908696,-0.050962745683480255,-0.3294186508742291,-0.009285104380486896,0.15599947621458038,0.7495979817399235,0.8692510545942352,0.8070262713113839,0.9058081147729081,0.9050951224644579,1
2017-08-29,-2.886718462739039,-1.894912725951583,-1.0329100344665603,-0.33860183044459824,0.5888731488553823,0.061559784676412585,0.7785144774532662,0.6130294035272662,-0.01691121944826667,0.1049011135617913,-0.28557590555509416,-0.6019639240624767,-0.2382208087440476,-0.050420658093715987,0.6240396476536313,0.7599922273008912,0.6892909941148814,0.8015292017976695,0.8007190835007456,1.5237864870634756,1
2017-08-30,-2.6322205851562455,-1.5583560035964594,-0.6934016405177386,0.46202692181923893,-0.19488882887220918,0.6982780472424904,0.49212026905761586,-0.2926463333920069,-0.14089512506188764,-0.6273430734091029,-1.0214925238239725,-0.5683491030606922,-0.33439167788426827,0.5058365965336485,0.6752034227594051,0.5871253332812187,0.7269493003278366,0.7259400722192312,1.6267220331534022,1.5637828983804494,1
2017-08-31,-1.9676935741160726,-1.0220680142739316,0.24112323344518674,-0.477060697445263,0.49940865551821895,0.2740232794412831,-0.583935694423446,-0.41803119418702095,-0.949848401111765,-1.3807587596460358,-0.8853522743572148,-0.6295744777412022,0.2890188796742645,0.4741819434206017,0.37788912587104045,0.5307539737309656,0.5296506185298756,1.514445288010667,1.4456360454700443,2.138192044189754,0
2017-09-01,-1.154871189711931,-0.010391964065008818,-0.6610824993119184,0.22362034435130324,0.019416205706076384,-0.757913611784767,-0.607600463000076,-1.0894386219217405,-1.479852943069887,-1.0310037037424413,-0.7992633594855109,0.03300255137918191,0.20076438490792478,0.11352096118766533,0.2520198963435741,0.25102023211344504,1.1432659967858172,1.080923300252383,1.7083943617904134,2.5654701212755544,0
2017-09-02,-0.12616987387558729,-0.7816810190541479,0.10957610361530597,-0.09614087169422536,-0.8792295002256243,-0.7278027636159401,-1.213210597657383,-1.6065172847645204,-1.1543427671615962,-0.9208855855686728,-0.08245387222436257,0.08655081688173057,-0.00133894560031452,0.13818605233992895,0.13717898214482105,1.0360349071955384,0.9732303477552449,1.6053499988565552,2.4687753634066962,1.0348905092465535,0
2017-09-03,-0.8199347819721896,0.04931555861382962,-0.15132188517628944,-0.9150746112371533,-0.7673868800271612,-1.240809099419773,-1.6244043190558843,-1.1833948242274939,-0.9557021310077353,-0.1379728429659515,0.026858808674705536,-0.05886079347861864,0.07721907493978045,0.07623687116510583,0.952898385687301,0.8916445866485726,1.508156037760661,2.3502618376647955,0.951782245034263,0.9704887623791786,0
2017-09-04,0.0374985363698701,-0.16487737625918236,-0.9352478118055009,-0.7862804066036992,-1.2638047006665492,-1.6507236684700204,-1.2058929464073211,-0.9762273579764899,-0.15141266823156777,0.014847204805026513,-0.07161513436893678,0.06564382906972688,0.06465311476669076,0.9489106626937136,0.8871261161589868,1.508979471186703,2.35838188863422,0.9477848509857194,0.9666534552117015,-0.594397059093153,1
2017-09-05,-0.16485499842241869,-0.9352260807028568,-0.7862585504413446,-1.2637832453908844,-1.6507025380169171,-1.205871442514127,-0.9762056612766078,-0.15139027909103944,0.014869733522474803,-0.0715926782375357,0.06566640043147791,0.06467568529672668,0.9489339755673033,0.8871493771637969,1.5090032542439746,2.358406384773795,0.9478081629141781,0.9666767829805529,-0.594375041842701,0.037070759042098875,1
2017-09-06,-0.9718637101309725,-0.8263587348713202,-1.2927839941377517,-1.6707098549088932,-1.2362182752187911,-1.0118907740627368,-0.2062471444207189,-0.04385162789755128,-0.12830433421512794,0.005764337064022,0.004796649804132018,0.8685015150394847,0.808153018650051,1.4155527173684743,2.2452125853695524,0.8674018704259746,0.8858319141484017,-0.6389353069446612,-0.022166636119135403,0.9481157850576115,0
2017-09-07,-0.9278272559202589,-1.3967098275799592,-1.7766267509768046,-1.3398460981236784,-1.1143367511353275,-0.3044486728140277,-0.14119759260206835,-0.22609522911533303,-0.09132023115052837,-0.09229301656891062,0.7759621868552596,0.7152957507634905,1.3258954708737138,2.1599263145784726,0.7748567488798266,0.7933838893480835,-0.7394164073874402,-0.11939835572653051,0.8559958962766131,0.8681999315253954,0
2017-09-08,-1.4138489336654285,-1.7963059203022906,-1.3566050224904953,-1.1295879564001792,-0.3142850970844485,-0.14994254649514485,-0.23540779490562005,-0.09973171305399374,-0.10071100235869819,0.773349215239235,0.7122771731459175,1.3269592644481094,2.1665663037805682,0.7722363864838904,0.7908873964234656,-0.7521609557374753,-0.12799756343975038,0.853918017126188,0.8662036465851943,-0.7858128972991004,0
2017-09-09,-1.8936813342629413,-1.4379595499488231,-1.202670918646739,-0.357661787092039,-0.18733127203962793,-0.27591052147100414,-0.13529096299869756,-0.13630593356509987,0.7696014319736724,0.706304176650836,1.3433827471705386,2.2135816027822854,0.7684480563300347,0.7877786321174002,-0.8114920353505879,-0.164586704347096,0.853105828573037,0.8658390956787978,-0.8463701148141928,-0.8587804367397323,0
2017-09-10,-1.537573818736632,-1.2907838936219385,-0.4044693311904246,-0.22581278147994427,-0.3187219297584206,-0.17122865686634273,-0.1722932408570348,0.7778963610159326,0.7115050321419394,1.3797250470260187,2.2924606484992234,0.7766866064810567,0.7969620924855756,-0.8804835455734121,-0.20195642205219358,0.8654825893409486,0.8788382794059801,-0.9170665227080628,-0.930083481503326,-1.429083032048961,0
2017-09-11,-1.3331631026258992,-0.4280556405890389,-0.2456109610825911,-0.34049010102094224,-0.1898694663688132,-0.190956623180608,0.7793802475638699,0.7115811954829244,1.393969759758259,2.326058477215087,0.7781448420959226,0.7988502377387163,-0.9141629841169158,-0.2212487652546747,0.8688236034432469,0.8824624798093854,-0.9515216454676421,-0.9648146083027523,-1.4743946557216312,-1.2849822893759573,0
2017-09-12,-0.4199795038386238,-0.23881129743202067,-0.3330266160400083,-0.18345979774983126,-0.184539348275549,0.7790085664048579,0.7116838699829013,1.3892981067837626,2.3148654711503225,0.7777818044438164,0.7983423349108694,-0.9026858002692167,-0.21461955156028614,0.8678261323842569,0.8813695844341557,-0.9397830819711125,-0.9529830406719166,-1.458997814362302,-1.2709106704954212,-1.4203793478287128,0
2017-09-13,-0.1110225610703292,-0.19281184347034747,-0.06297135766032139,-0.06390852652115597,0.7725572803573348,0.7141120223089896,1.3023558768203494,2.105850379231331,0.7714923157427513,0.7893411226831696,-0.6873388118983526,-0.09002145887074461,0.8496607184531801,0.8614179277981833,-0.7195433418433602,-0.7310023610962773,-1.1702789653196954,-1.006998590611745,-1.1367538792526024,-2.1941359457802996,0
2017-09-14,0.043419599119517635,0.12841827485252616,0.12780476735051557,0.6753880995989849,0.6371275408372763,1.0222150451670329,1.5482140680266065,0.6746909319830646,0.6863754612258883,-0.28031715500924687,0.11071021740814865,0.7258630349916156,0.7335597654713768,-0.30139950371467894,-0.3089010272619806,-0.5964687254768025,-0.4895789866038945,-0.5745218889276281,-1.266725671422611,-3.2958738476157015,1
2017-09-15,0.2099688905090031,0.20940414057732068,0.7134691250547645,0.6782492656789719,1.0327325296150591,1.516928584677878,0.7128273637687624,0.7235832829221557,-0.16628291624827218,0.19366815384455036,0.7599326421613108,0.7670176867587739,-0.18568977753697488,-0.19259512897435582,-0.4573088242244793,-0.3589139838546444,-0.4371061789411331,-1.0742981245868393,-2.942182853172938,-1.7034038780289196,1
2017-09-16,0.28736301642616163,0.7596865386453797,0.7266845080645701,1.058845616147946,1.5125513747596215,0.7590851896916477,0.7691637981561942,-0.06466666108851597,0.27261794008065415,0.803224202895571,0.8098630953447722,-0.08285145344937087,-0.0893219681915256,-0.337366384626879,-0.24516756304069565,-0.31843591956339556,-0.915503268744767,-2.665765479518809,-1.5049936211091155,-1.535012960879414,1
2017-09-17,0.8085415786425905,0.7773647298335843,1.0911556228390935,1.519769123010714,0.8079734873742048,0.8174946970323477,0.029779344288777918,0.34841037490093124,0.8496713864737118,0.8559431140766901,0.012600264332794335,0.006487602284965431,-0.22783868409875774,-0.14073893082986483,-0.209955170969975,-0.77400162952474,-2.4274653516373377,-1.3308901380978455,-1.3592492542156582,-1.4550521657162172,1
2017-09-18,0.848416237308041,1.1669650624668757,1.6020775210189746,0.8794891077178432,0.8891546850761992,0.0894954031491239,0.4129577557001526,0.9218192615426273,0.9281860857691351,0.07205584113738578,0.06585049433691408,-0.17202882241577808,-0.08360839755997107,-0.15387414608874295,-0.7264730988074478,-2.4050078742334335,-1.2918055673545954,-1.3205946855961934,-1.4178502324764628,-0.3052246306906063,0
2017-09-19,1.2544955395713762,1.6944030465062236,0.9638515277262871,0.9736236221704438,0.1651518944694322,0.4921788832426485,1.0066481704590526,1.0130851586847989,0.14752014411195355,0.14124641283396308,-0.09925439362941223,-0.009859553523309578,-0.08089964821759162,-0.6598087849547776,-2.3568414344409017,-1.2313713590430142,-1.2604777405855172,-1.3588050679758954,-0.23391805310570324,-0.5609683643000289,0
2017-09-20,1.8524599376349262,1.0953144697075818,1.105442293454917,0.26754012113652287,0.60647173112494,1.1396690200091601,1.1463403311171911,0.2492665298406123,0.24276441865198933,-0.006491234050949,0.0861578075326794,0.012531671173763073,-0.5874512430419364,-2.3462602338561793,-1.1798201608843402,-1.2099860893728258,-1.311892783689697,-0.14605699614431103,-0.4850127775497879,-0.5309868127942589,0
2017-09-21,1.3326011439610643,1.3434180260055637,0.44850820244325074,0.810499419693812,1.379973407807503,1.3870986093451698,0.42899134605746836,0.4220468561530049,0.15583280449932962,0.2547853316510511,0.17614995526072044,-0.46465349607243345,-2.3431251072562858,-1.0973249239115115,-1.129543226516611,-1.2383832615992216,0.00677152305554538,-0.3552455101426179,-0.40434744247827403,-1.114053657956467,1
2017-09-22,1.4972793709936891,0.5831472210483128,0.9529138734796996,1.5346199486461525,1.5418981968326502,0.5632111499287761,0.5561174949933868,0.28418526564860663,0.38526325586181037,0.3049388211659032,-0.3496288472588531,-2.268449322049722,-0.9958898193838026,-1.028800159009703,-1.139978037104891,0.1319222039499311,-0.23787081894590123,-0.28802744231806643,-1.0129778803434046,-1.0138744761344953,1
2017-09-23,0.7268729853047345,1.1178818491869615,1.7330055496846144,1.7407019158543122,0.7057916344920844,0.6982904660150979,0.410736379269015,0.5176210587199218,0.4326821770065236,-0.2594888413421208,-2.28854097167492,-0.9428759635188279,-0.9776769235905025,-1.0952417053710952,0.2497261681681749,-0.1413105810987267,-0.19434858274642308,-0.9609456927868129,-0.961893795865689,-0.5109871257062503,1
2017-09-24,1.194476450889118,1.8093046895443994,1.8169973589250998,0.7825841751355602,0.7750866096884299,0.48767064355155576,0.5945039831755525,0.5096059000827564,-0.18223264835105302,-2.2103101658048314,-0.8652915197742809,-0.9000757639304889,-1.0175840759197294,0.3267377703480751,-0.06411115257059788,-0.1171236785202032,-0.8833525696246197,-0.8843002173019526,-0.433610130758777,-0.7389756587839484,1
2017-09-25,1.946594981127086,1.9545938409080073,0.8790080327583405,0.8712120426095458,0.5723560931136967,0.6834417073900355,0.59516443603973,-0.124211279474808,-2.233012124036077,-0.8344578615437298,-0.8706266188139797,-0.992812100105144,0.405017627986756,-0.001388207911252126,-0.056510785097161745,-0.8532377932032826,-0.8542231599878892,-0.3855943097796028,-0.7031142654309309,0.0017997434507100553,1
2017-09-26,2.298665739934814,1.096551493708919,1.0878384084763935,0.7538260110123911,0.8779793779130446,0.7793174536815333,-0.024683295916159892,-2.3815566559889385,-0.8184809903159125,-0.8589045232906092,-0.995463509685898,0.5668023897015757,0.112588284810413,0.05098126580570712,-0.8394701324373897,-0.8405714145857393,-0.31681458109147176,-0.6716865580712604,0.11615125646683776,0.006929979871743125,1
2017-09-27,1.3129652285498734,1.3031134113537823,0.9254482108849845,1.0658274499653688,0.9542711853583138,0.04519383799248432,-2.6197044016226627,-0.8523469948128648,-0.8980535667858145,-1.0524597426175089,0.7139820677985985,0.20040573865062428,0.13074716501877331,-0.876079253337281,-0.8773244644326984,-0.28511671699472113,-0.6863676805649416,0.20443436278285673,0.08093872120209786,1.210125441610737,1
2017-09-28,1.3291304859045028,0.9468271933793829,1.0889304245904772,0.9760041417131007,0.05576244979509645,-2.6418633044036635,-0.8528010480630344,-0.8990689407192937,-1.0553713729619127,0.7327640425803124,0.21288050194030902,0.14236645399783698,-0.8768247615576306,-0.8780852650434586,-0.27860463663663654,-0.684783348128605,0.21695860145328194,0.09194631456473425,1.2350005344187305,1.1388315331764716,1
2017-09-29,0.9724354293379771,1.1166041379407898,1.0020364660378005,0.06841901627548899,-2.6684168597419466,-0.8533504963070974,-0.9002908950381974,-1.0588651907515922,0.7552608602086741,0.22782078696651467,0.1562818139003672,-0.8777233956482454,-0.8790022206136766,-0.27080811205447164,-0.6828906509149933,0.2319581618546739,0.10512881528314322,1.264797383934806,1.1672305615722451,1.1233743877577727,1
2017-09-30,1.0212244066931904,0.9124916118026537,0.026422854490472953,-2.5710272726976457,-0.8484013754446493,-0.8929511220051845,-1.043449304296222,0.6782841701490696,0.17770636885228858,0.10981084164224247,-0.8715329746203119,-0.8727466696387884,-0.2955275976164707,-0.6866229688642443,0.18163302920618318,0.06126304090319822,1.161870241187186,1.0692724506599183,1.0276498509086496,1.6546304186884884,1
2017-10-01,0.8198762194872075,-0.015897615674467458,-2.46591160897493,-0.841065183892466,-0.8830862034026493,-1.0250418270043578,0.5989628308603525,0.12679876307886206,0.06275711315228474,-0.8628837901765997,-0.864028593592743,-0.31957355715070396,-0.6884696226583704,0.1305025388369724,0.016964976506572513,1.0550996508158443,0.967757884301888,0.928497861265932,1.5198898377698267,1.7388503264514938,0
2017-10-02,-0.059362561157268505,-2.3757981272255946,-0.8395407594096527,-0.8792707300881926,-1.0134867207778746,0.5219747742279991,0.0755537976052718,0.01500379421538187,-0.8601697826465868,-0.8612521696682783,-0.3464816361170046,-0.695264936400724,0.07905563796956733,-0.028291686652257363,0.9532423325470533,0.8706625697745098,0.8335430619129899,1.3926914633535943,1.5997138987081962,1.6174777798288893,0
2017-10-03,-2.3496496548437333,-0.8733164133843122,-0.9114966542890796,-1.0404773399096714,0.435091073005983,0.006083446237110941,-0.052104709372558435,-0.8931407692387107,-0.894180936058232,-0.3994898339507892,-0.7346682949705252,0.009448691829679688,-0.09371138215339435,0.8495363643015631,0.7701777546004666,0.7345061513192501,1.2718440930270503,1.470791293831298,1.4878622669281407,1.2068948530904935,0
2017-10-04,-1.2055481909023258,-1.2499056197236105,-1.3997541132416682,0.3145467737040098,-0.18387007273900025,-0.25147250031759283,-1.2285799327903006,-1.2297883883831886,-0.6550611255304835,-1.0444681689327238,-0.17996036346789213,-0.29981072403309517,0.7960452418465948,0.7038471886715828,0.6624042703978509,1.2866782125589464,1.5178131161044703,1.5376460049524483,1.211220823626583,0.8980175681993706,1
2017-10-05,-1.379329346995138,-1.5299030045314945,0.19269392390625825,-0.30813491851127833,-0.37606449551178844,-1.357900458351444,-1.3591147620412538,-0.7816062130936977,-1.1728977197275512,-0.3042062889265998,-0.4246366431041614,0.6765225146664651,0.5838782860968925,0.5422348124993143,1.1695298127290532,1.4017832508122898,1.421712117250925,1.0937072617447805,0.7789883171977274,1.132743553890711,1
2017-10-06,-1.6889552266446628,0.0604448333036975,-0.4481767673070148,-0.5171633097274365,-1.5142763684444787,-1.5155095663636666,-0.9290151442089757,-1.3263950384035816,-0.44418700933317207,-0.5664912264949302,0.5518016630457877,0.45771591591719807,0.4154244813944794,1.0524800182358518,1.2883472555439492,1.3085862096294354,0.9754776893407107,0.6558618051089777,1.0151213753898816,1.168908410017953,1
2017-10-07,-0.09613900032465732,-0.6240931040440566,-0.6957017972819013,-1.7307147235708549,-1.7319947948485035,-1.123207954861147,-1.5356920995056407,-0.6199516969693113,-0.7469046483878257,0.4138941055076692,0.31623219685416076,0.27233328186187583,0.9336030442328054,1.1784355006606195,1.1994437292761384,0.853673887690246,0.5219095318480339,0.8948244143511116,1.054456832504879,1.2655932950063686,1
2017-10-08,-0.6688896008145346,-0.7347980770189098,-1.6874215887615374,-1.6885997634150336,-1.1282737590907703,-1.5079232150819029,-0.665077859288518,-0.7819250631587361,0.28647143438768724,0.19658363876510437,0.15617917858934174,0.7648103437069275,0.9901535722858182,1.0094894974814235,0.6912437322548288,0.38588858382530544,0.7291185821451464,0.876043891875196,1.0703734053105987,1.7065530660025645,1
2017-10-09,-0.8004577690687247,-1.6654424991207013,-1.666512284898657,-1.1577347546181838,-1.5024574894204628,-0.7371516224438436,-0.8432492001869336,0.12685771469293877,0.045239352692470515,0.008551993366123974,0.561190740542762,0.7658030027204923,0.7833600751939925,0.49439205799573244,0.21712875577980675,0.5287825243282352,0.6621911036967715,0.8386428284842103,1.4162956842924452,1.9245697859715296,1
2017-10-10,-1.6887217938942296,-1.6897236284505732,-1.213262899742677,-1.5360893526631285,-0.8193945904885992,-0.9187530059000424,-0.010265857630293676,-0.08669994113482705,-0.12105697327294697,0.3964789722450177,0.5880945640067636,0.604536437019689,0.33392324391806133,0.07427129949171823,0.3661292783322694,0.4910639406527086,0.6563077110048343,1.1972689057078778,1.6732581828598496,1.7026355079384976,1
2017-10-11,-1.8709798522913759,-1.3932081844894921,-1.7169228655307678,-0.9982561817988442,-1.0978879730065105,-0.18690120357746484,-0.26354558862867755,-0.2979971510688129,0.22096274832959714,0.4131055532594446,0.42959266461587303,0.15823490350934852,-0.10213145002622283,0.19052954994765847,0.31580795882088114,0.4815063826324431,1.0239559836945789,1.5012549027837354,1.5307130569456677,1.6621667458789124,1
2017-10-12,-1.422733911274862,-1.6999251078613786,-1.0845434471664313,-1.1698564003327092,-0.3897944276094996,-0.45542366856837496,-0.4849239364781846,-0.040547688135213984,0.123980821485278,0.13809844540781124,-0.09426044008420885,-0.31720757629453933,-0.0666071014689231,0.04066660002129645,0.1825512504828867,0.6470413178552704,1.055744000372486,1.0809685004634624,1.1935299858243065,2.7632427833614783,1
2017-10-13,-1.6477732479326492,-1.1236187967425317,-1.1962845373753932,-0.5318627950289015,-0.587762833938049,-0.6128898367784744,-0.23439011303127044,-0.09425212034577433,-0.08222736255421566,-0.28014022197657507,-0.47003657620456135,-0.2565863505318185,-0.16521543111208709,-0.0443644603324063,0.35126731080599477,0.6993818938971104,0.7208669898078333,0.8167418059631111,2.15375264406649,2.585394039344131,1
2017-10-14,-1.2093954747800544,-1.274244840427567,-0.681292396286376,-0.731179482433959,-0.7536036699621317,-0.4158177096320884,-0.29075382327213295,-0.2800225225511035,-0.4566466548484797,-0.626116586665169,-0.4356263830060323,-0.35408388290358417,-0.24623238748506465,0.1068427916141853,0.41751202431582146,0.43668605087292867,0.5222479808153309,1.7154416916304551,2.1006530777276287,2.4556321972773856,0
2017-10-15,-1.3561155687316246,-0.798759636190943,-0.8456518679310363,-0.8667298718666365,-0.5492221007475219,-0.4316661319711844,-0.4215790597618663,-0.5875999758378142,-0.7468961771075494,-0.5678416067969806,-0.4911943197584324,-0.3898174363357502,-0.05793829889690991,0.23408063384382094,0.25210359261208193,0.3325290124315383,1.4540921326514884,1.8161782551472674,2.1498470344296976,1.872181390818356,0
2017-10-16,-0.9313971975209813,-0.9766819667738146,-0.9970374181804461,-0.6904137916743742,-0.5768876334433919,-0.5671463453774396,-0.7274760758392799,-0.8813116142571515,-0.708395022333749,-0.6343751990369055,-0.5364735082235347,-0.21597116484930673,0.06603737890946704,0.08344251188752062,0.16111095383272128,1.2442269672303636,1.5939008022859669,1.9161314387041553,1.6479841543080458,1.7307327303521585,0
2017-10-17,-1.069116029285902,-1.0889124463378264,-0.7907098141765889,-0.680301495061096,-0.6708277380156641,-0.826754233903207,-0.9763648917604615,-0.8081972151744299,-0.7362102440765217,-0.6409972879640066,-0.3292970987219133,-0.0550335300625733,-0.03810640501903346,0.03742898045610527,1.0907987087173006,1.4308692349180283,1.7442502520230219,1.4834672623853191,1.5639432630938297,1.3600707279656055,1
2017-10-18,-1.1986706314810716,-0.9030435664315419,-0.793588840627791,-0.7841969081353272,-0.938776671595523,-1.0870951467274093,-0.9203799292760546,-0.8490147074695173,-0.7546241027782308,-0.44561605863997733,-0.1737212961251675,-0.15694037014849016,-0.08205738151233957,0.9622144242760883,1.299347771631023,1.6100221263727794,1.3514915115264585,1.431272443451691,1.2291607492411045,1.2042165844492905,1
2017-10-19,-1.0281807962265765,-0.9192476879760791,-0.9099005136867085,-1.063743611668036,-1.2113552601231161,-1.0454345408825836,-0.9744094172500884,-0.8804686405210725,-0.5729332054340542,-0.3023341848776111,-0.2856332300989337,-0.2111071039100267,0.8281881190925313,1.1637148234224515,1.472908628141456,1.2156100670577026,1.2950107948921428,1.09386228437823,1.0690369935236637,1.2664164821467028,1
2017-10-20,-1.0170820376854757,-1.0081078127932632,-1.155812618187671,-1.29753460698727,-1.138234073730344,-1.070042830821775,-0.979850262371009,-0.6845853971449729,-0.4247831947994512,-0.40874860301175364,-0.33719604647868356,0.6606316147893072,0.9827709061710563,1.2796279725876474,1.0325955454471745,1.1088282085100554,0.9157054620840924,0.8918706927467099,1.081374800103234,1.568572281572395,0
2017-10-21,-1.1066715102720617,-1.2501826071895035,-1.3878807546237908,-1.2331031615306656,-1.1668480383893371,-1.0792162623099586,-0.7923347043496688,-0.5399089356645244,-0.5243296060013406,-0.4548086053278111,0.5146882354876114,0.8276811874972325,1.1161097400780402,0.8760911807736076,0.9501594080589605,0.7625198989360686,0.7393618582531791,0.9234854705112614,1.3968501981811277,1.4283370078815474,0
2017-10-22,-1.3615380258796763,-1.4978759434493822,-1.3446272968847044,-1.2790266647358663,-1.1922605456107063,-0.9082129027756832,-0.6582806830274939,-0.6428552513641952,-0.5740210031495312,0.3858988129849762,0.6957999124994129,0.9813792682077235,0.7437316951402371,0.8170682508915325,0.6312823096549198,0.6083530320972357,0.7906578077127439,1.2593464750912162,1.2905222472091196,1.2546585053881276,0
2017-10-23,-1.6595465635871824,-1.5028127004374126,-1.4357201633596708,-1.3469807888474135,-1.0564732680431117,-0.8008570312615474,-0.7850807908213343,-0.7146810980244316,0.2670694392195026,0.5840183820655289,0.8760924503157508,0.6330402405246889,0.7080446333899001,0.518033504798034,0.49458276424397357,0.6810335577314799,1.1603812524711028,1.1922660312946054,1.1555866678638966,1.0320034804636233,0
2017-10-24,-1.7317144648581142,-1.659345347494002,-1.5636269488671308,-1.2502720843181425,-0.9745525744361008,-0.9575355909427012,-0.8815992222745577,0.17736236938146752,0.5192381761746625,0.8342827913413516,0.5721154227770241,0.6530186341699228,0.4480638319745818,0.422768777273257,0.6238832371556455,1.1409298579837146,1.175322256919726,1.1357581970022703,1.0024556482726217,0.3134470327645008,1
2017-10-25,-1.9207198683455264,-1.817476887054987,-1.4794886749449636,-1.1820943953858718,-1.1637396784909606,-1.0818338254664226,0.060374499820481486,0.4291257329248881,0.7689365297616894,0.48615974791028177,0.5734228954347403,0.3523562550394479,0.3250727139780024,0.541997116357895,1.0996896328048125,1.1367856754760757,1.0941114189440724,0.9503297349428029,0.20715700513957527,0.619834371153972,1
2017-10-26,-2.1416805937173837,-1.772114519180681,-1.4469350231261058,-1.426865445463212,-1.3373072197638933,-0.08838364209186673,0.31481960824694194,0.6863785495726393,0.37718224776514514,0.4725982940260524,0.23087764349842355,0.2010450315662149,0.4382364393915874,1.0480335468560655,1.0885954315007345,1.0419341666836917,0.8847191199964171,0.07211258930859944,0.52334594225891,0.8334078326717235,0
2017-10-27,-2.1760383735611795,-1.805254069926327,-1.782369833779,-1.6802515121947832,-0.25617261220611026,0.20357788932948812,0.6272461248434203,0.27468657898287113,0.383484251338276,0.1078634813712537,0.07384699393861344,0.3443033174330712,1.039621437404007,1.0858719247027715,1.0326666494876178,0.8534029741509708,-0.07316758231378154,0.44134900492645596,0.7948955338906498,0.5104378221816793,1
2017-10-28,-2.2270262917603465,-2.2007072681049427,-2.0832615948422557,-0.44543693621404234,0.08331937654199983,0.5705776901141922,0.1651010568674214,0.29022861165841823,-0.026761193812103228,-0.06588335334802367,0.24516685300267446,1.044848080277699,1.0980404901730285,1.0368494201296676,0.830679335125938,-0.23496394162572756,0.35677852001877686,0.7633902766528905,0.4362371571328885,0.3628237120118438,1
2017-10-29,-2.6322041109961014,-2.5024817176196303,-0.693453519764733,-0.10942575187740314,0.428766187197201,-0.019095346240113022,0.11911192384405937,-0.23101316036917313,-0.27422480050941567,0.06933981202260883,0.9526125615288911,1.0113652301406235,0.9437777929981948,0.7160565315303933,-0.4609795610345431,0.19261836432553514,0.6417336767952565,0.28038289659417365,0.19929546661441164,1.3678175248197348,1
2017-10-30,-3.227405054954605,-1.0642753130707618,-0.3659291865144478,0.277609146185324,-0.25791738920683777,-0.09265724742566134,-0.5113162732713032,-0.5629862163345334,-0.1521718174721719,0.9039938945483154,0.9742468873097238,0.8934297968774944,0.6211340780355156,-0.786296597792004,-0.004762560204070289,0.5322631705671168,0.10018111632785509,0.0032215268144715602,1.4004716200681326,1.319166419512498,1
2017-10-31,-1.6038205310497071,-0.7744837717990598,-0.010235249470131769,-0.6462119155754719,-0.4499534912695253,-0.9471414995112506,-1.0085033106550105,-0.5206313668581838,0.7336421452726094,0.817072677968071,0.7210965118201418,0.39772556375486073,-1.2737006118532297,-0.34557216475575175,0.2921849047768338,-0.22094392484839276,-0.33609048138738457,1.3232455128077694,1.2266896804277114,2.6256313222051246,1
2017-11-01,-0.843576631274498,-0.22830755922920154,-0.7403095608878743,-0.5823089431885168,-0.9825771746935508,-1.0319773678223387,-0.6392091656384736,0.37056144870046537,0.4377283779545182,0.36046140921462133,0.1001270581108295,-1.2454782024983644,-0.4982752813277412,0.015160059267864505,-0.3979415557422872,-0.4906419181519707,0.8452299710715272,0.7674963338405342,1.8937340701713627,2.890104632123146,1
2017-11-02,-0.36032299386590033,-0.755489315013458,-0.6335434580968277,-0.9424729622856205,-0.9806003378025934,-0.6774594027712332,0.10188782161176879,0.15372767428835396,0.0940925484797571,-0.1068351187183179,-1.1453816064842386,-0.5686857565595236,-0.17241317552854662,-0.4912475647200623,-0.5627942795059565,0.4682399318423175,0.40824462839725717,1.2774819000517164,2.046486880873438,2.847084585807735,1
2017-11-03,-0.7697091938446691,-0.6690505857740456,-0.9240523928862886,-0.9555241349033073,-0.7053004262754273,-0.06199848233379109,-0.019207955907143526,-0.06843298829273539,-0.2342860956833607,-1.091540671758229,-0.6155146467558938,-0.28841664251289956,-0.5515943070317234,-0.6106516042984735,0.2404020617433539,0.19087972545206752,0.908380229857577,1.5431453045071508,2.203988178884723,2.4784846278131756,1
2017-11-04,-0.7334684292755926,-0.9535769629433397,-0.9807422566554995,-0.764758008470366,-0.2094825412487594,-0.17254727348222687,-0.21503657903201406,-0.35819511067301285,-1.098146916727277,-0.687258101712602,-0.40491868265161735,-0.6320843270340621,-0.6830604955991849,0.05153890440653139,0.00879297664893645,0.6281140148761326,1.1760207587021358,1.7464369361843657,1.9833725546211833,2.2989995400662973,0
2017-11-05,-1.0007043015773953,-1.0252452484185701,-0.8301265057535557,-0.32849431772408755,-0.29512724087863124,-0.33351179875841613,-0.4628402703033332,-1.1313078425600784,-0.7601136020798165,-0.5050500364964177,-0.7102699786034796,-0.7563215124532114,-0.09268926845397002,-0.13130565714062217,0.42818487654543314,0.9231602085491603,1.4384704141837634,1.652516486295107,1.9376518193977845,1.9831237762303506,0
2017-11-06,-1.127596522312394,-0.9350380119082539,-0.43998794353241033,-0.4070586896527235,-0.4449395881604719,-0.5725710883095283,-1.2322674260838016,-0.8659437759760894,-0.6142270030188676,-0.8167541709250458,-0.8622014438974552,-0.20727698807497616,-0.24538667544342763,0.30676255573917743,0.7952431154005648,1.3037917265578582,1.5150292132322112,1.7964231698348472,1.8412984706555011,1.212701075875293,1
2017-11-07,-1.0515688416738962,-0.5613768604223895,-0.5287707520071842,-0.5662799129533107,-0.6926589237338306,-1.3458814470613596,-0.9831526499222916,-0.733906055421352,-0.9344457584435006,-0.9794470425639383,-0.3309495731605965,-0.3686852777880202,0.1780455336385367,0.6617324748985259,1.1652905333465386,1.3744550779494833,1.6530876242529096,1.6975225491701063,1.0750937848074078,1.27189551708816,0
2017-11-08,-0.6754483004414745,-0.6441228103921257,-0.6801587835605573,-0.8015742065309837,-1.4291411456436778,-1.0806586717249758,-0.8412013400971312,-1.0338647635123028,-1.0770986036250747,-0.4540711399934758,-0.490324759246618,0.03493297390341723,0.4996229109084117,0.9834035187722626,1.1843530395553261,1.4520421775998533,1.4947319025008508,0.8967492847598234,1.0858215477772775,1.5760071689911688,0
2017-11-09,-0.7219935290967542,-0.7575308632662868,-0.8772662299030629,-1.4961493643964494,-1.1524889318061857,-0.9163450326632598,-1.106342522897519,-1.1489781252812408,-0.5345716523829794,-0.5703236210125527,-0.05233401377097339,0.40592588944795976,0.8830123010189987,1.0811812317676497,1.345166286584376,1.387265302817998,0.7975571238572338,0.984013145500827,1.4674159426101951,0.9827866628720249,0
2017-11-10,-0.8133474457236765,-0.9347024652979559,-1.5619571938734333,-1.2136480877560156,-0.9743098846186773,-1.1668774592133047,-1.2100897907672181,-0.5873722793128263,-0.6236078626223303,-0.09861144183408993,0.3658473149001965,0.8493872450067237,1.0502367946888147,1.3177927590997625,1.3604612461357382,0.7627761209213169,0.9517543216975496,1.4416960787009527,0.9505112485136898,0.13406078135480368,0
2017-11-11,-0.9766652317250996,-1.613594063526592,-1.2599130118603645,-1.0168835133407852,-1.2124210433773468,-1.2562998355206267,-0.6239781980038644,-0.6607726400312406,-0.12767923832501174,0.34394283141781634,0.8349403620567046,1.0388875994691629,1.3105700597047427,1.3538966196563604,0.7469934410187165,0.9388862385903016,1.4363843310281943,0.937623993580786,0.10858147133104265,-0.30250017214289965,1
2017-11-12,-1.6175781722039848,-1.2633658770430516,-1.0199713382152567,-1.2158025736689262,-1.2597472735637576,-0.626475862925393,-0.6633255717189029,-0.12943144178481764,0.34289902371551656,0.8346340528515389,1.03888762740767,1.3109781658791233,1.3543698041068146,0.7465550319188553,0.9387360603693937,1.4369814154157614,0.9374719194159282,0.10718414118002191,-0.30451496383973903,-0.9484841672968031,1
2017-11-13,-1.448195578450556,-1.18612069059417,-1.3969818270743495,-1.4442992498574825,-0.7624247315342627,-0.8021026279493189,-0.22723252238522554,0.2813489534905954,0.8108242787650798,1.0307541625819763,1.323727446617496,1.3704493606636974,0.7159852587747212,0.9229160375911447,1.459401351426093,0.9215548747638698,0.027543129809902044,-0.41575357396275875,-1.1091469327117907,-0.07224711996466923,1
2017-11-14,-1.3373624540573232,-1.560920786213319,-1.6110874707711993,-0.8881532563369485,-0.9302203934778986,-0.3207339601240208,0.21847221323794733,0.7798303781990066,1.0130035405849018,1.3236184781620883,1.3731537948812333,0.6792805401099633,0.8986718445302984,1.4674621109073398,0.8972287180417577,-0.05061675963149368,-0.5206069787868475,-1.255753651130371,-0.15641597032260351,-0.018849937802501483,1
2017-11-15,-1.7164777462330505,-1.767485932636359,-1.0324251349739966,-1.0751979112028784,-0.4554878809948183,0.0927629999046158,0.6635374525060485,0.9006218888416037,1.2164471177803247,1.2668133457067856,0.5613009796502247,0.7843723795197137,1.362703600477192,0.7829050458583453,-0.18083970292823828,-0.6587135930943022,-1.4061917018659933,-0.28841360197728994,-0.14854002070737304,1.0983084163694237,1
2017-11-16,-1.9209080028327266,-1.200224365113547,-1.2421605424556261,-0.6345715099269831,-0.09704394692009516,0.46256664600791936,0.695013913728204,1.0046618715554951,1.0540429791804296,0.36232983104019084,0.5810381452916293,1.1480577026557226,0.5795995114205457,-0.36529521510696517,-0.8338223010720189,-1.5666803779252418,-0.4707650607807606,-0.3336272870197446,0.8888338620099011,1.8889541462636223,0
2017-11-17,-1.4409518293722738,-1.4848647153624537,-0.8486362938572378,-0.28577176764264456,0.30021669682063395,0.5436206266272589,0.8678641874612568,0.9195729288544946,0.19525510740843222,0.4242724827997493,1.018019141528874,0.4227660373112351,-0.5666673595446575,-1.057278994016404,-1.8246811564339642,-0.6771086444213298,-0.5335067282287471,0.7465764950672862,1.793838568113504,1.4874652168870013,1
2017-11-18,-1.6332402211532313,-0.9992194014515559,-0.43830791710246203,0.14564726945735143,0.3882066300239561,0.7113251221790196,0.7628544432463177,0.04104987847806573,0.2692726034673152,0.8609590647102046,0.26777138508225157,-0.7182288502273296,-1.207138147782823,-1.9718775583638875,-0.8282869230822845,-0.6851832805261241,0.59045827695161,1.6340865330178092,1.3287762439555588,1.4810748491202312,1
2017-11-19,-1.1644599643579638,-0.6100183736060089,-0.03279888069476386,0.20696265294612354,0.5263541002432319,0.577289050837219,-0.13618978186405822,0.08940048365818107,0.6742620740365499,0.08791658123737994,-0.8867105287445756,-1.3699804496388714,-2.125898891575053,-0.9954991249695342,-0.8540461267066989,0.40688140658850896,1.4384718207489546,1.1366831659185952,1.2872250665088347,1.744155719433917,1
2017-11-20,-0.7294441078758671,-0.18310432400934373,0.04383060469205098,0.346135458266962,0.3943455243519094,-0.28096408670326045,-0.06744230093300238,0.48613074849324345,-0.06884681851741487,-0.9913339679593192,-1.4487502322627486,-2.1642290462321077,-1.0943026633665365,-0.9604170246324472,0.23305423625197846,1.2094573044655046,0.9238135407356823,1.0663018496742955,1.4987879268544093,1.7869773787059782,0
2017-11-21,-0.2860772563648525,-0.06790562491486868,0.22272545368154598,0.2690738445187466,-0.3801580759302403,-0.17488162678164862,0.35731469932460364,-0.17623190765090457,-1.063096382578022,-1.5028491046728594,-2.19069905798256,-1.1620888488053287,-1.0333733249435324,0.11401096519559982,1.0527093469912692,0.7780959752063993,0.9150819693923858,1.3308672060579356,1.6079279619183309,1.3895537883379605,1
2017-11-22,-0.15716003092383238,0.11623010313528799,0.15982899436743547,-0.4508889048476223,-0.25778995540648014,0.24283518641465526,-0.2590601343207455,-1.0933136452100214,-1.5069791631132876,-2.154024179276327,-1.1864336368620778,-1.0653538318597628,0.013964823300524393,0.8969773272611495,0.6386546905724979,0.7675143414246857,1.1586341835997476,1.4192590195705044,1.2138393346609926,1.5032654775127081,1
2017-11-23,0.04877129035140178,0.09107928697277298,-0.5015562155913347,-0.3141746223979205,0.1716277961994763,-0.31540719331187184,-1.1249597695949467,-1.5263773019959679,-2.154264332699078,-1.215322624723987,-1.097827802351599,-0.05046607535808509,0.8064018168842874,0.5557277072594848,0.6807720264798226,1.0603114251582122,1.3132195695645508,1.113882038505812,1.3947387283859907,1.0638242522629737,1
2017-11-24,0.022740076942558852,-0.5442142007314626,-0.3649525882247306,0.09979810277590795,-0.3661317469980032,-1.1406032292832962,-1.5246257627687756,-2.1253039813583885,-1.2270503068488277,-1.1146469967866386,-0.11267156868310693,0.7070648710111792,0.46725345549691094,0.5868791130453929,0.949971578305288,1.1919202190961122,1.001220766488639,1.2699068324634135,0.9533321808091152,1.270113185248738,1
2017-11-25,-0.5893438718348263,-0.42584841008481256,-0.0019727807113805603,-0.4269238612392283,-1.1332801794593175,-1.48352773417358,-2.0313759953722585,-1.2121241922174033,-1.109606810922747,-0.19575563559762002,0.5518845638125935,0.3331646852833448,0.4422692048987954,0.7734275016221834,0.99409663536881,0.820169297420967,1.0652242860939638,0.7764925374122684,1.0654124900459883,1.7876182696542755,1
2017-11-26,-0.5146466972088722,-0.13915932751861568,-0.5155993783663118,-1.1413203625724853,-1.45158479852155,-1.9368924886356305,-1.2111637999272593,-1.1203494685943516,-0.31082056357472054,0.35147146856265654,0.1577199381684262,0.25436944159064945,0.5477237869951657,0.7432020519872546,0.5891296918003744,0.8062100020374003,0.5504389282938686,0.8063767212399537,1.4461378440038897,2.0887570102401436,1
2017-11-27,-0.2599221748151296,-0.5878495149885059,-1.1329323710218453,-1.4032123027189494,-1.8259772546054966,-1.19377492108723,-1.114664045247738,-0.40946102548733904,0.16747988191015972,-0.00130243515101624,0.0828916204893343,0.33844070460027564,0.5087272279290526,0.37451053351371855,0.5636151959420015,0.34080593928312497,0.5637604296505988,1.1210740387149847,1.6808773684981584,2.1869131045918393,1
2017-11-28,-0.6399416231096166,-1.122630095674637,-1.361971703930747,-1.7363437220953772,-1.176508138678479,-1.1064529032228445,-0.4819728545684302,0.02892695134097171,-0.12053524127156025,-0.045978685940072324,0.18031828104315561,0.33111249688425637,0.2122592794275306,0.37971756517638333,0.18241277274049225,0.37984617431569456,0.8733653736840447,1.3690893011548535,1.8172002879796434,2.038086484744752,1
2017-11-29,-1.1691823416950555,-1.393280014088438,-1.7438078579146274,-1.219628831623174,-1.1540354928010377,-0.5693292798728977,-0.09096925645392298,-0.23091203414027947,-0.16110406956114803,0.05077978941400326,0.19196975227334803,0.08068642973456062,0.23747910917184284,0.05274088058256494,0.2375995270506152,0.6996859342813547,1.1638366480053162,1.5834069427527342,1.790224649542435,1.643839515341815,1
2017-11-30,-1.4795426155548537,-1.81440291944207,-1.3136531184582232,-1.250991604521975,-0.6924200000278509,-0.23544123034985162,-0.3691289869382009,-0.30244122833518666,-0.10002794033288787,0.0348512560037901,-0.07145803685054634,0.0783264815790178,-0.09815450403896332,0.07844151714092643,0.5198740523096965,0.9632786256825968,1.3640953906721296,1.561668968248457,1.4218268090980513,1.7052990841159654,1
2017-12-01,-1.8916059624342951,-1.4189711635842042,-1.3598278309723635,-0.832617680484517,-0.4012963530248375,-0.5274781025127272,-0.46453458199375286,-0.2734859515767474,-0.14617965668776728,-0.24652012840714702,-0.10514538277624774,-0.271717700877101,-0.1050368059789001,0.3116111428679283,0.7301204082406995,1.1084329921386267,1.294913641581546,1.16292303343561,1.4304795285543996,2.005936554491795,1
2017-12-02,-1.618911187561039,-1.5597231074467242,-1.032114072816381,-0.6004664101416353,-0.7267436280094427,-0.6637524847878616,-0.4725593080849992,-0.3451566939915723,-0.44557308272996704,-0.3040913737863745,-0.4707897195371277,-0.30398271484045164,0.1129804674282771,0.5318063744842382,0.9104051874892574,1.097026927110119,0.9649364556354908,1.2326953824468914,1.8085877958329588,1.885425193306302,1
2017-12-03,-1.7019244774138251,-1.1872177978450746,-0.7661258137879974,-0.8893149998099095,-0.8278642663278052,-0.6413466013945668,-0.5170595400208922,-0.6150203076147146,-0.47699844701278304,-0.6396202870483465,-0.4768924452546809,-0.07012584164956803,0.3384579349515654,0.7077983463928004,0.8898563659316368,0.7609960858513104,1.0222071324751547,1.5840164504115954,1.6589748364974548,1.847203672668613,1
2017-12-04,-1.350861819877165,-0.937858581340614,-1.0586814293310784,-0.9984111014705616,-0.8154762497559269,-0.6935766154742138,-0.7896556571030166,-0.6542850550121642,-0.8137830961393421,-0.6541810894392152,-0.2552280554753722,0.14550724545329596,0.5077530060540874,0.6863138775925451,0.5599288714493552,0.8161223215306727,1.3671398581559016,1.440658370454955,1.6252715235614672,1.8733036761663546,1
2017-12-05,-1.0604900350761575,-1.1760588704554398,-1.118409413298817,-0.9434295306477262,-0.8268307333059365,-0.9187317531053923,-0.7892477764533377,-0.9418100042515071,-0.7891483318500603,-0.40754387314808194,-0.02423464981850538,0.322258760740893,0.49305486686841815,0.3721657452138396,0.6172185572451773,1.1442749546110507,1.2145964954994892,1.3911816981749021,1.6284281088490282,1.8127557842081174,1
2017-12-06,-1.1448316925721422,-1.0978260666064557,-0.9551527558574752,-0.8600816185698034,-0.9350149340877987,-0.829437610809275,-0.9538322429545453,-0.8293565266836559,-0.518207778069242,-0.20566901587279726,0.07685124467503425,0.21611323042477928,0.11754389228899624,0.3173525529827152,0.7470984187606785,0.8044364790194635,0.9484187192248568,1.1418622760575248,1.2921574946146428,2.6675759340344634,1
2017-12-07,-0.9901669219285844,-0.888747688206504,-0.8211664297203488,-0.8744327301951506,-0.7993831559676685,-0.8878090024352674,-0.7993255173676798,-0.5781456239987052,-0.35597764034421886,-0.15514828981393175,-0.05615399433421217,-0.1262219467055718,0.015811914793902482,0.3212964947313209,0.36205521900868537,0.46440490441628957,0.6019141358166908,0.7087513979376613,1.6864667354516518,3.171978138861616,0
2017-12-08,-0.9517550844160957,-0.8916124151754901,-0.9390157569138362,-0.8722268006185577,-0.9509197186782423,-0.8721755062311453,-0.6753406223071088,-0.47762640602743767,-0.29890210474466256,-0.21080399436450062,-0.27315965003345344,-0.14675928779576503,0.12510096548799643,0.16137342515793227,0.2524576016624379,0.37483135448828203,0.46990916544129563,1.3400085313419379,2.662011450342569,2.1746048533838254,0
2017-12-09,-0.9855907123800448,-1.0312854142285095,-0.9669038467531915,-1.0427603010970874,-0.9668544012572969,-0.7771143744057679,-0.586526710481768,-0.41424447550200855,-0.3293218363038067,-0.3894299002054159,-0.26758560285882504,-0.005524474619831229,0.029440554619603255,0.1172416280430722,0.23520445396197237,0.32685521242291427,1.165592095633106,2.439943797670758,1.9701056320422763,1.4787586756998392,1
2017-12-10,-1.1264732113753826,-1.0639199623314137,-1.1376222325034673,-1.0638719209969125,-0.8795201628977765,-0.6943448390643405,-0.5269551035678887,-0.4444441115627193,-0.5028452166962595,-0.384461073914544,-0.129842001060163,-0.09586991452029275,-0.010562230542396245,0.10405066748100437,0.1930987125021794,1.008017006591915,2.2461794576339336,1.7896838341592936,1.3122902301767936,1.4074120724884298,1
2017-12-11,-1.1610664485625164,-1.2314373488153465,-1.1610205787141343,-0.9850015883852952,-0.8081962577984861,-0.6483726003660866,-0.5695911357707192,-0.6253524893140152,-0.5123193536485716,-0.26920915722618494,-0.2367726215849231,-0.15532087653019883,-0.045888523962709406,0.0391345164302951,0.8172182016915939,1.999415251194634,1.5635533990373554,1.1077381628340877,1.1985604626296205,1.683928986861593,0
2017-12-12,-1.3296925898509302,-1.2619178612087305,-1.0925031140076842,-0.9223315300825485,-0.7685044659113914,-0.6926788866166919,-0.7463480708136762,-0.6375559452121852,-0.4035672580145668,-0.3723477431458818,-0.29395207247562843,-0.18862562837319644,-0.10679265758103743,0.6420972809053562,1.7799382258466594,1.3604299366566437,0.9217169155928608,1.0091315572251782,1.4762890251693181,1.6272148818981331,0
2017-12-13,-1.4080816313961861,-1.2369410713460491,-1.0650359647439318,-0.9096418780539535,-0.8330438703774362,-0.8872597777447326,-0.7773593965082105,-0.5409870875209949,-0.509449542251811,-0.430255261909194,-0.32385586675861444,-0.241189270825754,0.5153295423586658,1.66476157104825,1.2409797885068852,0.7977976372090219,0.886102763962736,1.3580191231725218,1.51048244807991,1.1896277450988806,1
2017-12-14,-1.3974478381119553,-1.2220100281928017,-1.0634225447716363,-0.9852504242537624,-1.0405804853514415,-0.9284216171565508,-0.6871917838262834,-0.6550061322094419,-0.5741843848160395,-0.4655984490582103,-0.3812330289110346,0.39083248078265626,1.5638856945593014,1.1313950648028939,0.6791053826882468,0.7692252072154029,1.2508395941365051,1.4064360877104491,1.078987720958097,1.129639483805611,1
2017-12-15,-1.371039751027694,-1.2119769395921052,-1.1335705168580195,-1.1890664165673728,-1.0765713790168119,-0.8346185170135185,-0.8023363966114618,-0.7212724053796304,-0.6123610092757221,-0.527742723979422,0.24663686724082207,1.423206027187296,0.989419110309963,0.5357737981550006,0.626163735280759,1.1092216460242614,1.265284502836629,0.9368546879987351,0.9876582673789412,1.3603374129093515,1
2017-12-16,-1.3334505404762471,-1.2575645122997015,-1.311276482087043,-1.2023976263555953,-0.96822240112375,-0.936977997757237,-0.8585198293035485,-0.7531094179458178,-0.6712112091214729,0.07827575163403357,1.2170237943315323,0.7971810690944386,0.3581183017864289,0.445602631212665,0.9131325215879419,1.0641786978628227,0.746306343612803,0.7954768289108102,1.1561761077753334,1.721257968661612,0
2017-12-17,-1.3916160867510798,-1.4448287934999364,-1.3369619875695753,-1.1049634658723433,-1.0740094852146262,-0.9962806004519148,-0.8918499990410315,-0.8107130497412582,-0.06819271372160007,1.059970447987231,0.6440302412300509,0.20904864637130527,0.29571979221291234,0.758903902782022,0.9085460759414502,0.5936284060580914,0.6423418422850842,0.9996883523225056,1.5595176691673762,1.4480208055053365,0
2017-12-18,-1.596996780749709,-1.4884090932956318,-1.25486010900355,-1.2236992606950379,-1.1454509082758848,-1.0403223897400962,-0.9586431964465716,-0.21116054429450234,0.924542211935537,0.505822247240448,0.06793363949497065,0.15518401475880458,0.621463617629815,0.7721058600586435,0.4550835730249712,0.5041225646054377,0.8638572467448185,1.4274279426679615,1.3151859375486128,1.3068134267909726,0
2017-12-19,-1.7032787085778278,-1.456589340800083,-1.423675260732702,-1.3410243485635005,-1.2299808865179926,-1.143706100886827,-0.35416713781595305,0.8454347177307578,0.4031559226435154,-0.05937001866699533,0.03278940552167129,0.5253037308935733,0.6844216977647718,0.3495624912610724,0.4013606091852941,0.7813353779631715,1.3766147755454523,1.2580575942118346,1.2492140131028215,0.8045414667379511,0
2017-12-20,-1.6925999018248838,-1.6569527643555226,-1.5674388413769038,-1.4471747614297656,-1.353736052608561,-0.4986368398586689,0.8005752956660749,0.3215713868227277,-0.17936091264571205,-0.07954892773150066,0.453861874764579,0.6261923797427247,0.26352776500392894,0.31962699750621654,0.731153395624733,1.3758624828862633,1.2474607735774317,1.2378828558331392,0.7562864279011108,0.341447366502613,0
2017-12-21,-1.892256084785505,-1.795124942750631,-1.6646269482226832,-1.5632370393005202,-0.6353728554533034,0.7743961980070004,0.2546312814784708,-0.2889280298606942,-0.1806225086536673,0.39817907545921255,0.5851741059414763,0.19164841705360466,0.25252143366274893,0.6990668167345805,1.3986376526695823,1.2593095543202815,1.2489166002650622,0.7263385533155705,0.27619861470584306,-0.044849894586416195,0
2017-12-22,-2.004004950366448,-1.8625662035657264,-1.7526759197489983,-0.7470210218377618,0.7809409129118279,0.21759970072919457,-0.3715307919329721,-0.25414510147440983,0.37318232220998715,0.5758547300507822,0.14933644927926526,0.2153129664994817,0.6992960315250645,1.4575178163953988,1.3065086633740288,1.2952443799461875,0.7288541887906042,0.24097520618847423,-0.10698951909940779,-0.9416898598745633,1
2017-12-23,-2.148168054382011,-2.026111715064902,-0.9091198283201276,0.7880041929669275,0.16229495137328864,-0.49205872592136013,-0.36167715652366333,0.33510226954325156,0.5602127281065208,0.08647421188227526,0.15975505067073542,0.6973203308461629,1.5394855545351134,1.3717580377702536,1.3592466750502732,0.730150899186564,0.18825838077715773,-0.19822984279458744,-1.1253406344244623,-0.71735732527741,0
2017-12-24,-2.2896028159052233,-1.0597339225100075,0.8088920422653925,0.11995209410821911,-0.6005269375961036,-0.45696972972632405,0.3102223616816568,0.5580812350094962,0.03646933109015032,0.11715552512374211,0.7090441718566857,1.6363139434686675,1.4516368138641802,1.4378611221999091,0.7451924153967671,0.14853924372730803,-0.2770053367438255,-1.2978048043921795,-0.8485929641820513,-1.249123788736482,1
2017-12-25,-1.2408457904554961,0.8398642192441828,0.07273143117714637,-0.7295200419934634,-0.5696694753151339,0.28459686479048746,0.5605870567538683,-0.02022640197056986,0.06961745909899623,0.7286838828243345,1.7611962913292052,1.5555588018721602,1.540219606079796,0.7689348552418934,0.10456314575378187,-0.36927960547126765,-1.5059370801453535,-1.0057408985552243,-1.4517308995257179,-1.3936034207335972,1
2017-12-26,0.8202544077133261,0.021442950563647416,-0.8139374141560656,-0.6474858348717762,0.24205734532933212,0.5294445237040132,-0.07535356668248418,0.018200387330835698,0.7044828908085246,1.7796327923544168,1.5655035240543511,1.549530897759395,0.746396022965968,0.05458915249904542,-0.43882088609367087,-1.622416513536904,-1.1015647823998425,-1.5659718942990855,-1.5054440472866157,-0.26053995575634886,0
2017-12-27,0.08455250392599224,-0.7631050838944085,-0.5942072379025928,0.30840917281990626,0.6000199559789383,-0.013666589774876899,0.08126228614693,0.7776307860893802,1.8685816996837066,1.6513054663479125,1.6350980972880926,0.8201598973816914,0.11818584122306212,-0.38247563082410724,-1.5834660501403748,-1.0549595868889252,-1.5261918888011585,-1.4647744902586792,-0.20157458293460426,-0.36078456546585064,0
2017-12-28,-0.6838103267813139,-0.5195941907457766,0.3580024323532339,0.6415300034448962,0.044854346103648524,0.13715187133574333,0.8142176068156007,1.8749282546209058,1.6636747405145813,1.6479166264505658,0.8555678459760641,0.17305193570714794,-0.3137316103981958,-1.4814315589539273,-0.9675748619942383,-1.4257449904570276,-1.3660300318986496,-0.1378449913904356,-0.2926418036057528,-1.0224912970970321,0
2017-12-29,-0.49777925454249816,0.3687579789918839,0.6487125624734266,0.05955615528034533,0.15069055583701885,0.8192239730143152,1.8665676456505453,1.657976328330198,1.64241679652784,0.860053120375392,0.18613821099577563,-0.2945109349440117,-1.4474956392909952,-0.940114515780988,-1.392510827658599,-1.3335483913549222,-0.12084082245828351,-0.2736868999002529,-0.9943388991674049,-0.9652671423787864,0
2017-12-30,0.40777843045464074,0.6660754318318597,0.12249678622564586,0.20658093335178532,0.8233958996577248,1.7897159601798904,1.5972614873610094,1.5829056573638645,0.8610664610788062,0.2392863204881393,-0.20417930013797767,-1.2679678906407652,-0.7998383064481219,-1.2172367620794229,-1.162835722090238,-0.043944490884120856,-0.18496623442751164,-0.8498678342953184,-0.8230450993006508,-1.7426817276892408,1
2017-12-31,0.7247058131082379,0.19315443478060204,0.27537812892619895,0.8785453949018297,1.8234845756957447,1.635288366887528,1.6212501752041342,0.9153824542815642,0.30735987388911984,-0.12629358875168378,-1.1665447025539102,-0.7087729932991527,-1.1169360552516885,-1.0637386972935607,0.030395851503950404,-0.10750563296488473,-0.7576955635642164,-0.7314663106820839,-1.630754980926614,-0.9952365438911315,1
2018-01-01,0.28621842236101896,0.36672470088142706,0.9572935437631661,1.8824956727156137,1.6982303394654352,1.6844853650839027,0.993361183305685,0.39803843951003187,-0.026557254072892004,-1.045080524878907,-0.5968703452344757,-0.9965080590193538,-0.9444218403103856,0.12685939607286692,-0.008161724449486546,-0.6447710642257588,-0.6190896647234202,-1.4995947905178748,-0.8773504991553858,-1.1353012965712255,1
2018-01-02,0.40262448577886034,0.9918096752087778,1.914844132881598,1.7310105179102884,1.7172977468552224,1.0277928112856067,0.4338648589343876,0.010263957582946502,-1.0058729983058532,-0.5587129376605556,-0.9574143336751663,-0.9054501486243864,0.16332116533668006,0.0286163880175473,-0.6065014292697547,-0.5808801991405507,-1.459322374998962,-0.8385359500173317,-1.0958823902688095,-0.4128729778305414,1
2018-01-03,1.0294358619686705,1.954711662323531,1.7704316565114422,1.7566855876538952,1.065506373482085,0.47013622570836994,0.04550672269156579,-0.9730976504329614,-0.5248517809954817,-0.9245213168762136,-0.8724309506791899,0.19893558900005937,0.06390371710241939,-0.5727563141945301,-0.5470728697501642,-1.4276481078426984,-0.8053542688104045,-1.06332560616709,-0.378657687769908,-0.26553684292339663,1
2018-01-04,2.0676597010215327,1.8780151846036608,1.8638689587575725,1.1525690689401247,0.5398673096439128,0.10287656612017741,-0.9453800415950913,-0.48408544389217134,-0.8953896194322201,-0.8417828688575663,0.2607718463346073,0.1218091089818607,-0.5333845091527903,-0.5069534029666762,-1.4131627579191481,-0.7727535412326659,-1.0382345916976148,-0.3336355457019988,-0.21722167962271727,-0.005453742332767152,1
2018-01-05,2.121669381111976,2.1061424368085113,1.3254173238053062,0.6529138451578339,0.17327135891130474,-0.9772985627639236,-0.4709800857403862,-0.922428909962203,-0.8635899631280168,0.34657774100524963,0.19405178061067999,-0.5250909029182536,-0.49608003329862005,-1.4907384202574698,-0.7878231446847903,-1.0792160242445654,-0.3058457795956337,-0.17806953493290376,0.054367653850555565,1.1227498402653338,0
2018-01-06,2.3461878019817197,1.4955044728094482,0.7627401636211298,0.2401184876728274,-1.0135502301824733,-0.4618622154355353,-0.9537638877957865,-0.8896525759598494,0.42895428612609626,0.26276097478948773,-0.5208217254275129,-0.48921128695284943,-1.5729977489412985,-0.8070965414727015,-1.124600181041148,-0.2819307658483687,-0.1427049110776697,0.11056021167103991,1.2746766209301112,1.3366890505333235,0
2018-01-07,1.8357925287522279,0.9840485523771867,0.37656827689123135,-1.0806598732978503,-0.4393937287724527,-1.0111659632386074,-0.9366448341538015,0.5960655311102653,0.402887247083881,-0.5079265528415151,-0.4711834961399787,-1.730945440192637,-0.840684094518805,-1.2097411147483152,-0.23024663137075282,-0.06841453656258004,0.22597349519902174,1.579108639682343,1.6511900889459195,0.8753719057951792,0
2018-01-08,1.1911976858437456,0.5214195031151064,-1.085249324895631,-0.3782204874868157,-1.0086287222712034,-0.9264653526484119,0.7634264916171546,0.550437518577124,-0.45378144347920396,-0.41327033762352194,-1.8022225383897417,-0.8206637120031922,-1.2275680187065345,-0.14762507809904393,0.030803112480606885,0.3553810270023849,1.8472819736352553,1.926755471038252,1.0713761051438428,0.005616127149811295,0
2018-01-09,0.6254618448725463,-1.0379636997922084,-0.3059585669008226,-0.958636419999967,-0.8735705710312647,0.8760179020035721,0.6555049423257784,-0.38418876729168255,-0.3422465778696139,-1.7802645009119462,-0.7640314123394257,-1.1853099024701361,-0.06721721101544981,0.11751408203265232,0.45355794174829656,1.9981613481710547,2.0804423032747095,1.1948460541898351,0.09143734856903286,-0.393556137565022,0
2018-01-10,-1.0134031367026852,-0.2737749754736178,-0.9332497505422838,-0.847298034319214,0.9205104783163626,0.6977011187023963,-0.35281985735733346,-0.31044088616401416,-1.7634341842206533,-0.7366181457700646,-1.1622837880176424,-0.03254739095470776,0.1541076753273332,0.49365106223235355,2.0543398142470632,2.1374776349985436,1.2426588750333798,0.12775938136609513,-0.3622847784890407,-0.04005111221227819,0
2018-01-11,-0.250278490298662,-0.895991484917821,-0.8118333909721114,0.9190848666493486,0.700925045736515,-0.32767388026659117,-0.2861792645016925,-1.7088518050124823,-0.703463146982499,-1.1202460884279126,-0.014084792111747747,0.1686751956334467,0.5011330627880227,2.0292536912486434,2.1106566094997006,1.234510738600625,0.14287673231080417,-0.33694128942132723,-0.02143192729748513,-1.3301403822567943,1
2018-01-12,-0.8524146289758514,-0.769576139715153,0.9342012009126038,0.7194621409540702,-0.2930082833433432,-0.2521643059995265,-1.652529243501793,-0.662905148583819,-1.0731529049225104,0.015663706401875022,0.1955580050047187,0.5228029100008476,2.026962502201785,2.107089017111686,1.2446811735583523,0.17016406335635045,-0.3021303788869322,0.008431774799749742,-1.2797560418286558,-0.8073794185444395,1
2018-01-13,-0.7972025501553922,0.9277289090812264,0.7103236465409373,-0.3147176219230388,-0.2733665252975028,-1.6911184096015737,-0.6892071307993667,-1.1045485278912626,-0.0022131572841834635,0.17991471095182626,0.5112226923660763,2.034057946968036,2.1151793135875474,1.2420638045566237,0.15420547783856614,-0.3239529775074142,-0.00953488063035563,-1.313716851667111,-0.8354751949194692,-0.5196426742141723,0
2018-01-14,0.9295229503048613,0.7141560342540181,-0.3012746606355327,-0.26031126328487414,-1.6647706010217203,-0.6722530338252951,-1.0837002764298913,0.008299827189561144,0.18872010244225781,0.5169218091833454,2.0254792774108976,2.105840066982108,1.2409107072279713,0.1632519137473822,-0.31042342744825546,0.0010467507974920233,-1.2909074815396597,-0.8171497190213846,-0.5042783782908051,-0.9890805980424565,0
2018-01-15,0.8109328491094774,-0.20803690019736013,-0.16693073417418594,-1.5762849978258509,-0.5803082347452562,-0.9931894838150388,0.10261653960754942,0.2836656289933176,0.6130112086799925,2.126826413352317,2.207467282311259,1.3395234065623982,0.2581086766770993,-0.21721755297114767,0.09533818425535683,-1.2011188628537892,-0.7257099246219942,-0.4117481414751794,-0.8982400299023569,-0.8587053269665889,0
2018-01-16,-0.0245449344271559,0.011197322854698617,-1.2142514982374382,-0.3482388982614113,-0.7072436233137549,0.24557160148963228,0.40299574875317,0.6893653030717674,2.005644045586402,2.075762155948188,1.321075540423487,0.3807737014692812,-0.032527611606805645,0.2392429925544139,-0.8880404740312225,-0.474667244944508,-0.20167406860262094,-0.6246840431134165,-0.5903081900334851,-2.265447825579209,0
2018-01-17,0.11792886543545417,-0.9597574923368346,-0.1981671683759256,-0.5138837351599194,0.32404270580986055,0.46248492630067844,0.7143245434749309,1.8718887105116793,1.9335521024616782,1.2698642715659967,0.4429423743903713,0.07947620666047979,0.31847718940821895,-0.6728804196340713,-0.30935100739961546,-0.06927486807428614,-0.44127904392033135,-0.4110481707386913,-1.884202415550306,-2.075137574829328,1
2018-01-18,-0.7947810575512299,-0.09025659289379033,-0.38231656030534433,0.392824166504689,0.520892930259475,0.753862239200343,1.8246902807735967,1.881733243158666,1.267775451087981,0.5028146991035918,0.16658300184513694,0.38767567348942056,-0.5293996448551546,-0.19310944199425326,0.028977824891616634,-0.3151521286970786,-0.28718645072778354,-1.6499574485076995,-1.8265858622928521,-1.6590843224893108,1
2018-01-19,-0.04872679770023876,-0.3282214249777114,0.4135703051503419,0.5361291471195703,0.7590753822595743,1.7838330271032423,1.8384218214933739,1.2508784283343577,0.5188286984359287,0.19706274832301995,0.40864331652846275,-0.4689765317436512,-0.14715459312367543,0.06537777970190337,-0.26394661886502363,-0.2371841124870929,-1.5413244075941006,-1.710353710428774,-1.5500586146965218,-1.4758738428330098,1
2018-01-20,-0.2891545898609571,0.4428340913908941,0.5637732734620164,0.7837731926064709,1.7949882905725538,1.8488556740898423,1.2690768816483795,0.5467014565319221,0.2291877610715557,0.4379722147247177,-0.42804956643784325,-0.11048062237899733,0.09924305744831269,-0.22572919880675527,-0.1993203687336645,-1.4862259731113057,-1.6530214919202224,-1.4948447544740722,-1.4216403614890392,-0.7079389663338255,0
2018-01-21,0.4776642955953207,0.5932795637674101,0.8035947752161363,1.7702947539067508,1.8217908189902534,1.2675347092607376,0.5769592723717156,0.2734229790025974,0.4730164456185527,-0.35488183149314423,-0.051292721647017064,0.1491986250780869,-0.16146789268720863,-0.13622161667704052,-1.3664758156411714,-1.525928759730499,-1.374715186054532,-1.304733354017977,-0.6224501040193224,-1.3085889568396132,0
2018-01-22,0.6630909169934285,0.8622452540427896,1.777645010701366,1.8264083152275152,1.3015651175891436,0.6476367004820643,0.3602082788289558,0.5492098458077438,-0.23475405003573474,0.05272438526304188,0.24257618421818367,-0.05160407960008406,-0.02769755697085427,-1.1926654055119796,-1.343656601783205,-1.2004675342361637,-1.1341994537262683,-0.4881231789890394,-1.1378504498600208,-1.472291698440904,1
2018-01-23,0.9342326376272456,1.8153425732926922,1.8622792605720349,1.357096084870062,0.7276630734060558,0.45100138951438073,0.632923175389905,-0.12167433548568263,0.15503548859807406,0.3377756577389821,0.05461504791632103,0.07762605973121899,-1.0437034344202998,-1.1890386743139774,-1.0512133043849947,-0.9874275498771701,-0.36555254856993885,-0.9909417838991103,-1.31285524834728,-1.3431835693585477,1
2018-01-24,1.91053150657052,1.9573001804372179,1.4539253460196502,0.826745437499574,0.5510740849745348,0.7323446680947925,-0.019551704069812326,0.25616761632585955,0.4382536532468702,0.1561066381864421,0.17903528034878186,-0.9382803302942888,-1.0830953317338383,-0.9457633181129607,-0.8822058895248841,-0.2625569366941107,-0.885707544081057,-1.2064686950006562,-1.236688453499138,-1.0011662086935105,0
2018-01-25,2.282656723832521,1.736871810603977,1.0568510615604108,0.7579539873918917,0.9544968868668927,0.13925212654123936,0.4382012099448671,0.6356282664167129,0.3297099455085471,0.35457035989040714,-0.856880753491758,-1.013896634284303,-0.8649941941686833,-0.796081957649928,-0.12422665851839368,-0.7998786318128477,-1.1476643869833516,-1.1804302051017033,-0.9250648607189946,-0.9770740958274893,1
2018-01-26,2.175525847979449,1.397771602394732,1.0559166387713759,1.2807069480688633,0.3482941144520024,0.6902085621476788,0.9160101006746074,0.5661247872880439,0.5945581738570298,-0.791004322694009,-0.9705867370282546,-0.8002838379759378,-0.721467442151865,0.04694780407860508,-0.7258097794312286,-1.1235797710354363,-1.161054736597071,-0.8689879415056012,-0.9284720138256561,-0.9808179974673045,1
2018-01-27,1.7584044853973968,1.3699789518908854,1.625392226838006,0.5659576979160371,0.9544508189523044,1.211013081905274,0.8134632318817314,0.8457700711049974,-0.7285462594965604,-0.9325930118292826,-0.7390899141384635,-0.649536437212045,0.2235592721732186,-0.654470326884217,-1.1064281383611685,-1.1490082821073146,-0.8171535110063981,-0.8847410407621855,-0.9442180669472785,-0.762204849314942,0
2018-01-28,1.6135011158290693,1.8911412111189412,0.7395115488620626,1.1618124929547293,1.4407015645928227,1.0085557481082952,1.043674024252396,-0.6676439804014772,-0.889447486006167,-0.6791051751263306,-0.5817584891620331,0.36731659709215314,-0.5871217405396882,-1.078410260572336,-1.1246958546534738,-0.7639620976084164,-0.8374312945626032,-0.9020841878822876,-0.7042316404846617,-0.45032209581099314,0
2018-01-29,2.1355016737322114,0.9133816838178852,1.3615313298802496,1.6574909778365359,1.1988938626418897,1.236161700292865,-0.5799047064104456,-0.8152846266370067,-0.5920674316689234,-0.4887622331594189,0.5184049776675848,-0.4944537648508854,-1.0158136610267776,-1.0649323591860136,-0.6821183782941895,-0.7600845658485325,-0.8286948108963543,-0.6187318678125078,-0.3492807236246996,-0.7312370764534256,0
2018-01-30,1.1802100841856373,1.6596813791476162,1.9763259573792915,1.4856770087073434,1.5255495346279804,-0.4174436584042651,-0.6692745281833552,-0.43045644929049864,-0.31993114208371004,0.757628041687834,-0.32602046089585707,-0.8838187471538163,-0.936370402655912,-0.5268011510443408,-0.6102164772381434,-0.6836219642886898,-0.45898449084877824,-0.17070112352299735,-0.5793528065464364,-1.5720786035788825,0
2018-01-31,1.7733803281478044,2.0866460635908606,1.6012327190502764,1.6406797742509558,-0.2815801771913786,-0.5307238166283083,-0.2944541115246552,-0.18510819491189198,0.8809525981474865,-0.191132535978104,-0.7429786826871972,-0.7949695713408129,-0.3897707407229507,-0.472295960808055,-0.5449181544829469,-0.32267773679376,-0.037470576179640655,-0.44176162937656643,-1.4238942736093934,-1.3291553209516926,0
2018-02-01,2.235899757710467,1.7609423046948647,1.7995396631684202,-0.0813144601046869,-0.3250915003382981,-0.09391108755630806,0.013079498170599923,1.0561771482990516,0.007184922504136901,-0.5327743580663042,-0.5836453535440038,-0.18717457926542408,-0.2679221911347886,-0.3389800895798294,-0.12152677081562985,0.15753697580489276,-0.23804557474312374,-1.1990229036004312,-1.1063246451743998,-1.9546267564291953,0
2018-02-02,2.0372121219056316,2.0768409456053782,0.14572339238737383,-0.10456827863676002,0.13279013611716323,0.24263990892503925,1.313613014685148,0.23658780823449274,-0.31780119611740754,-0.3700316541317184,0.03703429642425997,-0.04587119248734459,-0.1188280227295566,0.10443645890939537,0.3909578285878995,-0.015196161590050904,-1.001854385127057,-0.9066788838565341,-1.7776507881662864,-2.0593553489390284,0
2018-02-03,2.372283228846266,0.35184050191532373,0.08997141709994966,0.33830900896030575,0.45323995873850087,1.5737516638213127,0.44690791395826884,-0.13312473597893235,-0.18777114983573456,0.23812391688950169,0.1513835774342601,0.07505207871364748,0.3086438128666141,0.6084184260239277,0.18347750303269947,-0.848819276824131,-0.7492413671295128,-1.6605006773104984,-1.9552356767454646,-1.6567101244763054,0
2018-02-04,0.6052580472568827,0.3376293048913198,0.5914289370187148,0.7088877259005867,1.8540444313919244,0.7024164114942654,0.10962628224665916,0.05377795243867478,0.48904033237074346,0.4003921898183873,0.32238182437231394,0.56111127226581,0.8674792529267515,0.4331920025627591,-0.6218095419528318,-0.520041474302726,-1.4513434007007582,-1.75256092427941,-1.4474694768712213,-2.243441148848827,0
2018-02-05,0.4362664655475925,0.6418256237901216,0.7369586606994307,1.664451921676378,0.7317173688546165,0.25160067616589926,0.20636760955996367,0.558898335012573,0.487099816590453,0.4239171203789874,0.6172705304897574,0.8654062101566032,0.5136652684066374,-0.3408088993350134,-0.2583842001864188,-1.0126707153218426,-1.256634901068365,-1.0095331200667967,-1.6542120169790122,-2.6032017543715416,1
2018-02-06,0.7039761065483409,0.7915060731770233,1.6448737025425473,0.7866836674684247,0.3449380924903119,0.3033200706215799,0.6276763997889989,0.5616160476164085,0.5034829377045289,0.6813834661053157,0.9096880432137873,0.5860583779202669,-0.20012587328573206,-0.1242885889915975,-0.8182922247759633,-1.0427586954232089,-0.8154053873860218,-1.408561289543711,-2.281707388349708,-1.7540635374415765,1
2018-02-07,0.8648554051147844,1.6681278343064925,0.8603160888637402,0.44450228378517126,0.4053273627145121,0.7106430174080625,0.6484606030101907,0.5937400783400635,0.7611973203135328,0.9760997444725767,0.6714680963374032,-0.06856481741166882,0.00282059431708863,-0.6504429783811926,-0.8617326042637216,-0.6477256068720062,-1.2060615057504966,-2.0279513498129265,-1.5312817512928059,-1.6137978151987815,1
2018-02-08,1.7499488926363638,0.9522026505236908,0.5415699724382894,0.502883179078965,0.8043945368476683,0.742986928340804,0.6889482328547635,0.8543189225637495,1.0665436175634713,0.7657077434883438,0.0348957946481527,0.10539172921403347,-0.5397320427156788,-0.7483889556611532,-0.5370485302239294,-1.088427447007063,-1.9000763716856897,-1.4095953802588135,-1.491083276747422,-1.0954401958985467,1
2018-02-09,1.1625452443098416,0.720527032456173,0.678883324744522,1.0034398404019933,0.937338717050166,0.8791697285005582,1.0571800536870295,1.285625535990943,0.9617961326903421,0.17512666368024704,0.2510107532881453,-0.4434212081968096,-0.6680262152339836,-0.4405325891063354,-1.0340545756823911,-1.907739563472831,-1.3797700609247823,-1.4674862516126568,-1.0416033239691698,-0.7300092386009922,0
2018-02-10,0.8379327504484133,0.7953241949783469,1.1274003971339435,1.0597677694036793,1.000251057001047,1.1823857234786488,1.4161240849144405,1.084791841663877,0.2798959390460044,0.3575381956803483,-0.3529831382027134,-0.5827920439673782,-0.35002759237090153,-0.9573009567609422,-1.8512284505229342,-1.3110263630529964,-1.4007748600510566,-0.9650246028477384,-0.6462111589900471,-0.724042786982035,0
2018-02-11,0.8848727134199571,1.2150142252744203,1.147775628155385,1.088605662690634,1.2696792047321968,1.5020557963755816,1.1726539090894281,0.37244736477578894,0.4496372742684422,-0.25674453162529454,-0.48521456077606506,-0.2538062049311934,-0.8575415684630109,-1.7462610020241476,-1.2092061552552775,-1.298431773632237,-0.8652202162540048,-0.5482641932945848,-0.6256423708591705,-0.9564092016668403,1
2018-02-12,1.303010376357948,1.234578928899518,1.1743592551360995,1.3586451431416522,1.5951442255579853,1.259898564459137,0.4454959082563614,0.5240552099386397,-0.19485820448064203,-0.4273814197996419,-0.19186775022670935,-0.806313716955952,-1.7107995305930044,-1.1642170303082868,-1.2550255610856234,-0.8141285882557048,-0.491549588081412,-0.5703004978165732,-0.9069353172988274,-0.3618104068449745,1
2018-02-13,1.3830945662286656,1.3204261926207987,1.5122056586730557,1.7583214532057678,1.409443768768337,0.5619252297828561,0.6436789717167559,-0.10446746666370457,-0.3464457242570809,-0.10135541220158738,-0.7407864651845826,-1.6820511939625582,-1.1132431251919739,-1.2077441840302001,-0.7489191109414217,-0.41322314917991837,-0.49517629048438777,-0.8454996203584546,-0.2782084110854243,-0.5119756874549513,1
2018-02-14,1.4571161764964198,1.659134648111863,1.9183904364159723,1.5508863545578022,0.6581192432709914,0.7442377748025658,-0.04385181131076183,-0.2987491617385798,-0.040573605885736656,-0.7141435489362592,-1.7056619101430728,-1.1064854755593287,-1.2060318965892922,-0.7227103924039472,-0.3690917985131068,-0.45542037524353796,-0.8244472847934247,-0.22686869404384663,-0.4731166832472822,0.19926800475254458,1
2018-02-15,1.7718197102092141,2.0425330081829793,1.658787508537875,0.7265655874771701,0.816490027892068,-0.006428265855964367,-0.27259050983312394,-0.0030051839342482684,-0.7063427714650493,-1.7416801397053445,-1.1160237956932313,-1.2199695556501722,-0.7152882166700852,-0.34604185807097176,-0.4361856263893196,-0.8215212533344435,-0.19753336801643925,-0.4546640022550638,0.24743594924912107,0.773642755325039,1
2018-02-16,2.2341453854374715,1.8238936927346645,0.8272810381406428,0.9234167685392604,0.04365759669631051,-0.24088909173701728,0.0473171188377901,-0.7046016296371039,-1.811452154872884,-1.1425802738512199,-1.2537058089025823,-0.7141649575217051,-0.3194138952167936,-0.4157841030066263,-0.8277357567957502,-0.16064757878583769,-0.4355388232165861,0.31505680283644555,0.8776099353266784,0.9341357349948546,1
2018-02-17,1.9642252244858862,0.9072769725578078,1.009232824436931,0.07621244333823238,-0.22556089211479055,0.08009351540018064,-0.7173468975115251,-1.8912068945734677,-1.1818410620698852,-1.299694211410996,-0.7274891956688385,-0.30883963976901824,-0.41104416445760167,-0.8479356471657596,-0.14046150424843637,-0.4319948486547141,0.36404233911788875,0.9606528148743172,1.020600724298017,1.8010780991357587,0
2018-02-18,0.9962679749546793,1.1042876060994558,0.11577624986726778,-0.2039449214453047,0.11988814697617509,-0.7249796823347463,-1.968654484332093,-1.217099432204337,-1.3419618455572262,-0.7357251891960124,-0.2921766358394305,-0.40045972949919306,-0.8633351402051973,-0.11378428506645152,-0.42265644638686956,0.420724701589481,1.0528183219215874,1.1163316067845868,1.9432275288231646,1.4154556550504758,1
2018-02-19,0.9774549158873465,0.05867728361168302,-0.2384894195475355,0.062499110307010955,-0.7227682099986529,-1.8787089917569872,-1.180171775198637,-1.2962258718737247,-0.7327556838798097,-0.3204968999184704,-0.4211412514284112,-0.8513634954176804,-0.15468909141334627,-0.44177211910411085,0.34211339658402,0.9296164902043969,0.9886492824091327,1.7572125089205688,1.2666718696963255,1.8556879519169123,0
2018-02-20,0.006489114890295006,-0.27039119509562654,0.010050040622771513,-0.7216101916864731,-1.7986394771886685,-1.1477886281493959,-1.2559201715589479,-0.7309158603054414,-0.34680034977169094,-0.44057411025075083,-0.8414267865842917,-0.1923115832681718,-0.45979659034895237,0.27057616766800074,0.8179727533216167,0.8729756107454657,1.5890720715466298,1.1320186977831188,1.680824986301079,1.8261955013294455,0
2018-02-21,-0.32071273350911617,-0.05006237381690557,-0.7561785929232396,-1.7956062033939002,-1.1674781182098017,-1.2718345301436589,-0.7651593783360856,-0.39445426136923567,-0.4849541550041136,-0.8718121031776057,-0.24535906816245315,-0.5035055322273216,0.20136816140157837,0.7296538196141438,0.7827363953905973,1.4738322115735212,1.0327356670844423,1.5623818120539446,1.7026770938097873,1.141731889345427,0
2018-02-22,-0.09571466123293697,-0.7980174291950076,-1.8318315070724855,-1.207095690328589,-1.3108885150402125,-0.8069497129795347,-0.4382466260103397,-0.5282577659335773,-0.9130264491316853,-0.2899566362810501,-0.546708954591808,0.15435799827573085,0.6797905970438349,0.7325864950697173,1.4199499792940948,0.9812356207353171,1.508021358815788,1.6475589618945656,1.0896431980151293,0.5535497386530587,0
2018-02-23,-0.8303420100710327,-1.8497690096909298,-1.2337273317464021,-1.3360757231467986,-0.8391499876881581,-0.47557795888459403,-0.5643364583748551,-0.9437505064652628,-0.32935164746333384,-0.5825308709832604,0.1087796804862465,0.626900094133907,0.6789612578078089,1.3567590450170686,0.9241500567994146,1.4436047787901245,1.581200506189001,1.03104897954316,0.5024160672158664,0.7307910385320495,0
2018-02-24,-1.9400049248963662,-1.3139595951917498,-1.4179699807435664,-0.9129748691596927,-0.543498941162173,-0.6336987540431306,-1.019273953474217,-0.39489811978486355,-0.6521886183624024,0.0503478456753098,0.5768818072589121,0.6297883711228731,1.3185926425843406,0.8789586918984762,1.4068486291188878,1.5466787179089727,0.9875935030324766,0.45037633455308546,0.682459794702995,0.29994141896182525,1
2018-02-25,-1.585559522188957,-1.701684872742722,-1.1378687302537582,-0.725356831251954,-0.8260629755000876,-1.2565493635778098,-0.5594472215195622,-0.8467065099353802,-0.062339711078176256,0.525524092550332,0.5845931291922246,1.353628231427712,0.8627864143545606,1.4521641355147792,1.608281411617205,0.9840748362592473,0.3842834627132732,0.6433996367823762,0.2163261263772956,0.08651426125939372,1
2018-02-26,-1.9295309167194428,-1.3304677051373588,-0.8921675494502022,-0.9991693566936269,-1.4565676799231886,-0.7158860701724741,-1.0211034254533802,-0.1877017929505425,0.4369124236980114,0.4996741719508023,1.3167856440182504,0.7952587611295018,1.4214815381406825,1.5873585142636157,0.9241295508752329,0.286842110098005,0.5621569791002482,0.10838489021418009,-0.029542187353509025,0.6231521003651831,1
2018-02-27,-1.610278865446784,-1.1317111876384378,-1.2485434674114166,-1.7479639000558505,-0.9392343721869337,-1.2724926634476053,-0.36252473673474095,0.31947405178710553,0.3880018488385139,1.280183005116703,0.7107423922850724,1.3944975228646805,1.5756139524049968,0.8514528022306314,0.1556164748375161,0.4562250779030279,-0.03923597091177029,-0.18983468816519147,0.5228239443707674,0.8871887793596628,1
2018-02-28,-1.32631451599176,-1.4512843441252572,-1.985490179663242,-1.120431393678328,-1.4769016385784135,-0.5035530432306875,0.2259480120807443,0.2992488758191095,1.2535718247565235,0.6444687955587581,1.3758485248593357,1.5695799928730314,0.7949799024348685,0.05067750234189804,0.3722239579408606,-0.157746716581131,-0.3188348666100067,0.4434615381073315,0.8332049454510242,0.4773428262352858,1
2018-03-01,-1.607513087229633,-2.1539613864202205,-1.2690779372806638,-1.6337174565055586,-0.6380625065522976,0.10815661801270464,0.1831373270472516,1.1593306174111029,0.5362686959669917,1.284409548333916,1.4825807852489277,0.6902290851845951,-0.07113058847878949,0.25778478848609027,-0.2843312919602802,-0.4491111197852388,0.33065492941448005,0.7293301364144634,0.365312679368225,0.9797101633238984,1
2018-03-02,-2.3936867629609533,-1.4690778088450693,-1.8500872681446934,-0.8097338941136243,-0.030014389837414886,0.04833246479831475,1.0683504774483783,0.41731713277903215,1.199044637922201,1.4061124729890795,0.5781893409643974,-0.21735042447751465,0.12633111119121976,-0.44012245129582,-0.6122998204315852,0.20247264695572187,0.6190457747892528,0.238686304209569,0.8806662345654518,1.0378242214940112,1
2018-03-03,-1.87353237385096,-2.3025037394356516,-1.1311894934085065,-0.2533180066028389,-0.16510876034387742,0.983310285765388,0.2503241194446235,1.1304563765618167,1.3635901474151328,0.43144710509635814,-0.4642361154353773,-0.07729155517939928,-0.7150509396499328,-0.9089021928359232,0.008434764147828908,0.4774465935158472,0.04920703797419188,0.7720001358383639,0.9489413498155986,1.4759752611672912,0
2018-03-04,-2.5917654865103956,-1.36344178045505,-0.4428430924677238,-0.3503405820264351,0.8539735835410401,0.08531198196298168,1.0082814750327287,1.2527621841101513,0.2752504700690949,-0.6640268729895602,-0.2582491938537734,-0.9270491963821018,-1.1303354541430022,-0.16835045778046126,0.3234888162547753,-0.12559374184315597,0.6323786807505744,0.8179318646579884,1.3706172344501635,1.4019995676220964,0
2018-03-05,-1.830775111030128,-0.7554093498255211,-0.6473557170623567,0.7594225417860724,-0.1384631266118395,0.9396720091806228,1.2252537585872698,0.08340699932852524,-1.0137775917214424,-0.5397823226670275,-1.3210180915175043,-1.5584799564669534,-0.43477019956682567,0.13975496782131733,-0.38482540931185366,0.500574061522313,0.7173216448724229,1.3629220907003385,1.3995802861118412,1.4967485158707146,0
2018-03-06,-0.9452814887225045,-0.8262750345133709,0.7231008463605066,-0.26579871165287416,0.9216212425671477,1.2361508933954382,-0.021438792343452553,-1.2298391436758989,-0.7077974978784988,-1.5682229771034402,-1.8297550869905943,-0.592140854973029,0.040620869703385805,-0.5371334272496981,0.4380142738328476,0.6767324056834646,1.3877739313507789,1.4281479728528397,1.5351656287120143,0.1363549506449542,0
2018-03-07,-0.7930886115891012,0.7266195376994735,-0.24334439144932332,0.921338629199122,1.2298456089818754,-0.0036635203849210212,-1.1889252016803094,-0.6768797044063597,-1.5208295998288712,-1.7773538452379145,-0.5634376759660651,0.057207811948896535,-0.5094835404883661,0.4469918547910037,0.6811389683705124,1.3785653413883583,1.4181662933896189,1.5231347556811696,0.15110875927066303,-1.2571114696894683,0
2018-03-08,0.7250023401317826,-0.1549607274729783,0.9016538669855791,1.1815351493187762,0.0624806723666007,-1.0128031331892937,-0.548269233532012,-1.313910837887781,-1.5466327516843401,-0.44535324630635237,0.11770388502427255,-0.3964053987234187,0.4713207069856066,0.6837418147653962,1.3164554984255852,1.3523819634784444,1.447610628487551,0.2028919659138032,-1.0746625444134974,-1.969780618673741,0
2018-03-09,-0.014549691321874853,0.9637578118262292,1.2228967258004284,0.1867768416199627,-0.8088162729423389,-0.3787095889302321,-1.0876084913227635,-1.3030830793212638,-0.28342084029397974,0.23790738966868424,-0.23810058179625176,0.5653172058670247,0.7619955071680684,1.3478179511467343,1.381081858826157,1.4692530027624433,0.31678207032338557,-0.8660912021912328,-1.6948709037445837,-1.7783357131445703,0
2018-03-10,0.9569388658373944,1.1852404754362806,0.27241795230352034,-0.6047004513908475,-0.22577608702857324,-0.8503166393410377,-1.0401499396095273,-0.1418266162343642,0.3174640098028527,-0.10189942890541273,0.6059123439036848,0.779186099170999,1.29529618409942,1.3246017158248367,1.4022805706603303,0.3869526723657409,-0.6551597140953547,-1.3853153551981536,-1.458847925195643,-2.0622987324061457,1
2018-03-11,1.2846600608947079,0.3760416562270207,-0.4970370687964359,-0.11985788805607121,-0.7415220406285812,-0.9304810398552805,-0.036295057064622285,0.4208802484663354,0.0034482406020408377,0.7080000976351228,0.880475818919301,1.3942088942066677,1.4233794556350845,1.5007005507750362,0.4900488722900487,-0.5472639350463266,-1.2740567528890216,-1.3472506594251301,-1.9479221983583233,-1.040157255531557,0
2018-03-12,0.51280585828154,-0.3547475935622038,0.02004461112255403,-0.5976853437991021,-0.7854485171963901,0.1030786152675058,0.5573606897739539,0.14257039772668859,0.8426635027963928,1.014047712571185,1.524529631346474,1.5535155870617081,1.630347356140953,0.6260915804000331,-0.40465659940725646,-1.126849913507003,-1.1995806128693351,-1.7964508057740871,-0.894430647636639,-1.3672055087369537,0
2018-03-13,-0.25107705793373464,0.11071759453335492,-0.4855898834926962,-0.6668415509934327,0.1908720329049901,0.629399897715656,0.22899426578905896,0.9048085929742907,1.070249308759646,1.5630280434437982,1.5910087848875545,1.665176077710087,0.6957472453312002,-0.2992552516074173,-0.9964033668104643,-1.0666118123719612,-1.6427829314900146,-0.7720442513562037,-1.2284235848346972,-1.2409721531590374,0
2018-03-14,0.1925598016485082,-0.3372556719496257,-0.4982966476141282,0.26377652002245594,0.6534057917360182,0.29764788607835657,0.89810469907577,1.045097742792728,1.4829285738935367,1.5077892880820027,1.5736864649920412,0.7123549961217697,-0.17169851414433643,-0.7911102646845708,-0.853490030504191,-1.365414474852283,-0.5917685904799345,-0.9972587807215956,-1.0084081053816638,-2.012650684110876,0
2018-03-15,-0.210324399417831,-0.3584386267179854,0.3424629786338377,0.7008167347213751,0.3736154923979246,0.9258736771068052,1.0610675990189047,1.4637537785399533,1.4866189248603892,1.5472265397796234,0.7550340904069506,-0.05805650361579838,-0.6277481142965042,-0.6851206604787006,-1.1559529638586898,-0.44440758297080546,-0.8173491027151789,-0.8276034718291917,-1.751235565814191,-1.7202328237508908,0
2018-03-16,-0.2674632107616461,0.3907376946169991,0.727259632791558,0.41999231838697926,0.9386055365657167,1.0655631025418526,1.4437166206967706,1.4651887644253785,1.522104010029155,0.7781739299296977,0.01461887305121112,-0.5203656826603419,-0.5742429481033914,-1.0163909557551416,-0.34819472058842144,-0.6984156989321916,-0.708045345923144,-1.575407434775177,-1.5462934582348582,-1.511141027300993,0
2018-03-17,0.4367301214272483,0.7476570070993032,0.46375970859071386,0.9429284476969101,1.060229925322979,1.4096219927276605,1.4294610166393071,1.482047424998999,0.7946988847587971,0.08921799646310286,-0.405076915459571,-0.45485640515228926,-0.8633756944770521,-0.24600086433919635,-0.5695848740002964,-0.5784821131082712,-1.379874719188177,-1.3529750819629955,-1.3204962607207407,-1.685629597316453,1
2018-03-18,0.8077695892629344,0.534922979846218,0.9954400981507209,1.1081756212359306,1.4439676187268118,1.4630344095588006,1.513573894427871,0.8529803640304885,0.17496028637923985,-0.3000942191709623,-0.3479360445511415,-0.7405537396089754,-0.14721019591463916,-0.45819871310486526,-0.466749627595893,-1.2369480638938455,-1.2110954937919556,-1.1798809091504157,-1.5308014476638832,-1.2753564071724324,1
2018-03-19,0.6210133880026798,1.0806988653562055,1.1932308010525845,1.5284163968158775,1.5474487552165204,1.5978969715885298,0.9384963971313125,0.2617007457603193,-0.21249586598950393,-0.26025129453539797,-0.6521599671914359,-0.059887933695788736,-0.3703148413911685,-0.37885031391407736,-1.147657860417613,-1.121851977083989,-1.0906937623922812,-1.440980578773027,-1.1859968426456329,-0.847761082894116,1
2018-03-20,1.1448590586027143,1.2576347141504378,1.5935462494709487,1.6126198278464499,1.663177304151817,1.0023486105656714,0.32408716608872906,-0.15113645303467788,-0.19899530951748676,-0.5917527716558112,0.0018019950574413935,-0.3092972302278627,-0.3178511887394962,-1.088323806227433,-1.0624620329278984,-1.031236336277351,-1.382281798195366,-1.1267458224048066,-0.7877775171001011,-0.552214659625897,0
2018-03-21,1.3825919873730381,1.7287078155846443,1.748360809549548,1.800454116696694,1.1195508236069658,0.4206852089589209,-0.06897471403739276,-0.118287422911777,-0.5229760388135429,0.08860968560608505,-0.23194008626427476,-0.24075389622146132,-1.0346318672823678,-1.0079844671683815,-0.9758101988826066,-1.3375196908646183,-1.0742210642955121,-0.7249556077934621,-0.48223684128018146,-0.4686685515603056,0
2018-03-22,1.913278583726009,1.933827195858797,1.988294477800292,1.2763613395402778,0.5456473081824789,0.0336728043185596,-0.017887163067905113,-0.4410180823349953,0.1984385754898517,-0.13671915890830422,-0.1459346281923106,-0.9759908800401105,-0.9481291155543855,-0.9144886147308818,-1.2926817830979709,-1.0173842196770324,-0.6522021812630199,-0.39842233482654754,-0.3842357165811584,-0.5644264066416506,0
2018-03-23,2.275376015071124,2.3358039620241673,1.5459599239262207,0.7352796925872985,0.1672769015901166,0.11007443318942493,-0.3593621135273462,0.350073929918254,-0.02176202504766844,-0.03198599564417242,-0.9528800327025608,-0.9219691965758378,-0.8846472240672774,-1.3042282257526085,-0.9988032813507303,-0.593657291705254,-0.31210487066307974,-0.2963657299492789,-0.49627571393018355,-0.3458031573905997,0
2018-03-24,2.8866193734193843,1.9663045986470924,1.0217117948402852,0.35988321166146153,0.29323172822509047,-0.25374890202935096,0.5728756479403718,0.13961780634067747,0.12770498464051128,-0.9453073411161843,-0.9092904848561885,-0.8658034658163434,-1.3546931407889655,-0.9988164418979402,-0.526746232811629,-0.198685450607067,-0.18034643297516487,-0.4132786360530893,-0.23795020372786452,-0.4832824130350738,0
2018-03-25,2.8288409227213775,1.5829863464595195,0.7100788187594897,0.6221699808780319,-0.09926079710666515,0.9910015617423114,0.4195635172400031,0.40385130413449327,-1.0113800114565699,-0.96387619286591,-0.9065197304194119,-1.5513324332021727,-1.081954927771772,-0.459325972801075,-0.026635796510899805,-0.0024478618275384995,-0.3096698203199745,-0.07842337329974719,-0.40200010862741903,-0.6656654257261,0
2018-03-26,2.2562314609648064,1.1495440279725575,1.0380916655571486,0.12344910556784951,1.5057027955798834,0.7812236468541868,0.7613034282324277,-1.0329515896713013,-0.9727254174993816,-0.9000078910992146,-1.7175127151023761,-1.1224277031106094,-0.3330478226337881,0.21552435171924703,0.24619023841934679,-0.143311134651277,0.14986715596983233,-0.2603690892591722,-0.5946485904542865,-1.1501259233558598,0
2018-03-27,1.44634547080741,1.3274991825063538,0.3521777893918038,1.8261323740068436,1.053590133433809,1.0323483760225336,-0.8809403557910293,-0.8167186841629773,-0.7391769621231845,-1.6109163483091462,-0.9763524560229739,-0.13460386657153,0.4503614529081798,0.4830617630028513,0.06772025319194183,0.38034845501415765,-0.05710351114791982,-0.41355964281871177,-1.0058882199794503,-1.784325203358927,0
2018-03-28,1.4833593767104707,0.503489552759401,1.9843179540789877,1.2081729473056593,1.1868321285335717,-0.7353792635726734,-0.6708580928936747,-0.5929547534812573,-1.4687595137413743,-0.8312363200435929,0.014437780801209997,0.602131097755598,0.6349839064008482,0.21770544314644064,0.5317915928446822,0.0922995606834023,-0.26581891129142066,-0.8609098246263984,-1.642977064457222,-1.3906275969127035,0
2018-03-29,0.639988727950203,1.9397536608827084,1.2585092562132185,1.2397778165303293,-0.4474014399700809,-0.39076938523262145,-0.3223914228459139,-1.0911100093256636,-0.5315378871532973,0.2107341681286042,0.7265691993958414,0.755405037895013,0.38914793928538605,0.6648302282891472,0.2790756525412483,-0.035255049985432364,-0.5575831606364191,-1.2440256766103155,-1.0225314180815936,-2.4611862372703768,0
2018-03-30,1.8006361476639192,1.2219914001288086,1.2060810321140678,-0.22699850326619384,-0.17889558925862806,-0.12081577456801398,-0.7737605464446017,-0.29846347663717265,0.3320177766207444,0.7701648342574355,0.79465781559269,0.4835613208468283,0.7177241373441996,0.39006660714774866,0.12307606930351025,-0.32058616945611135,-0.9036461603059279,-0.7155103188541223,-1.9374947475461155,-2.3638058546830383,1
2018-03-31,1.391477776402881,1.3759284156151692,-0.024634457127211403,0.02237699880837236,0.0791389789380008,-0.5589904359789011,-0.09447788586500094,0.5216977090497759,0.9499031830498184,0.9738404171348946,0.6698027209537575,0.8986523687690008,0.5784294080483691,0.3174969018989897,-0.11609861342571409,-0.6859289372877324,-0.5020619096285673,-1.6963194366130583,-2.112957518556809,-1.9872756841860315,1
2018-04-01,1.4759249801526908,0.1462882166877926,0.19091895860769498,0.2448064469998712,-0.3610073628867828,0.0799817392396448,0.6649534957337513,1.0714741536978845,1.0941991788107246,0.8055583000688458,1.0228187393987354,0.7188122364660776,0.4710936515232206,0.05945591010546726,-0.48151755298547816,-0.3069617623654222,-1.4407407192600874,-1.836279771160837,-1.7169626089459922,-1.9028162298878015,1
2018-04-02,0.29958398574202727,0.3444508153913494,0.39862335785682507,-0.21039508633960488,0.23292676024369807,0.8209929007391558,1.2296639719604385,1.2525092079268094,0.9623414764652918,1.1807511802171393,0.8751365434753906,0.6261075765908846,0.21229235356439607,-0.3315427513250813,-0.15606359536329478,-1.2958400169668718,-1.6934713916174355,-1.573523065395533,-1.7603598149497088,-1.4141844082158037,0
2018-04-03,0.39723889886198993,0.45060522248003015,-0.149349549867144,0.2873745921978026,0.8666888819506413,1.2692779362492332,1.2917831796848505,1.0059338479766937,1.2210930855031517,0.9200267359375188,0.6747039241921704,0.26704727554627805,-0.2686942437091426,-0.09582664327769894,-1.2186404267783124,-1.610354081972027,-1.4921908778233606,-1.6762470433024923,-1.3352235663973442,-0.8052471474527552,0
2018-04-04,0.5231664485769193,-0.04381104084964052,0.3689079990726992,0.9163795364820677,1.2968397674821848,1.3181079813712746,1.0479707245042422,1.251303458807574,0.9667856069706288,0.7349472779607981,0.3496979994309415,-0.15659580065110404,0.006769910588037905,-1.0543269743857002,-1.424509586529863,-1.3128413743266258,-1.4867806567971558,-1.1645019723310701,-0.6636563864331365,-1.4738529189430036,0
2018-04-05,0.05633022884063329,0.4511108579065762,0.9747871050088136,1.3387110212814008,1.3590548340113,1.100658816662107,1.29515390167944,1.0230023272092743,0.8012406139979815,0.4327358012473131,-0.05155245675548369,0.10471273096866207,-0.91026466340759,-1.2643576670137369,-1.157542999416724,-1.3239221889155062,-1.0156510177768878,-0.5365741729022434,-1.3115563419620384,-1.3660767306632247,1
2018-04-06,0.5041800423585845,0.9990761465703627,1.3429995713760614,1.3622253310330112,1.1180302142264456,1.3018362592705794,1.0446415617725051,0.8350674049553981,0.4868148400877918,0.029142044104930705,0.1768192264414131,-0.7823771494097967,-1.1170099477905056,-1.0160655892121842,-1.173300929101078,-0.8819716918452208,-0.42922390070806776,-1.161614683035089,-1.213138746075247,-1.4261300050198702,1
2018-04-07,1.0576574339423301,1.3948140241601041,1.4136615091022702,1.1742710314782279,1.3544606171207463,1.1023263308925473,0.8968756316558197,0.5554750789842741,0.10680718316940449,0.2515787563114962,-0.6887450370269378,-1.0167937977090922,-0.9178355608305928,-1.071977230850953,-0.7863800159493464,-0.34254022348778296,-1.0605209164743425,-1.1110312224199157,-1.3198317908968387,-0.9922718011714375,0
2018-04-08,1.5121438090836246,1.531263583921455,1.2884146285018172,1.4712074157717658,1.2154305417552673,1.0070116932067879,0.6606789216661488,0.20552911407820879,0.352392204293639,-0.6015164608918632,-0.9343045469053852,-0.8339166589048681,-0.9902852159277207,-0.7005619738088898,-0.25031002125530843,-0.9786633920066866,-1.0299034210945306,-1.2417205344940099,-0.9094282807185328,-0.7734614062708968,0
2018-04-09,1.7248779041560158,1.4726636785371656,1.6625057192835893,1.3968650205216429,1.1804086705233738,0.8207198605401753,0.348017575026955,0.5005443195075728,-0.49015104866948656,-0.8357728334700174,-0.7315135691474216,-0.8939123509437324,-0.5930161703177292,-0.1254006215893124,-0.881842340943248,-0.9350583996030288,-1.1550440657408778,-0.8099372345407826,-0.6687269094258619,-0.9862272037049762,1
2018-04-10,1.7149961166884755,1.917950105522606,1.6339622217090555,1.4025557352011246,1.0180240559267753,0.5126733232928848,0.6757347351619982,-0.38338565724676,-0.7528787346359452,-0.6414185254852944,-0.8150338133202455,-0.4933554335320067,0.0065572332416238745,-0.8021301558098511,-0.8590217238343434,-1.094201288136677,-0.7252587309950721,-0.5742953372496462,-0.9137246381916212,-0.8277494883070735,1
2018-04-11,2.1956089143363506,1.8893764036863723,1.6398439645118223,1.225192113921084,0.6802575148278179,0.8560914443471241,-0.28598931097434116,-0.68442459362522,-0.5642337628495486,-0.7514482480837911,-0.40457296403454507,0.13449760825904034,-0.7375338536282522,-0.7988817093078718,-1.0524827695459045,-0.6546411291142509,-0.491852849339418,-0.8578694751891027,-0.7651599354400799,-0.5717773627572857,1
2018-04-12,2.2164631514465647,1.934434385971539,1.4657828955645644,0.8498820822062007,1.048614664771403,-0.24219797089872785,-0.6925210281310434,-0.5566778818963815,-0.7682730970287989,-0.3762246384884021,0.23304848251662574,-0.7525466467780436,-0.8218837640646677,-1.1085110025058351,-0.6588588968450901,-0.4748708841819988,-0.8885534397374814,-0.7837704418648688,-0.5652038762570922,0.9418679062015075,1
2018-04-13,2.2393313934548345,1.7139719345780975,1.0235456270746133,1.2463253347566807,-0.20067876459659448,-0.705492005373533,-0.5532115085463892,-0.7904102585734929,-0.35092298445134834,0.33207366382854886,-0.7727808696503636,-0.8505079465153934,-1.1718177768885354,-0.6677566744527483,-0.46150566543846144,-0.9252448148534007,-0.8077828197703723,-0.562769168930312,1.1266619591629619,1.1389713451852501,1
2018-04-14,1.9300928282907994,1.1732461227485413,1.4174576859355208,-0.16875111520599984,-0.7221284040547572,-0.5551982174593103,-0.8152159638367527,-0.3334491308928707,0.4152531672802561,-0.7958905922769122,-0.8810951701115,-1.2333156517666362,-0.6807628584787022,-0.4546700879820597,-0.9630218753506118,-0.8342598003270404,-0.5656753439761432,1.28628245317295,1.299776026863535,1.4813259274277684,1
2018-04-15,1.1336475452558035,1.3720626122946846,-0.17649664807199192,-0.7167392217524874,-0.5537712152068894,-0.8076172969602448,-0.3372854655166917,0.3936459706595764,-0.7887506237533624,-0.8719328239381235,-1.2157931581925727,-0.6763555102160107,-0.45562917632946953,-0.9519149536413862,-0.8262091174877321,-0.5639996613471445,1.2440008960319526,1.2571741923085578,1.434414905848332,2.1075487500151766,0
2018-04-16,1.3114392898234288,-0.1929831128568079,-0.7178277549237299,-0.5595046437311471,-0.8061156336986348,-0.34918914594526207,0.36090936662082523,-0.7877866962385598,-0.8685980469340154,-1.2026577135450405,-0.6785950552823444,-0.4641598379424784,-0.9463005351882737,-0.8241775522987271,-0.5694415598775556,1.1870275738483391,1.1998254063516791,1.3720144254875235,2.025962686354906,1.5101585399758852,1
2018-04-17,-0.18918549601043963,-0.7173762449948672,-0.55804375690272,-0.8062269963957308,-0.3463874087287495,0.36823828265286385,-0.7877812041952051,-0.8691077614830537,-1.205297199976487,-0.6778934202742859,-0.4620910875890636,-0.9473056360147275,-0.8244040673779323,-0.5680440250988421,1.1996233433953438,1.2125027675020577,1.385789564574207,2.043907022617275,1.5248144063103155,1.2242689179900097,1
2018-04-18,-0.762242952289076,-0.6128816303080131,-0.8455333461513045,-0.4144709210578986,0.2554328710969009,-0.828241907719331,-0.904478978100462,-1.219629388231572,-0.7252309971854687,-0.5229337627518934,-0.9777831614218527,-0.8625728801732365,-0.6222560729958982,1.0347891294137082,1.0468625479234412,1.2093049060543943,1.8262367994123943,1.3396294519053584,1.0578923624487266,1.5281079301310718,1
2018-04-19,-0.701430284602264,-0.9222020938493283,-0.5131510316581507,0.12254542851798468,-0.9057936090321248,-0.9781377819462631,-1.277195650388826,-0.8080427499494147,-0.6160754296582509,-1.0476988299642487,-0.938371537264406,-0.7103260396384373,0.8621053779168508,0.8735622908329205,1.0277098464309473,1.613139314617653,1.151379623258209,0.8840288893687637,1.330233815204303,1.5537204518040562,1
2018-04-20,-0.96350146526781,-0.5992636769670613,-0.03321045259735232,-0.9488905993598482,-1.013309162161128,-1.2796039762900933,-0.8618487603139835,-0.6909122718611173,-1.0752495031694878,-0.9778994777702428,-0.7748373288974805,0.6253275764738419,0.6355293361244576,0.7727893750600147,1.2940825690103326,0.8829106047908795,0.6448492745236045,1.042170563569121,1.2411732939221896,2.0796940811811475,1
2018-04-21,-0.7007260974121217,-0.17550704420618235,-1.025131494729513,-1.0849030057937756,-1.3319877394002344,-0.9443687142615157,-0.7857633097546693,-1.1423750700080335,-1.052047719206882,-0.8636341478652982,0.4355251083162345,0.44499092939816054,0.5723492494095277,1.0560371889564673,0.6745265103579481,0.45363854239848944,0.8222977113015763,1.0069447040606352,1.784975947444214,1.8551584509950063,1
2018-04-22,-0.28173199910044056,-1.088404550246288,-1.1451543734020977,-1.379747989775478,-1.0117246499472532,-0.8611373802420911,-1.1997209959031063,-1.1139600523896172,-0.9350715373863144,0.2984100448388441,0.30739733096996247,0.42831718073409975,0.8875527687782953,0.5253289742477963,0.3156077726963047,0.6656297525241965,0.8409421044917188,1.5796407702196458,1.6462752687327808,1.5215515601590481,1
2018-04-23,-1.1169510296010627,-1.1703442508355004,-1.391062275362567,-1.0448065425660955,-0.903126111520831,-1.2216834019587253,-1.140994991393677,-0.9726872588453768,0.18783715067623807,0.19629286260644999,0.3100606231220278,0.7421336409330198,0.4013344256712453,0.20401767842346932,0.5333367840452684,0.6982798741414575,1.3932864678449544,1.4559797120369127,1.3386330808981144,1.5004635616846733,1
2018-04-24,-1.2269836687291946,-1.4276607495527773,-1.1128446405154053,-0.9840286302556543,-1.2736612837606127,-1.2002992884130017,-1.0472737051141292,0.007876417882510384,0.015564360858966236,0.11900213908764412,0.5118434219993296,0.2019883849571965,0.022587772251764292,0.32200508045402904,0.4719715269798556,1.103872318391914,1.1608730878522235,1.0541813963518403,1.2013178549265728,2.0796682043469246,0
2018-04-25,-1.5662338021756639,-1.2469253288216926,-1.1162711392843085,-1.4100367941198093,-1.335627937443844,-1.1804187089940272,-0.11021180006702559,-0.10241415164760151,0.0024996634501034337,0.40094671465247694,0.08667010682102524,-0.09529051754759105,0.2083994170944482,0.3605058554876535,1.0014237476308352,1.0592379069253726,0.9510237458498476,1.1002598129172747,1.9911440500706072,1.0013191592019606,1
2018-04-26,-1.4240388340184,-1.291200371473901,-1.5898771921323014,-1.514224370316733,-1.3564203584209473,-0.2683217609727106,-0.26039375168983603,-0.15372599042934226,0.2513822871890193,-0.06814838799139793,-0.2531510248785064,0.05561598941264231,0.21026533889631538,0.8618980780454927,0.9206787728030201,0.8106554904749598,0.9623864818470539,1.8681644962192296,0.8617917411102528,1.3766633663260872,0
2018-04-27,-1.4610012123276774,-1.7696409561945525,-1.6914645932063166,-1.5283967337543622,-0.4040025752855919,-0.39581011244550035,-0.28558424877881533,0.13303717208290933,-0.19715204557347576,-0.3883257909537326,-0.06925927619946944,0.09054869118347678,0.7639178574379114,0.8246592920570696,0.7109659776503147,0.8677582396360894,1.80375017144994,0.7638079734355852,1.295854103365044,0.9363380664211772,1
2018-04-28,-1.9428900853875934,-1.8634329269942282,-1.6976934599472548,-0.5548778910076779,-0.5465512076901786,-0.4345194685092803,-0.00903960128558955,-0.3446384442639046,-0.5389442674910324,-0.21465035521650613,-0.05222418838677912,0.6321770609823975,0.6939136474273432,0.5783576488393352,0.7377187027340074,1.6890453740993219,0.6320653767054114,1.172828236506699,0.807422100937276,1.2559337479482664,0
2018-04-29,-2.1683646450066068,-1.9911323525293287,-0.7690708437609813,-0.7601667655749784,-0.6403664408905768,-0.18538264243531513,-0.5442528219617855,-0.7520323394527432,-0.40525100527269475,-0.23156176626138206,0.5002977272027458,0.5663152964655837,0.4427463306413522,0.6131579134500686,1.6304521636666878,0.5001782984342299,1.0784391257240165,0.6876947348670255,1.1673073993628547,1.260992633331827,0
2018-04-30,-2.416932528105451,-1.0436285552330096,-1.033622507370551,-0.8989956815847435,-0.38770303917025495,-0.7909870308130764,-1.0244813637942658,-0.6347823343015194,-0.4395972963406831,0.38283720695338835,0.45702511770708726,0.3181632433475998,0.509664982020766,1.6528596783423886,0.3827029976676026,1.0325294472985453,0.5934264884938368,1.1323960680658856,1.2376757966932457,0.9714493101232373,1
2018-05-01,-1.4254301258018245,-1.4135837027227391,-1.254195464931412,-0.6488626659558618,-1.126321184213358,-1.4027612625625614,-0.941386338083079,-0.7103016410903144,0.2634001855232561,0.35123320313644346,0.18683098001804996,0.41355492216650275,1.7670131726714629,0.26324129162204607,1.0325879064019192,0.5127223713993216,1.1508226237799113,1.275466061840033,0.9602735264735528,0.7456961403286942,1
2018-05-02,-1.5894286079618274,-1.4241151929280136,-0.796279452867712,-1.291487250405869,-1.578203849054458,-1.0996775447701572,-0.8600023908736592,0.1498963093860807,0.24099447506986735,0.07048068233671587,0.30563297252991967,1.7094053499470976,0.1497315086843409,0.9476781953179841,0.40848692160445843,1.0703082286012633,1.199585223521371,0.8726755648374216,0.6501213727327514,0.8641974842923792,1
2018-05-03,-1.5885138964132535,-0.9625646676957382,-1.456284472328295,-1.7421395492746252,-1.2650511135971154,-1.0260961319806572,-0.0192319600721104,0.0715924752202637,-0.09840896024558451,0.13603674790007755,1.5355910912938444,-0.019396265583192348,0.7761527629064137,0.2385816429829451,0.8984143193190817,1.0273028646787128,0.7013754991963488,0.47949003456448824,0.6929228934595926,1.6202266856688097,0
2018-05-04,-1.1373226052026606,-1.6390963571425807,-1.9296145278227779,-1.4447434488608675,-1.2018904448991172,-0.17860150957185608,-0.08629547437361994,-0.2590701074924104,-0.02079993583095323,1.4015850431373256,-0.17876849536417477,0.6297581570646776,0.08341775255266348,0.7540141405265031,0.8850052176118398,0.5537610675828718,0.32825603204531334,0.5451705762669369,1.4876012801582357,1.4076336396146376,0
2018-05-05,-1.7300965950700102,-2.012320041263189,-1.5412927504619152,-1.3053735598103309,-0.31130104068616266,-0.2216304796431772,-0.38947214083559684,-0.15800493582775366,1.223768843202871,-0.3114632587865422,0.47397875901650927,-0.05676281695771347,0.5946870499320606,0.7219381375629109,0.40015149911056414,0.18108496666504922,0.3918062790577209,1.3073291891315717,1.229644743283276,1.5133281523798676,0
2018-05-06,-2.27862187125971,-1.7808431681391483,-1.531525238887053,-0.4809956007090698,-0.3862323110743247,-0.5636063317936723,-0.3189932332028386,1.1412566783506966,-0.4811670317857963,0.34888319382491567,-0.21200119342829307,0.4764469628066005,0.6109251185495762,0.27086300601709157,0.03935486084710501,0.26204382951440225,1.2295627307620904,1.1474662929076673,1.447261150306913,1.0599221563928336,0
2018-05-07,-2.2414536096641826,-1.9505352795430162,-0.7247175896627608,-0.6141423973369291,-0.8211124859677136,-0.5356840196665417,1.1682185721089182,-0.7249176251865665,0.24363215491047258,-0.41083962664258245,0.3924808107910931,0.5493975661318721,0.15259376540964506,-0.11754309640505789,0.1423030490183182,1.2712590930380765,1.175464303304541,1.525281982101779,1.073312829147851,0.44700160411275586,0
2018-05-08,-2.413053834338532,-0.9838100986399777,-0.854884808802795,-1.0962018538206555,-0.7634061609384241,1.2232612902169755,-0.9840433303200856,0.14523855012914402,-0.6178436779202419,0.31878883476022024,0.501746130488967,0.039092221049121384,-0.2758742056204478,0.027093746839150473,1.343401520103445,1.231709459963091,1.6395798392088017,1.1126058153215423,0.382357424905068,0.024243137415613833,0
2018-05-09,-1.3409456703651128,-1.1862254162228854,-1.475824412518852,-1.0764440097661918,1.3077095828069627,-1.341225566302255,0.013999461789372534,-0.9017578454411883,0.2222731385713798,0.4418359514847729,-0.11338428915868329,-0.49136820249428453,-0.12778338014719362,1.4518870899835203,1.3178480356412077,1.8073238306049277,1.174914510407501,0.2985603312167856,-0.13120433049003796,0.14981119040024848,0
2018-05-10,-1.2583454523042878,-1.5577754239361319,-1.1448373122849174,1.3202507982434608,-1.4186073701106776,-0.017376713559907716,-0.9642211019481415,0.19796719967231124,0.4249834797110582,-0.14908474231893382,-0.539900021014528,-0.1639726371713306,1.4693226784502085,1.3307334196730127,1.836825378813212,1.1829477506846136,0.27684410263761694,-0.1675097180217938,0.12304539620343571,-0.7812897114183323,0
2018-05-11,-1.309803411038497,-0.9455259098272041,1.2290763170736023,-1.1870349150688273,0.049074777368839785,-0.7861935064395826,0.2390425725418661,0.4393072632872126,-0.0671127825876693,-0.41187440458751495,-0.08024628851048501,1.3605815729228137,1.238323666816235,1.6847777698815298,1.1079530551072228,0.3086246244396487,-0.08336655989603675,0.17294955137520313,-0.6248187435995974,-2.3337346492587128,1
2018-05-12,-0.8444091288362735,1.188371193249268,-1.070167544508134,0.08532628679709732,-0.6954679706463686,0.26290487615045,0.45010882431152044,-0.02328382250428487,-0.34556098765295634,-0.03556079530861351,1.3113000181323742,1.197015454878236,1.6143529818055817,1.075147275593775,0.32794896748743524,-0.03847757070489176,0.2011222700293058,-0.5446176503788973,-2.1420825026400365,-1.9739701752546013,1
2018-05-13,1.1805418878760279,-1.0124859637524575,0.10949176108100003,-0.648654877867208,0.2819195285548873,0.46369346290842794,0.00403198273650768,-0.30889725212651004,-0.007888885762879622,1.2999050549671072,1.188935415156376,1.5941677030870207,1.070602128713191,0.34507695928707494,-0.010721057544592934,0.22192898081498155,-0.5021801027202802,-2.0533090935317557,-1.890073010840334,-1.3260846210366077,0
2018-05-14,-0.8841325769962476,0.2351845028482492,-0.5211642759364566,0.4072033771103259,0.5885462548601063,0.12997481060134924,-0.18221234749649812,0.11808221111152865,1.4227748644291358,1.3120683767376973,1.7163397015116022,1.1940157044801898,0.4702110370423685,0.11525675550919405,0.3473550902608963,-0.37503684937576004,-1.9224875108538728,-1.7596385243193693,-1.196987570054647,-1.215353031469815,0
2018-05-15,0.26394065532455496,-0.4534997959548059,0.4271104815222666,0.5991246629401943,0.16414319256423707,-0.1319843373158572,0.15286237585085374,1.3904386266925224,1.2854271363368184,1.6689018107471214,1.1734473661106415,0.48687688194977163,0.15018226820836392,0.3703409287313662,-0.31488950160826107,-1.782735728169594,-1.6282640695025048,-1.0945571794232265,-1.1119778790994037,-1.6148878959049924,0
2018-05-16,-0.3156359396543355,0.4963437016126404,0.6549519042340297,0.25387085021141503,-0.019177888409029866,0.24346920746160058,1.3845945677945775,1.2877671806418594,1.6413556368823727,1.184514588680398,0.5514521890106966,0.2409979748428529,0.4439985015973679,-0.18782828176296174,-1.5412774555484523,-1.3988445937043166,-0.906732316307499,-0.9227953283293526,-1.3865108963616624,-1.704513602892221,0
2018-05-17,0.5327062616833059,0.6743226418273042,0.3162097190637351,0.07241290826060005,0.30692241254721103,1.3257981084444093,1.2393439160335546,1.555052160663352,1.1471528560984516,0.5819109331412712,0.3047159250378846,0.4859688444403166,-0.07816983476220245,-1.2866229256651973,-1.1594490092186054,-0.7200571102024181,-0.7343992790130347,-1.1484366306493345,-1.432371455144841,-1.983010442585759,1
2018-05-18,0.7435338591477869,0.4040769420533444,0.1729808030086008,0.39527346069924707,1.3610705058398436,1.2791201718524434,1.5783814958959874,1.1917318342640222,0.6559363675747134,0.3931819208527002,0.5649924122471657,0.03024271548112862,-1.115255630474993,-0.9947068793195152,-0.5782052398777534,-0.5918002488803027,-0.9842681940853898,-1.253411344338669,-1.7753646200435653,-1.4775103318967882,1
2018-05-19,0.49830422256244283,0.2749123022560029,0.48979422921853427,1.4233938013795848,1.344175504808845,1.633460138156144,1.2597004952870063,0.7417672286821686,0.48777241654503445,0.6538551376153833,0.13693277734729373,-0.9703772636977609,-0.8538473332433565,-0.45123090948882055,-0.4643726918665643,-0.8437566499910748,-1.1039271808399858,-1.6084797235693042,-1.3205552187478133,-1.3275212824137768,1
2018-05-20,0.33867187370365825,0.5516173776805445,1.476803754295204,1.3982993387498794,1.6849770641020483,1.3145855814769525,0.8013197054556827,0.5496137847083894,0.7141998401300949,0.20193576059490098,-0.8953956812909551,-0.7799158681686,-0.38092764948638963,-0.3939510038053928,-0.7699161177893933,-1.0277421043425379,-1.5277478377844604,-1.2424179840681042,-1.2493212725812528,-0.7646885615802254,0
2018-05-21,0.6051560513055383,1.514986298770395,1.4377848898131647,1.7197043737059339,1.3554606031385859,0.850713850701052,0.6031857137219425,0.7650399901343631,0.2612784064886256,-0.8178396637267603,-0.7042765702722744,-0.31191070873906646,-0.32471790303243453,-0.6944427945141498,-0.9479894172031479,-1.4396961172692537,-1.1591021332054483,-1.1658908417889244,-0.68930200463695,-0.8581420233912074,0
2018-05-22,1.5550447415474276,1.4810271717242376,1.75132010245444,1.4020979951796007,0.9181673455165739,0.6808474389303425,0.8360267338079164,0.3530406238990126,-0.6815738758685156,-0.5726942023931055,-0.19650977850053694,-0.20878879530415126,-0.5632659783019386,-0.8063561641133631,-1.2777845421218021,-1.008762446697148,-1.0152711842755662,-0.5583371981304163,-0.7202141385372339,-1.368013848815778,0
2018-05-23,1.601545364678184,1.8609550510940402,1.5257942420676431,1.0613488800044617,0.8335845711804741,0.9825156294722144,0.5189767756212988,-0.4739793561611097,-0.36948368223795547,-0.008446184243204988,-0.0202307910026769,-0.3604350820827804,-0.5937373319853434,-1.0461838217116093,-0.7879938008904394,-0.7942404665713331,-0.3557047574114943,-0.5110637830265826,-1.1327800789343623,-1.9304413778594414,0
2018-05-24,2.0165790928099607,1.6844720267423543,1.224258355007954,0.998569269884361,1.1461433760553423,0.6868279530858151,-0.2970810803660135,-0.193537495469598,0.16421048988623874,0.1525332559428738,-0.18457133961658065,-0.41574790810376705,-0.8640720325503789,-0.608234452518462,-0.6144242030982304,-0.17988411424350814,-0.3338276207472337,-0.9498792872894594,-1.7402728731959187,-1.692061412215757,0
2018-05-25,1.944658988675515,1.468277069397556,1.2346590651212452,1.3874177514690815,0.9119656382722557,-0.10651013187220547,0.0006711509349293887,0.37098755470311773,0.35890007564837045,0.009952306181162045,-0.22934596797262263,-0.6934206358493857,-0.42859495837718176,-0.43500216755445215,0.014804203368174104,-0.14454765337316047,-0.7822424749453936,-1.6004042040832687,-1.550498975874015,-1.731726633869676,0
2018-05-26,1.6953990412387794,1.4571722919774566,1.612944555261726,1.1281128672795702,0.08954491668630324,0.1988406392651275,0.5764625324968579,0.5641365953290572,0.20830489032124302,-0.03571418745529612,-0.5089439793340539,-0.23889390138495484,-0.24542751003753596,0.21325250426132683,0.05075700252189378,-0.5995180686761904,-1.4338202437431948,-1.382930500359489,-1.5677333625116971,-1.7819460831370095,0
2018-05-27,1.6453339616037614,1.8025739523712203,1.313174051934746,0.2648204392980135,0.3751459750954546,0.7563259217268383,0.7438838463175059,0.3846994008293336,0.13838111073268078,-0.33930757746535933,-0.06671301622452021,-0.07330818626666848,0.38969363249713723,0.22566705514277005,-0.4307350798438701,-1.2728982707670544,-1.2215290307553743,-1.408073154375023,-1.6243042439363815,-1.6028307879152388,0
2018-05-28,1.9535168546808392,1.4719246931098569,0.4402961988044989,0.5488616341750013,0.9239603505458032,0.9117167722666382,0.5582626474271155,0.3158740452710487,-0.15419374122038415,0.11405192835042463,0.10756197566818324,0.5631772026244882,0.4017674559679638,-0.24416263671511967,-1.0728902093004304,-1.0223404986988958,-1.2059085534578535,-1.418689957229758,-1.3975590822696313,-1.795227079999789,1
2018-05-29,1.759992076810942,0.6464620103128104,0.7636465172693728,1.168524533812516,1.1553089308986457,0.7737938823039392,0.5121619113307305,0.004775176241674175,0.2943170219001217,0.2873118281877358,0.7790986068302077,0.6048744486957335,-0.09233640097437981,-0.9868571263166243,-0.9322942454750187,-1.130435872379491,-1.3601101126700677,-1.3373016455431908,-1.7665407315135804,-1.1443908097221105,1
2018-05-30,0.8398110447918039,0.9631683153818651,1.3893735223653538,1.3754617797041724,0.9738501989077233,0.6984366081818059,0.16432297490612907,0.46911660957384427,0.4617424131142825,0.9794343529549406,0.796032833620252,0.062095987574869664,-0.8795441492510979,-0.8221071361940209,-1.0306859911980368,-1.2724584587614614,-1.2484485420567077,-1.7002980522953532,-1.0453760131689358,-1.1739282981513546,1
2018-05-31,1.0518723443184157,1.4766818441583847,1.4628156587036685,1.0625192475556735,0.7880075620850184,0.2556430069557356,0.5594385246454442,0.5520884766911275,1.068085115003932,0.8852841861981099,0.1537507854465284,-0.7848057338072967,-0.7275568114823663,-0.9354526269712701,-1.1764333548877932,-1.1525020641869246,-1.6028718891028602,-0.9500945430807968,-1.0782258539889296,-0.9082438742538328,1
2018-06-01,1.594783063930285,1.5806989200872723,1.1741103703479179,0.8952837184628113,0.35455108540748764,0.6631218732407768,0.6556562920988178,1.1797637259884017,0.99408940449995,0.25105725079043667,-0.702252155400428,-0.6441033545268955,-0.8552670216557089,-1.1000356529749853,-1.075728193531239,-1.5331772459316544,-0.8701390896298001,-1.0002844579805525,-0.8276305827581604,-0.7344979504647811,1
2018-06-02,1.8028377870408598,1.368360967634252,1.0704093481051378,0.49258738359127197,0.8223233157653158,0.8143456637835774,1.3744020919581574,1.1759922038845825,0.38199481495785803,-0.6367029299189416,-0.5745656511587888,-0.8002132217241097,-1.0617707508140992,-1.0357960211426804,-1.5246219102507466,-0.8161053780465745,-0.9551775327783908,-0.7706811749421004,-0.6711604927002316,-0.4564585132444221,0
2018-06-03,1.6162823693097195,1.2894021552006558,0.6554785411061339,1.0172290571088536,1.0084768422627,1.622910035961032,1.4052362176500426,0.5341483648483432,-0.5834563573008851,-0.5152860717445463,-0.7628421222743361,-1.0497946860694087,-1.0212980287602889,-1.5575847975525772,-0.7802772732211641,-0.9328521636922757,-0.7304427623029472,-0.6212594594200328,-0.3857117247741504,-0.2083581363348973,0
2018-06-04,1.4974968812951925,0.8215481731496725,1.2072804420323922,1.197948011141456,1.8531142082791858,1.6210100035879293,0.6921745797433646,-0.49952021022459886,-0.42683066935375247,-0.6907981077465235,-0.9967737970626227,-0.9663879930536037,-1.5382271555345126,-0.709389098043776,-0.8720787310158874,-0.656250876770306,-0.5398294170015544,-0.28866636927708905,-0.09955536863749113,-0.6062645055074953,1
2018-06-05,0.9697340541230479,1.3798628621144933,1.3699401798145432,2.0665438947349646,1.8197597170057989,0.8321779253527282,-0.4348883875457105,-0.35760142672919165,-0.638264102865055,-0.9635919399606006,-0.9312843147412293,-1.5392907818963764,-0.6580309238055944,-0.8310102429501507,-0.6015318515013787,-0.4777470443399648,-0.21069860249427355,-0.009626834516340825,-0.5483839753301278,-0.23606820446961316,1
2018-06-06,1.4738149985909967,1.4636416863033441,2.177840419911888,1.924822895839495,0.9122964768351762,-0.38677376451932177,-0.3075346672286669,-0.5952864026473005,-0.9288314646166992,-0.8957078040283971,-1.5190714748891203,-0.6155524996847141,-0.7929009806465526,-0.5576263574241348,-0.43071495769845436,-0.15692132884863455,0.04922916816770084,-0.5031360567804938,-0.18293172358936635,-0.12865616304678618,0
2018-06-07,1.6369079240637916,2.39579825089517,2.126947940047927,1.0510618191622028,-0.32929884747933647,-0.2451012962782892,-0.5508593412902173,-0.9052762692116942,-0.8700798673884923,-1.5324510501601372,-0.5723936065872334,-0.7608398195903867,-0.5108426867051681,-0.3759896981961764,-0.08506320014378156,0.13398733956625739,-0.45294260915160267,-0.11270121745875793,-0.05502931755072624,0.014165553456638093,0
2018-06-08,2.680546559189336,2.3904864463430813,1.229722865113128,-0.2595354863941178,-0.16869552743781033,-0.4985750531869972,-0.8809521974929123,-0.8429791252191714,-1.557605265748406,-0.5218081727710123,-0.725121048389004,-0.45540145480769667,-0.30990981322727224,0.003968093735573989,0.24029969427230582,-0.39293359685332574,-0.025850307425895173,0.036371371777914094,0.11102507788496035,-0.053053059362675625,0
2018-06-09,3.2181126010318124,1.7483044609516687,-0.13745770726546827,-0.02243229358299305,-0.44013975790416987,-0.9243219362301923,-0.8762388195350115,-1.7811287863195941,-0.46955852054992514,-0.7270019176366797,-0.385471514206166,-0.20124381912122974,0.1962017159604877,0.49545482472789915,-0.30637205967519604,0.1584443901277261,0.2372321226703934,0.3317618156221831,0.12399911042064334,-0.2381439094861706,0
2018-06-10,2.2085498665393004,0.19311274200424777,0.31604791002696786,-0.1303833234430653,-0.6478604229858499,-0.5964708574912577,-1.5635858327594125,-0.16182507542719624,-0.43697163881679524,-0.07195580286858337,0.12494036054991561,0.5497163476202838,0.8695476790615028,0.01258294749934359,0.5093626288486004,0.593568221579606,0.6945982749749708,0.4725487099691679,0.0855028252797539,-3.0210255601615343,0
2018-06-11,0.42577625072607445,0.5476690487460797,0.10502311555690803,-0.4080662842386765,-0.35711245200402675,-1.3160272380536697,0.07384795888173702,-0.19896563072468548,0.16295522789500483,0.35818190439858655,0.7793562065002244,1.0964756810238114,0.24677717233288057,0.7393446478005705,0.8228362594524807,0.9230096767954791,0.7028428749517613,0.31907876086032555,-2.761109301842983,-2.2618938790578076,0
2018-06-12,0.5923478733475191,0.2423089167285599,-0.1634358663821867,-0.12314220290571266,-0.8814402149917315,0.2176559864816083,0.001918357154979757,0.2881209182338203,0.4425037714888981,0.7755632264808189,1.0263374043570892,0.354406280354762,0.7439225782565877,0.8099467172755722,0.8891626229432592,0.7150574254906208,0.4115814867950395,-2.024193327379205,-1.6294199145505472,-2.689202039179743,0
2018-06-13,0.35850548897669976,0.03113882419438832,0.06364892111547124,-0.5481679190776416,0.33861478948284407,0.16455140993860473,0.3954679411487241,0.5200285069857398,0.7887505398828564,0.99108242347598,0.44894889475471933,0.7632219467576313,0.8164921379848816,0.8804058293386473,0.7399327039065475,0.49507951040205583,-1.4701742901855213,-1.1516596453104104,-2.0067226158700997,-2.619145397902097,1
2018-06-14,0.12859355296504366,0.1590752073108556,-0.4145677901549335,0.41688479110926335,0.25368196269534415,0.47019063396036637,0.5869793387796504,0.8389346664354672,1.0286422072586712,0.5203346844644167,0.8149989103081656,0.864945348790523,0.9248711943682698,0.7931627819113278,0.5635870157119969,-1.2790462805442089,-0.9804051127639327,-1.7821170847636587,-2.356328216791808,-1.5524178110507705,0
2018-06-15,0.24601112932899627,-0.2763834846579804,0.48078840126552724,0.33216586263520675,0.5293319820683473,0.6356869635492243,0.8651329895866506,1.037892350367772,0.5749962401914825,0.843335617113096,0.888819917568749,0.9433920802321609,0.8234502948565188,0.6143844746612391,-1.0636307957591367,-0.7916697707794821,-1.5217580277471996,-2.0446700200281813,-1.3125797340097443,-1.8046964704431547,1
2018-06-16,-0.17456123018762054,0.5423148002304214,0.40160178974402877,0.5882749450207402,0.6889698312897978,0.9062049920225376,1.0697702895154244,0.6315090015195113,0.8855676517529282,0.9286313277334758,0.980299219884224,0.8667406044894238,0.6688010374452968,-0.9199121047134715,-0.6624245465508425,-1.3536583089765102,-1.8487414997993799,-1.1556122541084943,-1.6215390787506665,-1.4222364675607668,1
2018-06-17,0.5788324840464726,0.4453348691893996,0.6224359126618145,0.7179674281823595,0.9240633373002876,1.0792414335773162,0.6634530396725398,0.9044842259340853,0.9453397090945203,0.9943582066945299,0.8866225804771979,0.6988328374044493,-0.8084152446113297,-0.5641309758627274,-1.219920076483461,-1.6896166944594764,-1.0320293060042818,-1.4740646200996663,-1.2849817262246106,-1.3878074204894266,1
2018-06-18,0.5149328477401932,0.6903520283366283,0.7849763165123208,0.9891150092771407,1.1428194367706526,0.7309796309162938,0.9697218334644836,1.0101893272655083,1.058742314387808,0.9520298134248656,0.7660234398409199,-0.7269108665791276,-0.4849464748608272,-1.1345077897995528,-1.5997438733300433,-0.9484013482289574,-1.3862388170148372,-1.19895157320178,-1.30080077001356,-0.8293804849081368,1
2018-06-19,0.7497562308469433,0.8438412895084983,1.046816669869722,1.1996451915534674,0.790152311448246,1.0275340087354066,1.0677708929599539,1.1160471942105747,1.0099428091041003,0.8249964184102547,-0.6594301966314936,-0.41884467226216143,-1.0647043727527388,-1.5272892445053867,-0.8796584843234216,-1.315000876104059,-1.1287809143961836,-1.2300497095587577,-0.7613158777539918,-0.6914286683590294,0
2018-06-20,0.9199475602909082,1.1239663134088675,1.2775804334035665,0.8659825999073547,1.1045845318626621,1.145028249392515,1.1935527096929244,1.0869029065924387,0.901005819192603,-0.5910513286100709,-0.34922910064966695,-0.9984087723355979,-1.4633715110591354,-0.812411675743057,-1.2499918975039985,-1.0628146924375415,-1.1646040487725693,-0.6934607419398715,-0.6232142849839627,-0.6099930697083761,0
2018-06-21,1.2199664835734463,1.375469856820078,0.958809906993362,1.2003463314020948,1.241287453889683,1.290408701740768,1.1824472452106853,0.9942638661801902,-0.5161436378179495,-0.27134731196485445,-0.9285110466123387,-1.3991922203742133,-0.7402264284065526,-1.1831883159738137,-0.993709075499598,-1.0967503081105483,-0.6198125533157053,-0.5487021565914646,-0.5353183376180228,-0.630098453525248,0
2018-06-22,1.4697343347382645,1.0703682518490187,1.3018794775651146,1.341121299880307,1.3882037236867664,1.2847233099456132,1.1043506607876445,-0.34336594525794706,-0.10873012340300615,-0.738617653107224,-1.1897627577259149,-0.558147966802086,-0.9827243005258717,-0.8011095758841394,-0.8998739842728727,-0.4427319839591313,-0.37457309178753895,-0.36174478093177964,-0.4525909581115142,-1.7064079366837646,1
2018-06-23,1.2278003286550792,1.4604999787345019,1.4999432424163341,1.5472673560128372,1.443255742782602,1.2619571806367251,-0.193191037765873,0.042649248046870016,-0.5904717045038678,-1.0439326874652444,-0.4090756070867693,-0.8358314327877954,-0.6532844191702888,-0.7525558182191755,-0.29306715549633333,-0.22455838099059688,-0.21166421813515957,-0.30297673905240213,-1.5632299785008978,-1.4095338981106078,1
2018-06-24,1.5882104085582023,1.6275766412084502,1.6748083328056338,1.5709998498723363,1.390055356177273,-0.06225101908384785,0.17312868059049016,-0.4587558134235997,-0.9113312061969396,-0.2777139749395888,-0.7036363644991851,-0.5214458575055986,-0.6205233836960615,-0.16193208296578593,-0.09355710320927021,-0.08068812211044875,-0.1718223135228217,-1.429614331509642,-1.2762184130866383,-1.2552892834629896,0
2018-06-25,1.840355973966612,1.8896780251803633,1.781275231663579,1.5923225754473365,0.0757406577470211,0.3215376895583351,-0.3383124729286824,-0.8109177501400822,-0.14925816368025946,-0.5940308406807676,-0.4037770256526219,-0.5072394818054562,-0.028352047205332038,0.04304904259792145,0.05648757345212272,-0.03867999527482303,-1.3521388240730028,-1.19195397596371,-1.1700985740450036,-1.015687618163535,0
2018-06-26,2.1660903723482154,2.051453067110837,1.8516332781243015,0.24782899802536631,0.5077624226915158,-0.1900373482732968,-0.6898233193063267,0.009889940061736255,-0.46046270935277006,-0.2592669287054721,-0.3686797656058876,0.1377496651642655,0.21325720754867553,0.2274686214200023,0.1268277313569535,-1.2621713505749443,-1.0927738772131084,-1.0696615172862174,-0.9063700069190189,-1.2407144806149089,0
2018-06-27,2.4769773708183407,2.253521169390733,0.46000505128295344,0.7506856490083411,-0.029655912594241406,-0.5885608898253731,0.19392050413432835,-0.3320695236934912,-0.10707456641357523,-0.22942969973239122,0.33690458309817173,0.421343810493669,0.437236273280807,0.3246907085204633,-1.228611195205652,-1.0391759239502065,-1.0133296342434412,-0.8307225920826183,-1.2046162211336957,-1.052038961153107,1
2018-06-28,2.7708556632756705,0.7510889140764697,1.0784386378930053,0.19965760925863604,-0.4297527860961374,0.4514380130444091,-0.14090523823221499,0.1124726538666392,-0.02531748215505937,0.6124594197885713,0.707550588526675,0.7254478728478289,0.5987047746521943,-1.1505449281738893,-0.937212548194527,-0.9081057696086894,-0.7024629943906068,-1.1235230072169895,-0.9516982473046867,-1.6385911458573528,1
2018-06-29,1.1841653383729882,1.6014561419508169,0.48122534617562557,-0.3211189069236494,0.8021837566363591,0.047091042833861015,0.3700858600283465,0.19443715039993026,1.0074466523251373,1.1286646260360829,1.1514792845278092,0.9899128451938275,-1.2399525282673558,-0.9680059408902078,-0.9309019198938333,-0.6687576971333993,-1.2055061906353712,-0.9864716629674714,-1.8620920431135415,-0.7753411546560083,1
2018-06-30,1.7323114849638668,0.5684591660426958,-0.2651281831574987,0.9019156213559825,0.11741977525546257,0.4529919345007268,0.2705035055202682,1.1151714058218476,1.241109578857685,1.2648126347736006,1.0969548363736117,-1.2197409691446954,-0.9372048457536463,-0.8986560029251937,-0.6263039459185888,-1.1839532992444186,-0.9563896186961766,-1.866106450058982,-0.7370377381551116,-0.07112889041151736,1
2018-07-01,0.7212576743813355,-0.187096498138832,1.0846227888210282,0.22976327612104802,0.5954338580036824,0.3965775221198711,1.3170060919259656,1.454240018360226,1.4800690688650822,1.2971556264850193,-1.2273312235393041,-0.9194536306077721,-0.8774472322829343,-0.5806671436530308,-1.1883336556061042,-0.9403591404717591,-1.9316710652185616,-0.7013329650735887,0.024303143663376464,-0.04673651415481551,1
2018-07-02,-0.1923824124354243,1.0732120435060657,0.2224696894537698,0.5863791354116874,0.38848052775194997,1.3044761464246075,1.4410491293487584,1.4667537824560681,1.2847212844298843,-1.2276071785014355,-0.9212123799651636,-0.8794082920826286,-0.5840575502520652,-1.1887974299369966,-0.9420172050973997,-1.928554791601614,-0.7041422231648728,0.017999090303659784,-0.05269842762233993,0.8353370615735389,0
2018-07-03,1.033248593638237,0.18662359521041819,0.5487718209857761,0.3518309873706044,1.263393442824605,1.3993054506171945,1.4248857003754263,1.2437341888500506,-1.2564353052958166,-0.9515233720959826,-0.909921604334868,-0.6160002776877349,-1.2178133850859614,-0.9722275076794189,-1.953990527522877,-0.7355037742889649,-0.016857423289991194,-0.08721278495483537,0.7965248602477829,0.46916732211637013,1
2018-07-04,0.2044360156316756,0.5715374153095486,0.3719029824221073,1.2959330603674246,1.4337039639439033,1.459634079907474,1.276004922834153,-1.2583598908214373,-0.9492776159697636,-0.9071068524889222,-0.609165504919626,-1.2192097308643381,-0.9702649261672035,-1.9654557156978711,-0.7303034748069177,-0.0018280535611279233,-0.07314567961524038,0.8226790225694077,0.4908441497466747,0.7574418321799754,1
2018-07-05,0.525578081660407,0.32972648920183134,1.2362472713519175,1.3714075764638303,1.3968463468735632,1.216696748858509,-1.2696447977688108,-0.9664192727184797,-0.9250475961822306,-0.6327518907935662,-1.2312364878309703,-0.9870088977853549,-1.963341978760335,-0.7515944369739731,-0.03692277811058374,-0.10688901805746925,0.7719608474139587,0.44641385967430186,0.7079598259443936,0.8680201075390542,1
2018-07-06,0.3006798381590349,1.1914612072915913,1.3242747996666089,1.3492718909422055,1.1722501295790322,-1.27092246022394,-0.9729616702687105,-0.9323083069990225,-0.64508756836341,-1.2331810122768232,-0.993193809198274,-1.9525753652808018,-0.7618667179232211,-0.059603503115680925,-0.12835495839409394,0.7352359287004158,0.41534123112060967,0.6723461211492607,0.8296273656503147,0.9595668597848698,1
2018-07-07,1.0583530404752568,1.1834282779826288,1.2069689192105275,1.0402612919975394,-1.2605603820240403,-0.979960212228885,-0.9416755082652103,-0.6711896230520835,-1.2250179312745062,-0.9990135300154559,-1.9024969298800725,-0.7811646610426207,-0.11981865861895884,-0.18456432541520212,0.6287096278075657,0.3274535247110782,0.5694840811177133,0.7176013683595023,0.8399699663308369,1.4932316638244967,0
2018-07-08,1.1673785199449156,1.1907371865939336,1.0253182477375877,-1.2577175447883964,-0.979286478937267,-0.9412977245534664,-0.6729027575348918,-1.2224498453697594,-0.9981925101887378,-1.8946917752702608,-0.7820276631508699,-0.12579401765582354,-0.19003918553466115,0.6169479727057767,0.3180206486754799,0.5581802531334412,0.7051525596285361,0.8265752201520126,1.474787054256249,1.1813018401562823,0
2018-07-09,1.2024453359986207,1.0360957370386417,-1.2597845963963834,-0.9797870552287563,-0.9415845730920386,-0.6716795946470393,-1.2243184780964336,-0.9987994533154,-1.9003424945492557,-0.7814184456593043,-0.12149277749293383,-0.18609939379484453,0.6254279383670989,0.32481882544198615,0.5663295869314132,0.7141287713096548,0.8362345653764093,1.488093290803214,1.1929569055516402,1.0787759054537105,0
2018-07-10,1.1574108332601045,-1.2248349715480298,-0.9343045993464467,-0.8946650321276751,-0.6146068804750484,-1.188034703562601,-0.9540321979157869,-1.8894891102627827,-0.7284738419369715,-0.0437233644927025,-0.11076032561244951,0.7312947041623152,0.4193774026706035,0.6699732155252756,0.8233322481419005,0.9500313671778988,1.6264114429862058,1.320172739961183,1.2016965264970771,-0.3167754531020094,0
2018-07-11,-1.2063614749576386,-0.905015884968823,-0.8639007042050234,-0.5734171712738041,-1.1681912885369188,-0.9254778586512701,-1.8957578779971618,-0.6915229184353051,0.018717925084469275,-0.05081453875607848,0.8225866407063677,0.4990579764449898,0.7589824122317638,0.9180503534379434,1.0494659451629798,1.7510247923726325,1.4333861167974176,1.3104995346633816,-0.26449873868849505,-0.016813240431409478,0
2018-07-12,-0.9581723114308437,-0.9159373275128772,-0.6175422550877993,-1.2285154968629604,-0.9791915824969922,-1.9758979146038709,-0.7388647019144793,-0.009279909954816623,-0.0807061432225974,0.8164827802664125,0.4841425672784318,0.7511462423542463,0.914546519670361,1.0495413147793207,1.7702076496697958,1.4439178436802957,1.3176843522119916,-0.3002101945246239,-0.045778793731366146,-0.6975726385677037,1
2018-07-13,-0.9422830621641559,-0.6402010583214893,-1.2587234074666203,-1.0063188786469304,-2.015340386939827,-0.7630225498114365,-0.024423101311336487,-0.09673186799810034,0.811542607281832,0.4750960410533795,0.7453987794490008,0.9108180097296648,1.0474807832916637,1.7770515794056847,1.4467301782321063,1.318936961859956,-0.31894808333305213,-0.061372960635870194,-0.7212202870018715,-0.6844692966726267,1
2018-07-14,-0.6710111063947779,-1.2992217993627941,-1.0428636836419385,-2.067690194471185,-0.7957564359481981,-0.045587792875982004,-0.11902918184234237,0.8034722254380663,0.46175566368535254,0.7362923410315447,0.9043026472532658,1.0431060644636112,1.7841046331159374,1.4486091791194498,1.3188142491145471,-0.3447261236217967,-0.08311642343139863,-0.7532993953521337,-0.7159727488147771,-0.562182117464432,1
2018-07-15,-1.3352797176060978,-1.0762549302708355,-2.111741824362906,-0.8265772397366722,-0.0686052414990716,-0.14281057767548416,0.7892868133721145,0.444015669963828,0.7214081147684991,0.8911660868024353,1.0314133558355194,1.78011989130522,1.4411345684531311,1.3099894941215522,-0.3708552494123431,-0.10652424991925087,-0.7836785552914521,-0.7459636319542671,-0.5905732497630702,-0.24966952713084192,1
2018-07-16,-1.2213105831390687,-2.2677581275239067,-0.9689900490619648,-0.20299490147134713,-0.27798570267327316,0.6639779586287952,0.31505211299233565,0.5953807625898502,0.7669356262855634,0.9086674155758886,1.6652990252826596,1.3227255357436127,1.1901922880748639,-0.5084442319995401,-0.2413152833836617,-0.9256372811504001,-0.8875231445659244,-0.7304879519500137,-0.3859757563292878,1.1901922880748639,1
2018-07-17,-2.041832744113872,-0.9843889534314832,-0.36072347693488466,-0.4217802263301908,0.3451570284504434,0.061065145537964,0.28930588750193226,0.4289841167291464,0.5443807013948596,1.1604224803597027,0.8815026213233933,0.7735953959069377,-0.609417222409162,-0.39192354304502675,-0.9490915697051537,-0.9180594264481347,-0.7902029660807391,-0.5097046322250782,0.7735953959069377,2.719115987612457,1
2018-07-18,-1.1490508961765282,-0.5668036963850517,-0.6238056031820857,0.09219854622223327,-0.1730264975600022,0.0400565379695013,0.170458589877566,0.27819156664027445,0.8533213666281625,0.5929248672060716,0.49218387351032455,-0.7989814300660371,-0.5959317334667038,-1.1160976486277476,-1.08712638246688,-0.9677610033820045,-0.705890857304544,0.49218387351032455,2.3085004075286593,2.4644561195245016,1
2018-07-19,-0.6744914336342477,-0.7249113687231996,-0.09158373522963953,-0.32618342220292823,-0.137704940979324,-0.02236032599860413,0.07293279664475925,0.5816527467749205,0.35132405540322603,0.2622155562608714,-0.8798597611005208,-0.700256075932177,-1.1603587839221101,-1.1347328103125447,-1.0291504709926131,-0.7975182939503015,0.2622155562608714,1.8688032459021549,2.0067508570861166,2.273216608645326,0
2018-07-20,-0.7981201316161943,-0.20807414986911194,-0.4266412789459452,-0.2510434294121756,-0.14358147293616763,-0.05480068850443921,0.41915330708089626,0.2045652934879064,0.12154647498408008,-0.9424793407605687,-0.7751497831412786,-1.2038090420826015,-1.179934349179541,-1.0815675138094623,-0.8657650948415324,0.12154647498408008,1.6183398572150594,1.7468601196607578,1.9951155843930204,1.7038391632932297,1
2018-07-21,-0.3219713046089242,-0.5279852049275192,-0.3624726778480571,-0.2611827131447779,-0.17750098226705188,0.2692318435449813,0.06696852138563235,-0.011282177482277219,-1.0141965190261635,-0.8564774011087709,-1.2605169573548376,-1.238013488399361,-1.14529627377436,-0.9418882946443313,-0.011282177482277219,1.3995440704850797,1.520682874148005,1.7546799842391572,1.4801327921016103,1.6388260861642607,1
2018-07-22,-0.5916593857453852,-0.4352083342012449,-0.3394637898557355,-0.2603634642074628,0.1619116444555993,-0.02927817059356022,-0.10324480223148319,-1.0512516154433285,-0.9021672996987941,-1.284086508809636,-1.2628150591882732,-1.1751739242223318,-0.9829021198526045,-0.10324480223148319,1.2303415669416338,1.344848266526765,1.566034508909946,1.306518219319439,1.4565233770389232,1.4546816930890212,1
2018-07-23,-0.5235174331185917,-0.4357665906228944,-0.36327034277119635,0.023749061868999107,-0.151478335805145,-0.21926950121478084,-1.0881273261661646,-0.9514900441266994,-1.3015228589869086,-1.2820273604377328,-1.2017033745321988,-1.0254843227110721,-0.21926950121478084,1.002975883477028,1.1079224308618787,1.3106418573342655,1.0727925552294353,1.2102737982450547,1.2085858762927446,1.8259855283988002,1
2018-07-24,-0.5124948256486019,-0.4533773508801262,-0.1377801914860163,-0.2806703626013237,-0.33595105131817904,-1.0444660719718033,-0.933044428607236,-1.2184806644655068,-1.2025829500632745,-1.1370823020878416,-0.9933834809975284,-0.33595105131817904,0.6607358508538409,0.7463151056554707,0.9116238069289047,0.7176682501579412,0.8297781062671934,0.8284016807778223,1.3318637141524299,2.558878216652039,0
2018-07-25,-0.5353337723148199,-0.2470490176209654,-0.37757318966111497,-0.42806977783269845,-1.0752685020486346,-0.9734895088960747,-1.2342235262526156,-1.2197016316150364,-1.1598695397478667,-1.0286066999068875,-0.42806977783269845,0.4823618611936478,0.5605349173920463,0.7115374754849727,0.5343672176392656,0.6367748642393392,0.6355175573443104,1.0954089868733707,2.216235218446555,1.834516845115893,0
2018-07-26,-0.3337293535670036,-0.4590873886952836,-0.5075853257051769,-1.1291679730962136,-1.031417384837244,-1.28183156939813,-1.2678844502580302,-1.2104205080866446,-1.0843530415735323,-0.5075853257051769,0.36681149752734743,0.44189047004126203,0.586916358242648,0.41675848587647196,0.5151128455267873,0.5139053027440944,0.9555942640834947,2.03205827771485,1.6654482888893642,1.3185665302761191,1
2018-07-27,-0.5272495561684974,-0.5730904581282942,-1.1606187316123975,-1.0682235616492344,-1.3049184149056998,-1.2917354104205299,-1.2374197198631243,-1.118259055945221,-0.5730904581282942,0.253401172630827,0.3243668266451523,0.4614472455775287,0.3006117373942779,0.39357760019229654,0.39243621452258454,0.8099265578613855,1.8274148131258912,1.4808901238014156,1.1530128228558547,1.4575202522140682,1
2018-07-28,-0.6464811864366998,-1.2097997062965227,-1.1212117817066192,-1.348153361222754,-1.3355135770471722,-1.2834360247133614,-1.169185508009397,-0.6464811864366998,0.1459539407357056,0.2139953763302356,0.34542724468412517,0.1912191418580019,0.2803542432520426,0.2792598896437668,0.679547080710744,1.655108604807955,1.3228628493355077,1.0084960959382614,1.3004559592060665,1.3375819053668125,0
2018-07-29,-1.2712245153643524,-1.185311381177818,-1.405400772183778,-1.3931426288872437,-1.3426374865388602,-1.2318366068714828,-0.7249146225599247,0.043594017077464214,0.10958103521270487,0.23704449927450513,0.08749249777901492,0.17393628751951132,0.172874976411586,0.5610760469128767,1.5071818340726773,1.1849677817066273,0.8800928995663027,1.1632374367718614,1.1992424161082185,1.2341462851701033,0
2018-07-30,-1.3252707019048209,-1.548255794588776,-1.5358363717051131,-1.4846667365123576,-1.3724080569405428,-0.8588165333391786,-0.08019667594985502,-0.01334147094623889,0.11579902154968916,-0.03572062581777466,0.05186049919299407,0.05078522448445154,0.44409383100150485,1.4026474699315237,1.0761940684180866,0.7673079674554586,1.0541778187606832,1.0906565132479793,1.126019610225163,1.0749709434371186,0
2018-07-31,-1.713176117538973,-1.700213479009466,-1.6468057248083467,-1.5296369401779941,-0.9935813331963869,-0.1809052646078248,-0.11112586628989267,0.023663128289659874,-0.1344838675362447,-0.04307201400997876,-0.044194320376170125,0.366317290717384,1.3667973008584526,1.0260650880828306,0.7036685555648554,1.0030858652350674,1.0411601087081002,1.0780699593262095,1.024788464591287,0.4635791661774212,0
2018-08-01,-1.9541876439712027,-1.8961450703707212,-1.7688081713133985,-1.1862327103604142,-0.3030311747412087,-0.2271961967825022,-0.08070997478265203,-0.2525812467023341,-0.15323651079985473,-0.1544562128981052,0.29168032208936534,1.3789837575745165,1.0086822005457525,0.6583075265471509,0.9837088000840793,1.0250871937672168,1.0652001465234198,1.0072947894089919,0.3973827551789741,0.16025742100290544,0
2018-08-02,-2.234556433432449,-2.0921050757871122,-1.440379880985156,-0.4523453147690783,-0.36750898180357316,-0.2036353414472047,-0.3959071511617484,-0.284770531619482,-0.28613500822528054,0.21295642226057035,1.4293190924994124,1.0150639949790667,0.6231010340059492,0.9871263364753475,1.033416205327052,1.0782904297002405,1.01351190283997,0.33120537611056017,0.06593406798581035,-0.032581142952822925,0
2018-08-03,-2.540103314501827,-1.7844947261943165,-0.6389698796300863,-0.5406108437963855,-0.3506161481208323,-0.5735356115211762,-0.44468408810091153,-0.4462660589225235,0.13237931835245959,1.5426272072781226,1.0623408658368405,0.6078999726936372,1.0299500132643427,1.083618373387515,1.1356454387832657,1.0605413740272558,0.2694768646803748,-0.03807803767619005,-0.15229633099654807,-0.4148243888429919,0
2018-08-04,-2.1430966411594934,-0.8168434414933521,-0.702966395192892,-0.4829964191464855,-0.7410856718495592,-0.5919053675283288,-0.5937369243646856,0.07620077745358528,1.7089421192235215,1.1528814637057108,0.6267438680018725,1.1153803374813127,1.1775159031547031,1.2377512286103738,1.1507980678043537,0.23492807178432373,-0.12114947166381902,-0.2533878752487534,-0.5573347322421004,-1.4766388973302986,0
2018-08-05,-0.9178172046684224,-0.7954655196739117,-0.5591255539667818,-0.8364216024072966,-0.6761394191696138,-0.6781072790006478,0.04168665069565066,1.7959352970705156,1.1984930523687278,0.6332007176564501,1.1582011223283155,1.2249607670961276,1.2896787572892423,1.1962546118109254,0.21222630330259598,-0.1703502460982145,-0.3124297258988378,-0.6389960648588546,-1.626714110550372,-1.539070553325717,0
2018-08-06,-0.7079282005916521,-0.48486143407558396,-0.746584129635079,-0.5953036289462054,-0.5971609708822263,0.08220827576569098,1.7379357446312143,1.1740467328553743,0.6405020449592693,1.1360176567153533,1.199027981894849,1.2601113148157237,1.1719340064031492,0.24317017129607194,-0.11792031784052312,-0.25202040562120753,-0.5602462999038166,-1.4924926511409322,-1.4097712846654187,-1.680664606034015,0
2018-08-07,-0.37728925014920206,-0.6162884363016621,-0.4781425392938175,-0.47983862151613643,0.1405458533524264,1.6525183504382883,1.1375877877423801,0.6503669683536003,1.1028605042404078,1.160400093632563,1.2161799977190628,1.1356584942144912,0.2875325789441065,-0.04220700610239563,-0.1646641425537945,-0.44612898734755435,-1.297435056784786,-1.221895794808276,-1.4692693869334335,-1.8904914068462428,0
2018-08-08,-0.41974348416487056,-0.3021752531240427,-0.30361869365247557,0.22435576563492635,1.5111108247060907,1.0728822802739797,0.6582359454751345,1.0433278354543238,1.0922965553813957,1.1397677057602191,1.0712403666728865,0.3494479304302088,0.0688250486963235,-0.03539135745650426,-0.27493031314987837,-0.9994292003833669,-0.9351419678483054,-1.1456677689201862,-1.504146224156401,-2.3112459956294398,1
2018-08-09,-0.21519527520717727,-0.21653835696849558,0.2747273742775997,1.472017610404542,1.0642579876683935,0.6784409632077778,1.036758388605407,1.0823224373581197,1.1264930387834649,1.062730232164893,0.3911221974178217,0.1300103144955843,0.03303981132842356,-0.1898446069622992,-0.8639709200118418,-0.8041534160671422,-1.000041890955373,-1.3335962463787017,-2.084580413219667,-1.6439992299413109,0
2018-08-10,-0.10103891038994978,0.3385977635376796,1.4100600367186946,1.045153484317824,0.6998834958163249,1.0205439268065992,1.0613194695938168,1.1008480079406,1.0437862866783105,0.442760194688669,0.20908959153111276,0.12231010179678163,-0.07715051207319237,-0.6804302265455467,-0.6268991805061745,-0.8022009613614666,-1.100700771271731,-1.7727610439164823,-1.3784822784909216,-1.9546884748709512,1
2018-08-11,0.39401659528235355,1.392204473706563,1.0522528893332501,0.7305949775874039,1.0293263126203265,1.0673133267832526,1.1041386157525448,1.0509791906269756,0.49105564067350044,0.2733651354133668,0.19252025928769725,0.006700215062562325,-0.5553228382529022,-0.5054526350611166,-0.668766003245726,-0.9468522218857536,-1.5729521178091321,-1.2056370062845592,-1.7424380258779912,-1.5870467837126214,0
2018-08-12,1.4182461484192497,1.0945289140100019,0.788231739933959,1.0726971934087852,1.108870141950727,1.143936843355977,1.0933160406432667,0.5601315773153871,0.35283685783387275,0.27585271974313574,0.09890649098748898,-0.4362772141536888,-0.3887885569484795,-0.5443029134655695,-0.8091091557762966,-1.4053097210593357,-1.0555357016834355,-1.5667018485075235,-1.4187312977659452,-1.3827982582415985,0
2018-08-13,1.249039015679126,0.9395744882197835,1.2269815379375826,1.2635285431821166,1.2989578618255835,1.2478136002490392,0.7091155907419023,0.4996772810262618,0.4218970664748861,0.24312107471864397,-0.29759685033259015,-0.24961712310846543,-0.40673962023198407,-0.6742841670994926,-1.2766499145565775,-0.9232589570649328,-1.4397109633797434,-1.2902102809092852,-1.253905665530042,-1.287732517841859,0
2018-08-14,1.07035997218966,1.357059338373413,1.3935163537799955,1.4288584346697222,1.3778401058140843,0.8404685345816031,0.6315459256580263,0.5539572296416574,0.375621438728689,-0.16376507440172416,-0.11590348785284686,-0.2726391016199841,-0.5395248724740725,-1.1404074123293704,-0.7878866108131727,-1.3030669552764287,-1.1539343889374882,-1.1177191665586568,-1.1514627268760247,-1.2829175362971086,1
2018-08-15,1.470987574095522,1.5075333474028743,1.5429614717844675,1.4918189341937065,0.9531390832772182,0.7437078333696058,0.6659302406565358,0.4871602751339066,-0.05353942323877291,-0.005561313329378727,-0.1626785141216383,-0.43021404251901874,-1.0325594852546536,-0.679180439969148,-1.1956150375681165,-1.0461193945105516,-1.0098160028979415,-1.04364171496429,-1.1754165630062043,-1.0288968285340934,1
2018-08-16,1.6946829536725823,1.731499733528084,1.6783525917982487,1.1185584217718252,0.9009182176317155,0.8200920220994529,0.634314914778416,0.07242172651621705,0.12228040634333688,-0.040995225490186624,-0.319017187546106,-0.9449724123641732,-0.5777421752877958,-1.1144191578108777,-0.9590638214536803,-0.9213374670293417,-0.9564890257511287,-1.0934289754531226,-0.9411661926299665,-0.9044893473235169,1
2018-08-17,1.9894141441052322,1.932083803427268,1.3282283667549928,1.093457753652206,1.0062697473973548,0.805870167923775,0.19975049978712525,0.25353354450423526,0.07740652632875104,-0.22249847856587904,-0.897722490995241,-0.5015876488646921,-1.0805063496759877,-0.91292303155941,-0.872227244706384,-0.9101455742964437,-1.0578640350322417,-0.893616684606508,-0.8540530134856706,-0.4828700020925279,0
2018-08-18,2.297746972991963,1.6266554532918067,1.365744384251298,1.2688484583991801,1.0461354543111083,0.3725275930462328,0.43229909301352615,0.236561270499243,-0.09673655755301996,-0.8471431633731223,-0.40690081882029855,-1.050279030087681,-0.8640362030776044,-0.8188091573543861,-0.8609494907582154,-1.0251156144404898,-0.8425801973357646,-0.7986113223949074,-0.3860990618852863,-0.6492580627236111,1
2018-08-19,2.0691462453549216,1.763638555513976,1.6501805463503862,1.3893999837368465,0.6006546755729322,0.6706427099652209,0.4414481028113507,0.05118083721886494,-0.8274901575708994,-0.3119987215459565,-1.0653473308676282,-0.8472706657474474,-0.7943131185339714,-0.8436563524361417,-1.0358828201776378,-0.8221472596324473,-0.7706629379534725,-0.2876413927088967,-0.5957812455048154,-0.4340996538452761,0
2018-08-20,2.134999805400929,2.0080568528593354,1.716281465403971,0.833790586533622,0.9120969819466564,0.6556616685368049,0.2190095596212268,-0.7640950375204884,-0.18733535892820571,-1.0302224981032715,-0.7862265391149122,-0.7269747731779082,-0.7821826500450274,-0.997256011120517,-0.758117114547615,-0.7005136729597505,-0.1600830630224608,-0.504846583888107,-0.32394848098474,-0.758095136889628,1
2018-08-21,2.4417116382714927,2.1076925982757353,1.0974334440131785,1.1870771499114057,0.8935147697765385,0.39364355204260143,-0.731796316674654,-0.07153255751461456,-1.0364540867340581,-0.7571320483163947,-0.6893017280521158,-0.752502679277586,-0.9987146652220336,-0.7249529015738062,-0.6590095523851307,-0.040334635731339524,-0.43501350590409243,-0.2279247202604441,-0.7249277419594665,-0.27147601268531923,1
2018-08-22,2.7082680662409375,1.496256527302385,1.603802403509935,1.2516145607960096,0.6519172639979023,-0.6982769921110609,0.09384381319760988,-1.0637760140019548,-0.7286723604357906,-0.647296081385675,-0.7231184897587793,-1.0184998943524097,-0.6900669224146093,-0.6109544493469736,0.13127207210790204,-0.34222558718703905,-0.09378042663010408,-0.690036738334845,-0.14602906870567745,-0.484241682487779,1
2018-08-23,2.081339715920272,2.2184953553824327,1.7693423940452118,1.0045351403729488,-0.7173975187405801,0.2928117000092245,-1.183526521897286,-0.756161405616361,-0.6523804334047434,-0.7490784312517694,-1.1257848830555106,-0.7069270348972706,-0.6060331446277452,0.3405447881184276,-0.26331727088885865,0.053530348648908,-0.7068885404713787,-0.01310350257449879,-0.44443354472256136,0.16443278965101274,1
2018-08-24,2.5191570459802484,2.022611678299509,1.1771057334005552,-0.7265167714927363,0.3902847441093957,-1.2418294092409459,-0.7693708326218534,-0.654639403819378,-0.7615404977184197,-1.1779951573107854,-0.7149414938093994,-0.603401777603436,0.443054392371664,-0.224524214313954,0.1257556041108112,-0.714898937641449,0.05209087738340814,-0.4247509845348915,0.2483599239846745,1.0359894804669478,1
2018-08-25,2.4058927672670047,1.431460707006254,-0.7624337423386129,0.5246621182121616,-1.356323304332645,-0.8118223614589388,-0.6795962272500107,-0.8027980258897828,-1.2827553513232266,-0.7490934201929038,-0.6205456836344511,0.5854782926999501,-0.1838953598725467,0.21979652094113253,-0.7490443748909009,0.13489910316826623,-0.4146535058120899,0.36109603602122403,1.268826485553434,1.4808493261265754,1
2018-08-26,1.6889540776148455,-0.7955010806881453,0.6620585347850121,-1.4680457357872012,-0.8514307584224579,-0.7016925149550324,-0.8412112343875882,-1.384734398546423,-0.7803939582018161,-0.6348212815964346,0.7309292402373917,-0.14034072462666566,0.3168163532592282,-0.780338417310326,0.22067507008337303,-0.4016606191052408,0.4768296616530183,1.5047804814212327,1.744883755349153,1.4342435492240415,1
2018-08-27,-0.7762994870092959,0.5836393288824621,-1.4038001203832757,-0.8284832460156246,-0.6887737978715789,-0.8189481798218167,-1.3260686024989774,-0.7622041717662751,-0.6263812995164489,0.6478973836668183,-0.16501883036717338,0.26151991876993047,-0.7621523507543558,0.1718177471314528,-0.40883669146425683,0.41081625411970824,1.369919542788104,1.5939417773306495,1.3041068576460655,2.2233079671338554,1
2018-08-28,0.31148933271650314,-1.3226983623319886,-0.8496395442670037,-0.7347623533551675,-0.8417992612077383,-1.2587830113053735,-0.7951410549583062,-0.6834596315978045,0.36432602289850724,-0.30410071813783257,0.04662411806221095,-0.7950984447242915,-0.027134197022500653,-0.5045818691913159,0.1693842022673313,0.9580144134677253,1.142218455126428,0.903899416265192,1.6597197472719243,2.5615227400234426,0
2018-08-29,-1.268558022554436,-0.8473550788687497,-0.7450705232772693,-0.8403742338283812,-1.2116489597253484,-0.7988306179631444,-0.6993915155131216,0.23353772113172538,-0.36161725793487376,-0.04933826050406158,-0.7987926785879276,-0.1150113190088269,-0.5401220183421129,0.059965079503007786,0.7621470360635114,0.9261589551369406,0.7139640295348845,1.386932667176457,2.1898816043196634,2.0035233932420113,1
2018-08-30,-0.974480241512469,-0.8745945394049293,-0.9676631164428144,-1.3302304312886524,-0.9270938123598162,-0.8299868297100194,0.08106265650081279,-0.5001343052799632,-0.19517910719125658,-0.927056762767049,-0.25931195227588044,-0.6744526392621499,-0.08843923042129163,0.5972746325632564,0.7574400221073548,0.5502216497455363,1.2074073262972937,1.991524907678585,1.8095373079930386,1.5541544650304002,1
2018-08-31,-0.9688979321134582,-1.0580008014016953,-1.4051189060413014,-1.0191601796379108,-0.9261909836170259,-0.05396186108606753,-0.6103936726006306,-0.3184327979543411,-1.0191247087504578,-0.3798329041398247,-0.7772841980787991,-0.21624117119501937,0.44025401383153356,0.5935946603016957,0.39520598676303825,1.0243885884488502,1.7750944505572321,1.6008614513757742,1.3563606241449524,1.5668803411933974,1
2018-09-01,-1.128731997291878,-1.4518958068037955,-1.0925717304396834,-1.0060182515176814,-0.19398084339402533,-0.7120138170107703,-0.4402008887364409,-1.0925387073649349,-0.4973638311301784,-0.8673873837135685,-0.3450614103792111,0.26612965710971076,0.4088884092576783,0.22419035217611877,0.8099536521068789,1.5088540061340838,1.3466446629578586,1.1190166087001776,1.3150085573465347,1.829078761993177,1
2018-09-02,-1.5179044865133222,-1.1797453316542914,-1.0982900293029,-0.33408328194663167,-0.821603056073421,-0.5658004640649056,-1.179714253706048,-0.6195963924778238,-0.9678248025683884,-0.47626489516968656,0.09892577095759203,0.23327574122278555,0.05945677668583746,0.6107174226640998,1.2684511193313623,1.1157962375495822,0.9015759402935118,1.0860235631304158,1.5698139834677487,1.816790438174551,0
2018-09-03,-1.334136500058424,-1.2533098329914187,-0.4950008886275376,-0.9787582050259178,-0.7249297820466964,-1.334105661955768,-0.7783105377479504,-1.1238514780325086,-0.6360852082885684,-0.06533360429155034,0.06797951349962565,-0.10449799466739877,0.4425082702828453,1.0951658749399051,0.9436891146830785,0.7311220730604577,0.9141462123365721,1.394202956415975,1.6392733582402843,1.6002323202750683,0
2018-09-04,-1.3700644767204406,-0.6361967588943936,-1.1043619841704069,-0.8587147623149314,-1.4482561571069483,-0.9103749908451,-1.2447787231851102,-0.7727337580425904,-0.22037817766339388,-0.0913619050256565,-0.25828025174387637,0.27109533096447663,0.9027169812316739,0.7561225025833808,0.5504067572000969,0.7275318041825127,1.192115731120213,1.4292872135750159,1.3915045161058104,1.694721108749673,0
2018-09-05,-0.7420586393469772,-1.2351445632973665,-0.9764214014413308,-1.5973444167862658,-1.0308315330380733,-1.3830357644312095,-0.8858635798756336,-0.3041058007927108,-0.16822191928333918,-0.34402542362798755,0.213529119562681,0.878772346086938,0.7243745607586847,0.5077084503621748,0.6942619633758538,1.1835759544599183,1.4333722085323195,1.3935783167925868,1.7129352994748035,-0.07505517748510045,0
2018-09-06,-1.219010077101485,-0.9619835783599604,-1.5788346846824126,-1.0160368974368124,-1.365931432535683,-0.8720196198039712,-0.29407691069108566,-0.15908413289256715,-0.33373474733325953,0.2201634466501193,0.8810441196382911,0.7276588490978497,0.51241359872422,0.6977437250795797,1.1838488770549578,1.4320070091772898,1.392474079107217,1.709736772244611,-0.06652836296547548,-0.8898500329714373,0
2018-09-07,-0.9764001299820622,-1.5981252075506962,-1.0308805445447469,-1.383539727199225,-0.8857253325498833,-0.3032160819859328,-0.16715667577305546,-0.3431872700244138,0.21508748070518227,0.8811900190094518,0.7265927940921123,0.5096468105100218,0.6964412994930059,1.1863873500402842,1.4365062723566733,1.3966609778238253,1.7164304821316763,-0.07386958809899186,-0.903696630478996,-1.0991462979742497,0
2018-09-08,-1.4664840364344711,-0.931201295446665,-1.2639895722467738,-0.7942249873161789,-0.24453775598941369,-0.11614474210214426,-0.2822567306914335,0.2445615159734774,0.8731318943936001,0.7272455922390147,0.5225236295452926,0.698793011322058,1.1611326012325702,1.397158342930961,1.3595581681492626,1.6613099657654233,-0.028114001144042323,-0.811183675942048,-0.9956205522409043,-1.7116573719976038,1
2018-09-09,-0.9285012788386755,-1.2607310017177,-0.7917548725987777,-0.24299023975228307,-0.11481272150096616,-0.28064590669171674,0.24528812493953092,0.8728035069129038,0.727162061238494,0.5227837051648553,0.6987572353109525,1.1603208315677813,1.3959504261880056,1.3584133597743653,1.6596586952898373,-0.026929731887986433,-0.808685097655799,-0.9928124139501989,-1.7076474330390337,-1.4856272487536133,1
2018-09-10,-1.2048392885002501,-0.7481115266645026,-0.2136791174809656,-0.08884924364800642,-0.2503513219148905,0.26184675859610956,0.8729731638241381,0.731135472344263,0.5320949170977675,0.7034725023854438,1.1529813263404973,1.3824569236919984,1.3459002222641645,1.6392778577355667,-0.0032615161344975645,-0.7645995807840078,-0.9439179977404476,-1.6400834912030533,-1.4238618638005067,-1.3405841964088205,1
2018-09-11,-0.7326140118804453,-0.20358519719619067,-0.08001746616744577,-0.23988661251113524,0.2671326826514603,0.8720800477896459,0.7316764635164097,0.5346483881101755,0.704293191176475,1.149257074804625,1.3764124665431048,1.3402253863945064,1.6306367089140656,0.004704892095151405,-0.7489353568763774,-0.9264407026289839,-1.615567333989623,-1.4015319025893795,-1.3190962476537085,-1.3433924705022937,1
2018-09-12,-0.17303286622900332,-0.05252036732325364,-0.20843672318257755,0.2860464379532565,0.8760363817055824,0.7391042987481345,0.5469477743536528,0.7123980822429973,1.146360161925122,1.3678990998857987,1.3326067511431017,1.6158376067716982,0.030107216936901254,-0.7048991550614856,-0.8780156524486513,-1.5501035164594656,-1.341360145696971,-1.2609627256543645,-1.2846582204658124,-1.1993544391445996,1
2018-09-13,-0.023976859054028427,-0.1779849815796199,0.31044628560417653,0.8932154443976049,0.7579592495387256,0.5681544956376138,0.7315798858019981,1.1602307785886796,1.3790583397742495,1.3441979279885534,1.623962370123368,0.05763946048215309,-0.6683712955539255,-0.8393690500477462,-1.5032313468418688,-1.297042750118886,-1.2176293002058136,-1.2410347899513445,-1.1567750268674324,-0.7010288377165124,1
2018-09-14,-0.14179014828874723,0.34082446219525886,0.9166535081014191,0.7830080595335179,0.5954636627544974,0.756942843790837,1.1804889956345916,1.3967105713204868,1.3622653070926851,1.638698075303164,0.09102827666962596,-0.6263365231962715,-0.7952978903800405,-1.4512543479377642,-1.2475212211306697,-1.1690534944063558,-1.1921802515893192,-1.10892392573065,-0.6586051514539113,-0.6711208082823396,0
2018-09-15,0.3603090220009593,0.9316440567188742,0.7990416332387004,0.6129609115268021,0.7731798413628848,1.1934204615411974,1.40795455343797,1.3737781144872578,1.6480534855293103,0.11246235058982658,-0.599303833750212,-0.7669465556174526,-1.4177836540872246,-1.2156405459806396,-1.1377852142793319,-1.1607314805574565,-1.078124921956207,-0.6313206241100414,-0.6437386035076157,-0.561428996587614,0
2018-09-16,0.9758907283514017,0.8440116074126471,0.658945894743502,0.8182908830927517,1.2362392291134352,1.4496031082055134,1.4156130904717061,1.6883923797098457,0.16117738859437528,-0.5467063456627925,-0.7134346317030353,-1.3607216281835814,-1.159681144146652,-1.082250487634565,-1.1050715895885432,-1.0229156225542204,-0.5785484949774015,-0.5908987383877907,-0.509038103261109,-0.5788975235955214,0
2018-09-17,0.9468651936886832,0.7630736272563672,0.9213215522202142,1.3363923943284184,1.5482872990778183,1.5145312968867102,1.7854325466984484,0.2687321733676226,-0.43427790070091343,-0.5998582905956884,-1.2426888252129362,-1.0430324710209764,-0.9661349115271712,-0.9887988940409487,-0.907208556991349,-0.465900822184842,-0.47816603625112253,-0.39686899779876145,-0.4662474477997589,-1.0954529293999014,1
2018-09-18,0.8602507805050608,1.0198106392553112,1.4383225720548285,1.6519741638809846,1.6179383119554893,1.8910854332533034,0.36181105325491436,-0.3470272341602625,-0.5139803466857983,-1.1621401840252703,-0.9608286048640454,-0.8832935361806887,-0.9061454114861163,-0.8238786603865763,-0.3789123213511287,-0.39127921857524334,-0.3093081976267164,-0.37926182062050606,-1.0136836482175395,-0.7714537699800075,1
2018-09-19,1.1081431484001933,1.530623503987948,1.7463009875015278,1.711942400093929,1.9876795628594948,0.4439042646711326,-0.2716553842931333,-0.44019158318823004,-1.094497415581445,-0.8912769554644597,-0.8130066820967531,-0.8360752439422976,-0.7530284212983364,-0.30384281293879806,-0.31632697581991726,-0.2335786875057235,-0.30419562623761254,-0.9446331820389776,-0.7001064264762049,-0.6261784706323663,1
2018-09-20,1.6528892019627264,1.875570452760522,1.8400961274163663,2.1247873955811563,0.5308805641817643,-0.2079156933411572,-0.3819248247686537,-1.0574781499837085,-0.8476584436827281,-0.7668464734674465,-0.7906641484615481,-0.7049205184827813,-0.24114835515645575,-0.2540379204473824,-0.16860251920383487,-0.24151262547989524,-0.9027473249043794,-0.650279969966901,-0.5739513268093336,-0.23453544774632962,1
2018-09-21,2.084373503422851,2.0462548817784754,2.3521673587981127,0.6394489109331399,-0.1544180545294386,-0.3413980232589632,-1.0673078567694436,-0.8418479524463078,-0.7550121666466382,-0.7806052380508403,-0.6884701809957117,-0.19012791651224195,-0.2039782845662818,-0.11217443196462111,-0.1905193399572477,-0.9010432211294382,-0.6297566642448951,-0.5477383977683705,-0.18302207551060565,0.46517514941840826,0
2018-09-22,2.403157281290152,2.7484358143405783,0.8153178226567698,-0.08070715789515731,-0.2917484659899575,-1.1110713157254668,-0.8565983181386942,-0.7585881518672927,-0.7874746433134407,-0.6834832741073067,-0.12101230948942861,-0.13664499897793347,-0.033027454955222114,-0.12145410288801713,-0.9234110736482549,-0.6172142643190848,-0.524641555261077,-0.11299206009967568,0.6186178079622933,0.5745404204262289,0
2018-09-23,3.356347068750766,1.0732076017519339,0.01494317851667582,-0.2343104840901282,-1.201984647018857,-0.9014353031219585,-0.7856788517599581,-0.8197956976884255,-0.6969750523459416,-0.032659855919984354,-0.05112309018715637,0.07125604303154501,-0.03318164297536135,-0.9803455608812129,-0.6187069940394577,-0.5093725372051703,-0.023187413991611207,0.84089194971197,0.7888336565717076,0.7432776328907563,0
2018-09-24,1.8999796736058137,0.261261927538538,-0.12470625887873601,-1.6231453903334883,-1.1577460698999076,-0.9784977205235119,-1.0313275044936698,-0.8411402822010989,0.18754884072841374,0.15895860469750248,0.34846214743280896,0.18674085579710478,-1.279938252588531,-0.7199425425048541,-0.5506386230522551,0.2022168748660085,1.540239921112549,1.4596278860427887,1.3890845862708754,0.6729613263836266,0
2018-09-25,0.40960548564523197,-0.01895391958897651,-1.682744370602097,-1.1659886819718652,-0.9669604493316952,-1.0256199492429794,-0.8144457495623537,0.3277582304749012,0.296013089346439,0.5064281660870323,0.32686108518213963,-1.3016646547078463,-0.679873955648231,-0.49188751122665814,0.3440448680973261,1.8297174729092385,1.7402099771622535,1.6618822919866014,0.8667355178950502,-0.16111694290337925,1
2018-09-26,-0.007188628070798707,-1.6768479166927663,-1.1582694292730764,-0.9585391464581203,-1.0174055612960926,-0.80548646787939,0.3407465109244676,0.3088893923062684,0.5200466850603577,0.3398462010504743,-1.2944239840630205,-0.6704399867805128,-0.4817904408762363,0.3570905978677141,1.8480037491993186,1.7581805256171406,1.6795765481570284,0.8816249813768907,-0.14985311579576283,0.18623948562621076,1
2018-09-27,-1.6687080676071198,-1.1740646615043941,-0.9835529650299997,-1.0397023901351434,-0.8375644597566236,0.25576393426129973,0.2253771865573372,0.4267884773168454,0.25490517834792625,-1.3039349788652315,-0.7087510727507057,-0.5288086798255172,0.27135365699637276,1.693453449541705,1.6077760326459722,1.5328000355938134,0.7716780637567932,-0.21219198037968717,0.10838820789709049,1.3089950329394282,0
2018-09-28,-1.3820153024571844,-1.1813637637508074,-1.2405016999160015,-1.0276051297213005,0.12391484847884911,0.09191078890709453,0.30404204463377127,0.12301038592573361,-1.5187978701051497,-0.8919357467540907,-0.7024160548552824,0.14033432252000658,1.6381243104780006,1.5478867772941676,1.4689202390030005,0.6672881207731572,-0.36894766892613345,-0.031304840444151105,1.2332033828527913,1.0062528560635415,0
2018-09-29,-1.3416337066860542,-1.403324855707752,-1.1812367192296374,0.019998818956388394,-0.013386979337709534,0.20790280109423787,0.019055307265467517,-1.6936361452216242,-1.0397099655916247,-0.8420079774326794,0.03712718503770447,1.5995825452013621,1.5054491095764873,1.42307328117693,0.5868316117322196,-0.4941424747726801,-0.14192230276997667,1.1771796189586796,0.9404307623601177,0.6343700853901175,0
2018-09-30,-1.565730987779769,-1.3355510998346276,-0.09054870591959766,-0.12515091129697414,0.10420153260652984,-0.09152659433243729,-1.8666197301917147,-1.1888678379088042,-0.9839626043262707,-0.07279627011729531,1.5465869415437945,1.4490237668167192,1.3636465861573337,0.4969365636397223,-0.6234226687311546,-0.25836940199986336,1.1087938213344148,0.863419051897474,0.5462070952096797,0.7237314532327305,0
2018-10-01,-1.5334924036984046,-0.20443380117430585,-0.24137217088979934,0.0034649796809179626,-0.205477711622788,-2.1004160780274583,-1.3769058364262161,-1.1581664470675301,-0.18548281149418724,1.5432328911907698,1.4390827487538302,1.347941336521048,0.4227154759517363,-0.7732846947928619,-0.38358489429443837,1.0758822134860861,0.8139409917210212,0.47531250239444717,0.6648223991956627,0.37622131059245606,0
2018-10-02,-0.3060187102158626,-0.3454789837240152,-0.0839259969276085,-0.3071338918584851,-2.3314459228265605,-1.558539261286498,-1.3248658155556317,-0.2857738742421191,1.5609669259392773,1.4497061112869492,1.3523421755657588,0.3639481073898891,-0.9137069222413667,-0.49740103673039127,1.0617086828579085,0.781883873763162,0.42013610553736447,0.6225844652748305,0.31427963269158815,0.026734335301772064,1
2018-10-03,-0.3383843085957406,-0.07743362711400302,-0.30012751796853687,-2.3197779547038926,-1.548651145864771,-1.315515804324511,-0.27881668829029893,1.5636714294331775,1.45266682665134,1.3555271010095689,0.36940911083816574,-0.9053037294337322,-0.4899565148614544,1.0655628803273334,0.7863824529762573,0.4254677190279145,0.6274498798337245,0.31985501291165663,0.03297187603832827,-0.4249969978904331,1
2018-10-04,-0.105037855817571,-0.3282105997340454,-2.3522038399112435,-1.5794188965263554,-1.3457822499358547,-0.30685394591575244,1.5395960275792293,1.4283527343971856,1.3310041316511474,0.3427657168142257,-0.9346881063571891,-0.5184477811355657,1.0404164082118579,0.7606356662227917,0.398944866416569,0.6013613443731014,0.2931050639596368,0.00560504950612977,-0.45334858335208744,0.18220484955379007,1
2018-10-05,-0.3595551198090089,-2.368714783382274,-1.6015934778142107,-1.369669123056455,-0.33835498605912767,1.4945626017620908,1.3841345958440225,1.2874994480282949,0.3065037007746648,-0.9615878336460517,-0.5483980782718257,0.9990414032708481,0.7213111370374404,0.3622711208797806,0.5632041154569892,0.2572070042237321,-0.028185960955413432,-0.4837759838294097,0.14711956270325216,0.5369806568426688,0
2018-10-06,-2.4042346813538398,-1.635437963533861,-1.4030070801441166,-0.36944052709712716,1.4674801988993675,1.356811015435158,1.2599648140227684,0.27682654734998485,-0.9940345309197918,-0.5799423587133187,0.9708767696305279,0.6925399335008107,0.33271576490515664,0.5340876022031777,0.22742218557220867,-0.05859408503073495,-0.5151791279890819,0.11709431030680902,0.5078068708947853,0.21624434206117898,1
2018-10-07,-2.1218862455628473,-1.8436723857950374,-0.6065194917540999,1.592227928613542,1.4597597288635935,1.3438372872936772,0.16704577031690018,-1.3541426391477787,-0.8584848339153316,0.9978062458497157,0.6646441274346641,0.233943743205271,0.4749807142229095,0.10791000496977746,-0.23444420132306165,-0.7809648928126247,-0.02414965754115845,0.44352334681890454,0.09453041039210887,0.24405503987083904,1
2018-10-08,-2.246783102771182,-0.8479784233201412,1.6380669113799284,1.488289839700903,1.3572204670288273,0.02666424506606724,-1.6932892673374436,-1.1328666544937336,0.9659755026120737,0.5892809707562761,0.10230339845832814,0.3748353099174633,-0.040198456940219125,-0.4272861549109793,-1.0452176202575114,-0.18951361012524634,0.33926758587956707,-0.055326287618665,0.11373588118478917,0.6828194657909715,0
2018-10-09,-1.1464285672148693,1.7355736508945492,1.561941317334163,1.409996291435146,-0.13247999791160378,-2.126373580061437,-1.4766914561072868,0.9564370423198194,0.5197456991633301,-0.044793661379565336,0.2711448946747983,-0.20999204196053284,-0.6587318893733276,-1.3750824035457347,-0.38308888644286127,0.229912235664303,-0.22752930926693324,-0.03154030669762694,0.6281822374701155,0.49979873100566374,0
2018-10-10,1.7485057822528098,1.5690206970867304,1.4119539494664637,-0.18251571227874056,-2.2436189184957995,-1.5720374857194224,0.943106248199951,0.49169503169128703,-0.0918736684978748,0.23471445871256882,-0.26264051128502985,-0.7265063597635785,-1.4670034227733513,-0.4415720572524479,0.1920919404156017,-0.28076892004119547,-0.07817357333099925,0.6037867194202859,0.4710756965411395,-0.3192398943481969,0
2018-10-11,1.3691631542914884,1.255993929899608,0.10715181232840744,-1.3779075956828213,-0.8940219164107335,0.9181813023756337,0.5929319543876772,0.17246092420214076,0.4077731440830702,0.04942055160338405,-0.28480256748172283,-0.8183431134914004,-0.07950262649239727,0.3770629052172461,0.03635872922864282,0.18233207240900795,0.6736958942620572,0.5780753777935023,0.008639747395205202,-3.2746636799179325,1
2018-10-12,1.2803375301704492,0.28583860221786067,-0.9997079203412245,-0.5808307030739206,0.9879089268113644,0.7063557673788592,0.34237364802665793,0.5460724390323982,0.23586334798382633,-0.0534579856819454,-0.5153191003733454,0.12426057816585004,0.5194880205452016,0.2245563388220716,0.35091863968325265,0.7762693354782813,0.693495123370448,0.2005613117459664,-2.641641014113321,-2.4833428858486917,1
2018-10-13,0.43389861192494217,-0.7551840538358542,-0.36773822484853513,1.0832875204316132,0.8228613316501097,0.48619142420326533,0.6746052211144732,0.3876733625979985,0.1200619019003925,-0.3071424316893795,0.2844449560699504,0.6500156238904617,0.3772148001423382,0.4940952233109794,0.8875287788950528,0.810965714811226,0.35502029355703,-2.273911027836643,-2.127491153457341,-2.036397872832052,1
2018-10-14,-0.5845025012496851,-0.22710298147588232,1.111396147287542,0.8711659322654636,0.5606046763647554,0.7344070391643004,0.46972666123990897,0.22286839000937608,-0.17120637411789286,0.3745035870450728,0.7117243579175744,0.46007915720315845,0.5678955381940567,0.9308184381415736,0.8601928169870194,0.4396058280259194,-1.9854526485105755,-1.8503875919960149,-1.7663585682865761,-1.729977904209041,1
2018-10-15,-0.2832961309224302,1.059628461423947,0.8186039761290986,0.5070159152804229,0.6813929187432839,0.4158374312663679,0.1681629755004811,-0.22721471328331497,0.3202995221657404,0.6586352420201589,0.4061580298029672,0.5143308827985666,0.8784537103684655,0.8075945805714876,0.38561700990352404,-2.047459408328875,-1.9119477878412119,-1.8276409399805682,-1.7911399909506271,0.4669683153325964,0
2018-10-16,1.019551998679155,0.7791693108764332,0.46841094347481343,0.6423236176668534,0.3774752485794844,0.1304602977779163,-0.2638645834092003,0.28219173682935333,0.6196265398485644,0.3678216213256081,0.4757064327735456,0.838859677866069,0.7681892310227849,0.34733529784027006,-2.079262349816338,-1.9441115682620163,-1.8600292117988333,-1.8236254571162591,0.42846998185952295,0.425301233982293,0
2018-10-17,0.8513394661567593,0.5317921135843826,0.7106234515191275,0.4382845411218935,0.18428342046204305,-0.22119390550779125,0.34030618521103473,0.6872844463988244,0.4283578863467062,0.5392939366587621,0.9127180185835099,0.8400488435498641,0.4072921609459138,-2.0879354351782906,-1.9489622683256127,-1.862501862993605,-1.8250685236123458,0.49072152665191165,0.48746315905394594,0.09585283937312553,0
2018-10-18,0.6048437706721911,0.7865652490569739,0.5098249976523517,0.2517188978448204,-0.16031145420473963,0.4102631876728916,0.762849056115225,0.4997379155894716,0.6124668326891781,0.9919259197570557,0.9180823190066362,0.47833174144075097,-2.057221886411969,-1.9160027375315922,-1.8281450227701384,-1.7901067133116253,0.5631094311448386,0.5597984042081645,0.1618591667960748,-0.35958907541652463,1
2018-10-19,0.8438265476050475,0.5655398647798368,0.3059914616551622,-0.1083413262685127,0.4654217009253569,0.8199778279861863,0.555396415851042,0.6687552649484507,1.0503347788501236,0.9760785382186956,0.533870623467785,-2.0158517412376225,-1.873843456234441,-1.785494790373685,-1.7472439218940896,0.6191220530144069,0.6157925239767074,0.21562959219021557,-0.30873251579317557,-0.39622944166754637,1
2018-10-20,0.6298218379647761,0.36545227495388743,-0.05657682160676026,0.5278439605861688,0.8889860336848786,0.6194899725845812,0.7349544833984031,1.1236219077771832,1.0479863436580228,0.5975643346021691,-1.999519597493796,-1.8548734821710096,-1.7648837234014916,-1.7259223379219586,0.6843993253166674,0.6810079496575158,0.273411916948603,-0.2606903147667222,-0.3498125123211116,-0.16226155145002108,0
2018-10-21,0.41174352286799215,-0.014415005346058668,0.5757241637935564,0.9403999067747055,0.6682669052969686,0.7848612026816338,1.1773316244792087,1.1009559884191749,0.6461267313400385,-1.9763689097663752,-1.8303074743814804,-1.7394371920618723,-1.7000945807858936,0.7338113771190848,0.7303868178379754,0.31880257679701507,-0.22052568952059867,-0.31051992179155424,-0.12113382945498205,-0.17560821429863313,1
2018-10-22,0.013091579847033637,0.6056914983964249,0.9718878583205384,0.6986201226008035,0.8157005923384932,1.2098075287232983,1.1331134232052384,0.6763876290303891,-1.957043237084732,-1.810372757918794,-1.719123566681972,-1.6796169054453416,0.7644379003290257,0.7609990613954709,0.34769860538153835,-0.1938785401537548,-0.28424802840757774,-0.09407223808228114,-0.14877376902529618,-0.11030675676858509,0
2018-10-23,0.6158403301111771,0.9816876528856007,0.7086803801360537,0.8256492555546462,1.2193805520456598,1.1427595469046585,0.6864690772901673,-1.9444517551271725,-1.7979210737626172,-1.7067588559671134,-1.6672898501906155,0.7744354241725976,0.7709998629410382,0.358093340971569,-0.18296760461227185,-0.2732509579066823,-0.08325643212429089,-0.13790582473789165,-0.09947547700815171,-0.19071759157648424,1
2018-10-24,1.0242599587751313,0.748486487461577,0.866640529604696,1.2643612397695254,1.1869638856607505,0.7260501324644485,-1.931528046313501,-1.783512668382838,-1.6914267653191069,-1.6515578467270924,0.814907783010611,0.811437411554219,0.39434718628396237,-0.1521959649409258,-0.24339409856232735,-0.051474486392692774,-0.1066776044431624,-0.06785786791936702,-0.1600244772960392,0.0021952117119408768,0
2018-10-25,0.8305237641452182,0.9520498572781093,1.3611212964576913,1.2815150646855342,0.8074470879901957,-1.9259769016089363,-1.7737372466869876,-1.6790232628996704,-1.6380165074299595,0.8988406867192401,0.8952712727815912,0.46627752325235716,-0.09586366711374546,-0.1896645450100396,0.0077323467044572766,-0.049046237792053325,-0.009118607466290523,-0.1039156008800665,0.06293374829829773,-0.0993500714249357,1
2018-10-26,1.0177115713214746,1.4343688327932136,1.3532863827624977,0.870427287741163,-1.9136853265045677,-1.758622538854572,-1.662152178599042,-1.6203849937031287,0.963515689705529,0.9598800845425224,0.5229310733237862,-0.04963446537074334,-0.145174787096205,0.05588263331365493,-0.0019488534652896878,0.03871919498598593,-0.05783571422682482,0.11210768990430642,-0.053185521576469025,-0.06620606099746063,0
2018-10-27,1.5283806796162152,1.4449961222909613,0.9484276062486595,-1.9147320268728227,-1.7552666690683087,-1.6560573052433651,-1.6131042590299314,1.0441589906231263,1.0404201627138576,0.5910652177118337,0.0022432967455501135,-0.09600962273051437,0.11075625560052552,0.051282806997322405,0.09310550988934121,-0.00619080342186635,0.16857766396476198,-0.001408581677454627,-0.014798802561802707,0.03415375820370569,0
2018-10-28,1.6187210172681712,1.0888886164417932,-1.9660669301895535,-1.795919386306595,-1.690064234959566,-1.6442338714491027,1.1910328071806915,1.1870435245269444,0.7075874139560004,0.0793217829988636,-0.02551285418093165,0.19510375397264923,0.13164632757356007,0.1762706288863701,0.0703227035241356,0.2567984740828868,0.07542527436032193,0.06113807601900526,0.11336984657849633,0.169127029715716,0
2018-10-29,1.2800640481860952,-1.8922901645789818,-1.7156040330167965,-1.6056809817013935,-1.5580894064605386,1.386133530656089,1.381990944147267,0.8841098493199198,0.23170064379150448,0.12283732390858683,0.35193199176838436,0.2860359645118303,0.3323751298779161,0.22235573934137562,0.41599757382338,0.2276543965038202,0.21281815644898067,0.26705713794816904,0.32495700985050074,-1.15635485432624,1
2018-10-30,-1.7998644181186194,-1.6203248672825301,-1.5086265971058814,-1.460266434557879,1.5315046740035567,1.5272951861704287,1.0213734856683072,0.35842809948401544,0.2478066750321166,0.4806011417105311,0.41364091664408054,0.4607284433355468,0.3489322780930094,0.5457013605251484,0.35431650671677606,0.3392406665702347,0.39435558866441106,0.45319052326228054,-1.0520440098106147,-1.0359892190052034,1
2018-10-31,-1.7309914724149977,-1.6138362527913368,-1.56311348461071,1.5748187388062413,1.5704035990658198,1.0397654088685546,0.3444322385868328,0.22840647331536865,0.47257396872734597,0.40234244355418547,0.4517304020458381,0.33447250475379314,0.5408546182012652,0.3401197765147954,0.32430741558399473,0.3821149428829633,0.44382422158044244,-1.1349476074585014,-1.1181084698438788,-1.2891694653680073,1
2018-11-01,-1.7871063265267673,-1.732723074282685,1.6316626986550344,1.6269289337835833,1.0579964487686315,0.3124835252931449,0.18808458797369562,0.44987279412028175,0.3745729063977221,0.4275250204248441,0.3018050324435966,0.5230810182950067,0.307859847976846,0.2909063644837536,0.3528856580331785,0.41904827867830285,-1.2736579693073815,-1.2556036102627857,-1.4390094771426163,-0.7766126578053464,0
2018-11-02,-1.930528701535311,1.6997811203374475,1.69467319447309,1.0807717789618758,0.2763328498128807,0.1421013096565937,0.42458148885273705,0.3433298309174374,0.40046732721404465,0.2648103193746833,0.5035761562898492,0.2713437129221153,0.2530502109893123,0.31992840312027676,0.39132057624764854,-1.4351786816665453,-1.4156972899978415,-1.6135997199981786,-0.8988464659093582,-0.7722174200628116,0
2018-11-03,1.775666241132929,1.7701958416108932,1.1127301502187579,0.25120583479545894,0.10744882410019316,0.40997463952792135,0.3229571215495592,0.3841492650401914,0.23886563122249946,0.49457500422912315,0.2458626538669615,0.22627099046247473,0.29789505862303656,0.37435343333795384,-1.5817596608659172,-1.5608958115260694,-1.772841988356441,-1.007367711052546,-0.8717526903435648,-1.2175328275734032,1
2018-11-04,2.0416353204543287,1.339003819013731,0.4182955125594346,0.2646628506732314,0.5879712311735689,0.49497588539467546,0.5603717352772017,0.4051075760966334,0.678383372903066,0.41258527202915,0.39164772341811077,0.4681921381454848,0.5499029609716883,-1.5405889055435549,-1.5182917758538719,-1.7447979835551304,-0.9267380485380767,-0.7818067055551673,-1.1513408427292238,-0.9491711363356143,1
2018-11-05,1.6481573810790533,0.6080468791950114,0.43449034240691603,0.79972701893973,0.6946715577334981,0.7685482782601031,0.5931486632052332,0.901864272890253,0.6015961052612936,0.5779432675043329,0.6644143561872514,0.7567218593816297,-1.6048757597809502,-1.579687023468337,-1.8355677228391118,-0.9114175619064089,-0.7476907758744582,-1.165148003299259,-0.9367598880745761,-0.26818324680151184,1
2018-11-06,0.7219030497301879,0.5354884139451968,0.9277839926148402,0.814945398918453,0.8942953456552404,0.705901085419437,1.0374881809307936,0.7149743641523376,0.6895691837002248,0.7824465641842516,0.8815927554291915,-1.6549660408805276,-1.6279111733860636,-1.9027490346407578,-0.9101323412617532,-0.7342757025477756,-1.182660640657144,-0.9373521774604402,-0.21924340792765365,0.4629021840820215,0
2018-11-07,0.46843406064242105,0.8423824622765006,0.7348211894768014,0.8104600377467658,0.6308767431016328,0.9469559219428951,0.6395256758559984,0.6153086641437833,0.7038422848838982,0.7983515318906654,-1.6195755595835473,-1.5937860146432605,-1.8557700504390604,-0.9095768071117752,-0.741944764999947,-1.1693592963882633,-0.9355236053748578,-0.25099989119775246,0.3992425986075248,1.4863348191695198,0
2018-11-08,0.8545727525163573,0.7466327006778405,0.8225379125701313,0.6423222119859195,0.9595144695816025,0.6510016021191375,0.626699309746136,0.7155447032915935,0.8103867663836377,-1.6160551006766304,-1.5901747373703112,-1.8530813548600735,-0.9035560742863463,-0.7353337127953079,-1.1642533924694527,-0.9295942446859857,-0.24265996741535165,0.4098723635090944,1.5007927997075619,0.2948309924706628,0
2018-11-09,0.8337000100181386,0.9100951796777371,0.7287162113798757,1.0479559016414393,0.7374516257900208,0.7129924654416234,0.8024113438581709,0.8978655995035456,-1.5442386181391006,-1.518191200625217,-1.7827948443942616,-0.8271405079247116,-0.6578322940845047,-1.089520591662064,-0.8533467511551323,-0.16197840702152394,0.49476593090462173,1.592728109401215,0.37898198354110213,-0.702621146151047,1
2018-11-10,0.9844254867124004,0.800001144406951,1.1246009062580522,0.8088832274426804,0.7840133949426468,0.8749336267447215,0.9719905704623909,-1.5111168614890766,-1.4846321048007232,-1.7536784745738325,-0.7819785904653533,-0.6098276719910931,-1.0487640663748032,-0.808624839572527,-0.10564834039948713,0.5621228114683194,1.6785199028497255,0.4443948381402362,-0.6553685341015406,-0.2742464256594526,0
2018-11-11,0.8833297410636705,1.216239838947324,0.892439221354022,0.8669326765410467,0.9601806293313437,1.0597224048677016,-1.4869570304850204,-1.4597942165283393,-1.7357286558687284,-0.7391515121045943,-0.5625932213862046,-1.0127671746437834,-0.766479952975634,-0.04550599472314189,0.6393612961967061,1.7843401552363374,0.5186192756209957,-0.6093000112385324,-0.218420493325388,-0.18446697587954033,0
2018-11-12,1.3097349985080542,0.9841995120755798,0.9585563075177284,1.0523038670376694,1.15237897053942,-1.4079451416783233,-1.3806367939673587,-1.6580496432750427,-0.6561330080503965,-0.47862874792916393,-0.9312146569437099,-0.6836078700766605,0.04122894447093033,0.729765638280793,1.8808791000238512,0.6083767024192736,-0.5255857848467841,-0.1326120007134621,-0.09847656607476,-0.7645338273176684,0
2018-11-13,1.1277291641673275,1.1013849483290048,1.197695295841838,1.300506164145948,-1.3298098276076942,-1.3017549484032402,-1.5867514651996608,-0.5574453178023103,-0.375088602973399,-0.8400469058861348,-0.5856712633433648,0.15898049993079758,0.8663398018234479,2.0489213868255898,0.7416324424329437,-0.42332930989811607,-0.019612755492634616,0.015455843512928842,-0.6688095029370291,-0.870325647466553,0
2018-11-14,0.6481319379802678,0.6841604213588947,0.722620667381195,-0.2613472907533636,-0.2508523151332999,-0.3574659089322234,0.027584507567232786,0.09580184909763236,-0.0781331736787507,0.017025538193392635,0.29559034840148984,0.5602045202853627,1.002593340172473,0.5135530737791135,0.07775561053143071,0.2287808694542709,0.24189958897934907,-0.014075426144104931,-0.08946006809796633,-4.064368090442518,0
2018-11-15,0.6730805174959602,0.7003675961801173,0.002254248679977375,0.009700306756853393,-0.0659407466338389,0.2072478597597837,0.2556472372594675,0.13224244547322045,0.19975639888975913,0.3973947574789948,0.5851353071611682,0.8990048162186909,0.5520366709535981,0.24284364959069674,0.34999424142864893,0.3593018140247429,0.17769064141804708,0.12420615108537217,-2.695942942737702,-3.106020970483624,0
2018-11-16,0.7334401759698865,0.1681524966090375,0.17418183970315806,0.1129325372958209,0.3341432531331146,0.3733339832448898,0.27340865074601167,0.32807714575183733,0.488112087756114,0.6401324151596732,0.8942839322916679,0.6133312498205697,0.36296645426597834,0.4497301719618435,0.4572668508294933,0.31020970219243604,0.2669013719188203,-2.0166755606917217,-2.348730602314199,-2.6151981556445456,0
2018-11-17,0.2970158691183292,0.30229094763550096,0.24870386952814216,0.44224135390507113,0.4765293642666804,0.3891045873784504,0.43693411027499196,0.5769488467703827,0.7099515886514874,0.9323090141953981,0.6865032213404054,0.4674588024261805,0.5433684688927849,0.5499623170392489,0.4213018654009383,0.3834113623934537,-1.6144924608720508,-1.905007760671358,-2.1381404990399755,-2.2063948686341,0
2018-11-18,0.38336860492881464,0.33402417501496284,0.5122387217086202,0.5438120484121993,0.46330895086967827,0.5073516683257969,0.6362810221163047,0.7587535417404161,0.9635062692280766,0.7371616513399382,0.5354596299033733,0.6053593025304361,0.6114310961272789,0.4929570747254793,0.4580664754226474,-1.3816573659151963,-1.6491717062404616,-1.8638466330205212,-1.9266971013741767,-1.7217074258437128,0
2018-11-19,0.4191952608876873,0.5548650383800955,0.5789009338108592,0.5176161647857043,0.5511446605695184,0.6492949915358551,0.7425299142433692,0.8984024706344309,0.7260926086439069,0.5725424699164176,0.6257551464798358,0.6303774340626754,0.5401864568365442,0.513625214043447,-0.8869053758125315,-1.0905566023891373,-1.2539826531228864,-1.3018289665413494,-1.1457760281958358,-2.841479138768637,0
2018-11-20,0.5931516296127645,0.611783118620156,0.5642780650347059,0.5902677687438911,0.666349261848184,0.7386205630166324,0.8594455944501221,0.7258791413596074,0.606854338226081,0.6481022876233093,0.6516852662785774,0.5817734876392083,0.561184468829913,-0.524440585771528,-0.6823013819392243,-0.8089815248337603,-0.846069723401946,-0.7251048684111776,-2.039533696554615,-2.7729432103709155,0
2018-11-21,0.6796521433871868,0.6375545132921498,0.6605858510225843,0.7280071107001778,0.7920518864334314,0.8991235997693392,0.7807608002158881,0.6752843981013886,0.7118371600676473,0.7150122940520047,0.6530584602108893,0.6348130561446798,-0.3272370526570799,-0.46712880947031943,-0.5793891563904199,-0.612255665243132,-0.505060044239542,-1.6698695627448132,-2.3197962566550343,-2.087004725997043,0
2018-11-22,0.7094287409738087,0.7300022394892468,0.7902284930451997,0.847438591472461,0.9430839144295724,0.837352458037522,0.7431321992008476,0.7757841538050405,0.7786204464719304,0.7232781505326212,0.7069798443784937,-0.15240299811506852,-0.2773659023460296,-0.37764614258805723,-0.4070052305838611,-0.31124922303487135,-1.3517535645638088,-1.9323219201151318,-1.7243732431231773,-2.0512110073667533,0
2018-11-23,0.8032997670489487,0.8589510783483291,0.9118153494769625,1.0001952059007209,0.9024953848692786,0.8154323410032587,0.8456039685397945,0.8482248090673328,0.7970864573104931,0.782026212718103,-0.012075682537980477,-0.12754608080492516,-0.220208774188318,-0.24733766979532176,-0.15885553666804994,-1.1203204726363314,-1.6567873517414573,-1.464634995015132,-1.7666453159030884,-1.7907186949926206,0
2018-11-24,0.919377622481505,0.9670987998487627,1.0468802990361508,0.9586855620493115,0.8800927644988826,0.9073290350156248,0.9096948974969522,0.8635317271295933,0.8499366734564053,0.13309188240687359,0.02885544371737651,-0.05479222098827728,-0.07928178286816147,0.0005920426599612854,-0.8673332642093451,-1.3516080029481234,-1.178149890292772,-1.4507780336898024,-1.4725093461402365,-2.0107142086606813,0
2018-11-25,1.0491152615827681,1.1247832816598358,1.041135804525603,0.9665951974483815,0.9924271846293279,0.9946710648717407,0.9508880357514934,0.9379939336755798,0.25810916598181916,0.15924708622829992,0.07991223746241218,0.05668534051412066,0.13244092664942872,-0.6907347495976224,-1.1500406165835773,-0.9855258846642475,-1.244097508891149,-1.2647083698495054,-1.7751637606051887,-1.63373363078951,0
2018-11-26,1.2116404465212303,1.1319346357072986,1.0609065577639751,1.0855212808104135,1.0876594241258881,1.0459395545556545,1.0336530529672199,0.3858060583458455,0.29160259285625706,0.21600618919499393,0.19387379838798466,0.26605960271188167,-0.518326095045476,-0.9559883867720131,-0.7992259768618596,-1.0456130965762682,-1.0652527251764556,-1.551654254528418,-1.4168886458491707,-1.6576540131389894,1
2018-11-27,1.2503543107572148,1.1806023945565691,1.2047748647817564,1.2068745920682666,1.1659043035510006,1.153838553582665,0.5176314283423007,0.4251205168703134,0.35088235407702784,0.329147616018618,0.4000364577256175,-0.37025617925963,-0.8000549909500088,-0.6461091318463816,-0.8880694132572258,-0.9073561765767286,-1.385018527827403,-1.252674253344505,-1.4891137883776466,-1.4465149308918197,1
2018-11-28,1.3203635526673527,1.3450460309630181,1.347190059798023,1.3053553508223197,1.2930350290289743,0.643404750699764,0.548941977832625,0.4731374851686508,0.45094417205703985,0.5233286772622507,-0.2632161448671937,-0.7020831593768105,-0.5448892404006047,-0.7919545729338657,-0.8116482621841781,-1.29938867545466,-1.1642521067858944,-1.4056802122846785,-1.3621825736271913,-0.9054521383849486,0
2018-11-29,1.5011944564844935,1.503406226991088,1.460249729301444,1.4475401407318433,0.7773844663582087,0.6799370945749922,0.6017375207613579,0.5788429987370015,0.6535145288645079,-0.15788157332290953,-0.6106148123361187,-0.4484542722672816,-0.7033257584978965,-0.7236416797852963,-1.2267924972244315,-1.0873862205624596,-1.3364423687293943,-1.2915704002565873,-0.8204093367298999,-0.7972882430926729,0
2018-11-30,1.693730479601839,1.648953697451112,1.6357669351077222,0.940450673480158,0.8393446993838156,0.7582091701266986,0.7344550871957377,0.8119301145120332,-0.029929360899323833,-0.49966019405152573,-0.3314114351201687,-0.5958519163068254,-0.6169305865042801,-1.1389718954040684,-0.9943316948616828,-1.2527385046535282,-1.20618184541231,-0.7173313262817473,-0.6933421652444951,-0.986159932119175,1
2018-12-01,1.8988861048882253,1.8847542880907462,1.13960686147057,1.031254935057306,0.9443046734714637,0.9188482089177715,1.0018756317151802,0.0996826926198006,-0.40371229588256363,-0.22340566900132477,-0.5067977812312322,-0.5293870944991877,-1.0888414886845872,-0.9338353725214151,-1.2107613987972972,-1.160868167845929,-0.6369832446321101,-0.6112748546516377,-0.9250779648285803,-0.6882680636552169,0
2018-12-02,2.2129536680658215,1.396061609832887,1.2772772927713563,1.1819552455988627,1.1540477698676215,1.245069277660231,0.25601097776957976,-0.29585212149259016,-0.09818512797677997,-0.40886293155788356,-0.43362719960780166,-1.0469472423629436,-0.8770167551229057,-1.1806059020503141,-1.1259088277966716,-0.5515829723851331,-0.523399315225826,-0.8674161626234682,-0.6078056202414263,-0.7061656631226466,0
2018-12-03,1.7622115974077077,1.6278731769792394,1.5200692718346949,1.4885074773097602,1.5914477128927342,0.47287808176752516,-0.15124822447908082,0.07230209206652001,-0.2790571313371215,-0.3070641337360147,-1.0006948065306966,-0.808512927616146,-1.1518552767271664,-1.089995944291162,-0.44046551690949987,-0.4085913766329045,-0.7976551943441372,-0.5040501877832485,-0.6152898961960593,-0.9808087936749771,0
2018-12-04,1.8910451183404826,1.775237890069022,1.7413329592754179,1.8519154409071483,0.6503036028614471,-0.020157615781910297,0.21998899582405881,-0.15745500989568922,-0.18754124207493322,-0.932666806429181,-0.726217413976705,-1.0950493755410549,-1.028597628523808,-0.3308462959334778,-0.2966058309520009,-0.714553606493514,-0.39915146989325934,-0.5186495742313192,-0.9113044631346249,-0.8110276744161249,0
2018-12-05,2.074154614569982,2.0376520419968824,2.1567068510347793,0.8630329724485887,0.14120406089704673,0.3997496149845471,-0.0066124358610301645,-0.03900373847891178,-0.8412174387364335,-0.6189508316596153,-1.016041022648028,-0.9444980446407157,-0.19328817458075995,-0.1564243607145244,-0.6063933962315461,-0.266826580683492,-0.39548008693900844,-0.8182184097400939,-0.7102588689913817,-1.059286766026337,0
2018-12-06,2.387472629776755,2.5158351125896643,1.121022149153046,0.34276084243504423,0.6215194201951983,0.18338809069232903,0.14846444452317617,-0.7164661126188567,-0.47682276044061755,-0.9049573585121665,-0.8278211692304319,-0.017881908366431797,0.021863908808552743,-0.46328358800116864,-0.09716952778923002,-0.23588113145311485,-0.6916690255619491,-0.5752692362058135,-0.9515840427762408,-1.3835207372177722,0
2018-12-07,3.035512663268217,1.4753292168646117,0.6047964360922153,0.9166049222227415,0.42652828430780976,0.3874640541425551,-0.5800135739810011,-0.31195785546519866,-0.7908525390205576,-0.7045710025057974,0.20139550376965606,0.24585362657589196,-0.29681346458859925,0.1127074613073808,-0.042449935084515444,-0.5522765183618055,-0.4220762483049078,-0.8430073317106542,-1.3261548921560173,-1.5360188073720116,1
2018-12-08,2.209937458869782,1.0769968795788325,1.482794908908774,0.8449927234888663,0.7941532232075439,-0.46495463426429695,-0.11609792521758047,-0.7393475399249884,-0.6270578523678885,0.5519973665834439,0.6098566597873079,-0.09638850662736996,0.4365757714147482,0.23464872807751425,-0.4288566991203098,-0.25940969765160066,-0.8072235376452469,-1.436007989080043,-1.7091319321739669,-1.5574774058435423,1
2018-12-09,1.3963566543880859,1.8508595755965631,1.1365067806725535,1.0795653967313985,-0.3306637270581745,0.060063634547594474,-0.6379899538207662,-0.5122229778190336,0.808345390056827,0.8731490999802988,0.08213862672871199,0.6790706070783682,0.4529077762255275,-0.2902332276798825,-0.10044877435291055,-0.7140125981266959,-1.4182653281349598,-1.7241702882776706,-1.554313807344336,-1.136642859391477,0
2018-12-10,2.0038700641438503,1.2861176502739742,1.2289052811711096,-0.18803515064625323,0.20455169012810312,-0.4968239489428093,-0.3704584454383947,0.9563945331713265,1.0215066452198878,0.22673173762947982,0.8265045289680621,0.5992653847724566,-0.1474122417293496,0.043275399529056034,-0.573208386502344,-1.2808126690496708,-1.588173436890658,-1.4175086056369184,-0.9978499534601966,-1.3368400767106814,0
2018-12-11,1.551950206080413,1.4913427415646507,-0.009681744729864388,0.4062019775261963,-0.33679468252789574,-0.20293039951087313,1.202660665493557,1.2716366593635944,0.42969823302088966,1.0650627309184726,0.8243387653776408,0.03335180814192188,0.23535523209355377,-0.4177119240534552,-1.1673068476368793,-1.4929070128208681,-1.3121145921171837,-0.8675525634970519,-1.2266590327495008,-1.477940219937262,0
2018-12-12,1.6830974177832279,0.1358361670364527,0.5645305515309106,-0.20135298470235957,-0.06336521710600924,1.3855229317116555,1.4566236256186007,0.5887505732537619,1.2436865031292073,0.9955474038618085,0.18019530271241335,0.38842113330503125,-0.2847627581424249,-1.0574478073252633,-1.3930775878024666,-1.2067161329843117,-0.7484600507431951,-1.1186282457594237,-1.3776497657461297,-1.1707510596314767,0
2018-12-13,0.3101816921421036,0.7429349388966711,-0.03019995376507759,0.10909427680935462,1.5717004439614353,1.6434743165560528,0.7673842748715061,1.4285211134238778,1.17803264252554,0.35496081844121774,0.56515812334267,-0.11439944779348099,-0.8944002498728207,-1.2332077604501146,-1.045081842408135,-0.582487008867844,-0.9561599423900738,-1.2176338683565553,-1.0087762530975601,-1.5890963139687322,0
2018-12-14,0.7922002478352352,0.07148744201548853,0.20133688576026015,1.5647716557372313,1.6316789310305835,0.8149918068479033,1.4313005396014047,1.1977963343195692,0.4305325497492911,0.6264775146307986,-0.007002940666493336,-0.7341161157980172,-1.049950925348899,-0.8745808062062232,-0.4433520211610687,-0.7916882182902897,-1.0354330144709667,-0.8407369021380988,-1.3817086048949332,-1.6040043585527306,1
2018-12-15,0.18446012513279222,0.3090866386246116,1.6176800130386046,1.6818960790191226,0.8980585363600602,1.4895775015749038,1.2654655288878818,0.5290633723450869,0.7171268488237263,0.10912685874220787,-0.5887396651123249,-0.8918706606601134,-0.7235544485217255,-0.309670965869881,-0.6439960466653226,-0.8779367032728334,-0.6910718467844978,-1.2102840610842744,-1.4236384193583207,-1.440778685219662,1
2018-12-16,0.37174107118702976,1.625694553964798,1.6872292989520385,0.9361206384871681,1.5029409212907665,1.288186671286303,0.5825327477858764,0.7627436948413662,0.1801305470153777,-0.48859678663269673,-0.7790706458445098,-0.6177824225158465,-0.22118051035357233,-0.5415459559077646,-0.7657184963255799,-0.5866561212717186,-1.0841887980770857,-1.288634614366934,-1.3050591939902192,-1.2588865995247591,1
2018-12-17,1.6649497639948527,1.726476864886223,0.9754615101888611,1.542211380275485,1.327483807915918,0.6219175436110151,0.8021061041309563,0.21956533087575866,-0.44907893074771515,-0.7395167061173341,-0.5782485186666467,-0.181695874004213,-0.5020215224619876,-0.7261662152566307,-0.5471260840580406,-1.044596955334177,-1.2490173745346203,-1.2654399138299361,-1.219273055111634,-0.37799115575609954,1
2018-12-18,1.9542433197357036,1.1420594445770758,1.7549698236439502,1.5227531709063034,0.7597201128734546,0.9545846285281501,0.32459721255718343,-0.39850662827809635,-0.7125999106813633,-0.5381967901535701,-0.10934581975480327,-0.4557612756438167,-0.6981620522079032,-0.5045395028735057,-1.0425282636684259,-1.2635982686814013,-1.2813583870616565,-1.2314313409856925,-0.3216289130516732,0.14472944022008155,1
2018-12-19,1.3636656752028933,2.0460723705116406,1.7875252745534789,0.9379738795579132,1.1549335766074411,0.4535135235266667,-0.35158118402375915,-0.7012886880634389,-0.5071104505989384,-0.029633182331237844,-0.415327787172155,-0.685213758310725,-0.4696368509173447,-1.0686267602189994,-1.3147633190132377,-1.334537211096145,-1.2789490669190196,-0.2659865043082337,0.2532510115751185,0.42571945143810386,1
2018-12-20,1.9648446793493735,1.714079574741787,0.8900987690550054,1.1005282110281578,0.4202201521315228,-0.360642064903653,-0.6998237467074159,-0.5114900667260259,-0.04838435408530082,-0.4224699634056441,-0.6842326551654276,-0.47514438235717765,-1.0561053353636827,-1.2948334467162717,-1.3140121657743722,-1.2600971653453044,-0.27762369359620687,0.225985327824564,0.39326265191698895,1.6958396740991155,0
2018-12-21,1.9233050547235977,1.0266461587512428,1.2556362393666032,0.5153225466187256,-0.3344145450720236,-0.7035132792187715,-0.4985678868005935,0.00538542637011477,-0.40169588806990875,-0.6865469969552047,-0.45901638148079676,-1.091220193912658,-1.3510049890021048,-1.3718753405177169,-1.3132048418514488,-0.24407365284709706,0.3039555075803599,0.48598729728559154,1.9034563288066493,1.0354394362254777,1
2018-12-22,1.0932026897127503,1.331710519437224,0.5606264109111577,-0.3244291732910866,-0.708869135925373,-0.49540538838516024,0.029494252174820712,-0.3945069996154863,-0.691197666705825,-0.454209963365829,-1.1126907099617454,-1.3832732063986883,-1.4050110136967118,-1.343901933040728,-0.23033335009194636,0.3404741072792461,0.530071870583166,2.0064566183470456,1.102361451179225,1.5494306208539725,0
2018-12-23,1.2795022425483176,0.5273957092240991,-0.33587728508776427,-0.7108555843045105,-0.5026455104907037,0.009335536245328447,-0.4042303874756333,-0.6936190373357688,-0.46246396873991863,-1.104738483422458,-1.368661525180389,-1.3898643313440873,-1.330259239890892,-0.24409730595958387,0.3126616950522319,0.49759316349750127,1.9376417940106867,1.055797810384116,1.4918639147717991,1.4355207934976346,0
2018-12-24,0.4886409821309326,-0.346934989677259,-0.7098825842846556,-0.5083526674292036,-0.012797885230966668,-0.41309506920039485,-0.6931990501315869,-0.46946029964011626,-1.091128248608322,-1.3465836532746585,-1.3671061942113354,-1.3094134567529832,-0.258099655133178,0.2807964372949653,0.4597946134017565,1.8536411043964938,1.0000899699846744,1.4221654447732681,1.3676300213051744,1.6532951802873899,0
2018-12-25,-0.3556466809816375,-0.7162410185523213,-0.5160177688355818,-0.023676033908111762,-0.42137779589665764,-0.6996656560601928,-0.47737756896146055,-1.0950147859530823,-1.3488138847572801,-1.3692033629196392,-1.311884690043635,-0.26738733145365984,0.26801470001249983,0.4458522988796547,1.8306614547004836,0.9826445220387037,1.4019833701191233,1.3478015400373289,1.631614521031574,0.6937341715038675,0
2018-12-26,-0.7664143714661001,-0.5687056370682771,-0.08254700443471377,-0.4752542057301582,-0.75004717162722,-0.5305507023901155,-1.1404312864939208,-1.391043034564509,-1.4111764502802915,-1.354577617289069,-0.32319763948508085,0.2054805144503462,0.38108472949587496,1.7485026790456364,0.9111356163210157,1.3252081731050611,1.271706788685498,1.551955487862187,0.6258535632153798,0.7730175686484053,0
2018-12-27,-0.6196924589258732,-0.1258449462721929,-0.5247630391390568,-0.8039020147607823,-0.5809340818829704,-1.2004602802431157,-1.4550355980894953,-1.4754874354220973,-1.4179934591444316,-0.37030161033338677,0.16673789444928597,0.3451193917436103,1.7341638472231087,0.8835533399807798,1.3041746937932541,1.249827154028297,1.534508148507634,0.5937593861682913,0.7432508754822978,0.01932019283683834,1
2018-12-28,-0.2036188684635198,-0.5981134098439519,-0.8741570492234461,-0.6536615791106597,-1.2663179310420691,-1.5180702958918195,-1.538295345427501,-1.481438912467052,-0.445364783980057,0.08571955872264744,0.2621230065085189,1.6357645264590768,0.7945863298613847,1.2105434675148212,1.156798580636785,1.4383227841387114,0.5080058639755368,0.6558396613683485,-0.06006344693402726,0.8913978431982696,0
2018-12-29,-0.631290039315401,-0.905909261727184,-0.6865515736319007,-1.2960465482353314,-1.546499841891268,-1.5666205278422782,-1.5100574806233533,-0.47932961395112333,0.049014272384856276,0.2245074580659614,1.591060829588364,0.7542232093531475,1.1680339602756817,1.1145664032030664,1.3946379093952814,0.46912153167317877,0.6161924896472636,-0.09601647617461427,0.8505351641326361,0.4864281356729994,0
2018-12-30,-0.9713129794427245,-0.7516141490160554,-1.3620570025764975,-1.6128997980604436,-1.6330517754504454,-1.576400762088341,-0.5440699203368505,-0.014904360200772212,0.16086175028650415,1.52954036851064,0.6914013088809929,1.1058556131047497,1.052304903956492,1.3328119738501973,0.40585624463978587,0.5531559255272005,-0.160160658765423,0.7878630468072638,0.4231897636535645,0.5836305067201225,0
2018-12-31,-0.8282815281568393,-1.4543179274123792,-1.7115684129378268,-1.7322351654266683,-1.674137022066427,-0.6154356559334652,-0.07275274967051151,0.1075032436281484,1.51114427061946,0.6515952466517061,1.0766366387474042,1.021717995770062,1.3093905190500645,0.35875603524949207,0.5098184341233558,-0.2217195687465542,0.7505210653832624,0.3765323328447902,0.5410714776598029,0.09576077062312442,1
2019-01-01,-1.540350361012169,-1.8012624122084282,-1.822223324186554,-1.7632982429613315,-0.6895278884454878,-0.13912072426461433,0.04370093632782071,1.4673206381429185,0.5955372535981132,1.0266284572881128,0.9709281317518333,1.2626952316991111,0.29852992565630254,0.45174246583208527,-0.29020785728177445,0.6958711294654393,0.31655924155357246,0.48344034845634865,0.031791327249339744,0.40124572333932523,1
2019-01-02,-2.023144017971901,-2.0452696353498365,-1.9830703473363382,-0.8496353116575228,-0.26864444974039126,-0.0756641960716452,1.4270597716126863,0.5068352306667105,0.96188027058636,0.9030849237079294,1.211064234132976,0.19332451589717872,0.35505040096212903,-0.42812682814813674,0.6127442173464119,0.212355641334145,0.38850959507386656,-0.08823556958183616,0.30174777727891866,0.6881337772582946,0
2019-01-03,-2.4367025427561,-2.366541929202643,-1.0880305496358456,-0.4326745698019342,-0.21499341245230835,1.480074793976962,0.44206422405361,0.9553536878862422,0.8890327099003877,1.2364324643236635,0.08842506183297949,0.27085138351644245,-0.6125702225885667,0.5615292488728683,0.10989211523366454,0.3085932558570756,-0.22917388471902084,0.21072618110558064,0.6465684502507831,0.18114353434609956,1
2019-01-04,-3.0153689888840653,-1.4745351653046177,-0.6847145376968341,-0.4223699896851678,1.620488969165352,0.3695014371554207,0.9881066211219964,0.9081780356383867,1.3268565867045101,-0.0566967110976491,0.1631594835779953,-0.9015208258211281,0.5134780602173463,-0.03082509000690105,0.20864515886965343,-0.43945998329186087,0.09069791068561561,0.6159654372617908,0.05504555479226716,0.16536803659793517,1
2019-01-05,-2.2572822042889853,-1.163696635547283,-0.8004543983667008,2.0280879291996383,0.29597070680515863,1.152491387942135,1.04182227579251,1.621524559302592,-0.29414321028216006,0.010269656755729844,-1.463886602253145,0.4953207259273155,-0.25832136608635936,0.07324911860403435,-0.8241172019513249,-0.0900606304430777,0.6372247388086442,-0.1394248791519257,0.013327619065124635,-0.07790158983190111,1
2019-01-06,-1.483127270392831,-1.0860997789785423,2.0055260005271176,0.11230410821484245,1.0484899989740528,0.9275275241394741,1.561148066661136,-0.5326964566103383,-0.19997007023969046,-1.8112379833816301,0.3301957240681858,-0.49354281344019724,-0.13113287238975133,-1.1119634660319888,-0.30963210334630487,0.48529826581331353,-0.36358773356857316,-0.19662768606663272,-0.2963421472296103,1.5454706932779716,0
2019-01-07,-1.2570334178312927,1.9360677672494109,-0.01929471809306556,0.9476192910523276,0.8226865051035872,1.4771041641324565,-0.6854659221157992,-0.341818568134421,-2.0059725925450653,0.2057486818593401,-0.6450271519271268,-0.27072194981490977,-1.2837460200900699,-0.4550800017116373,0.3659421027896658,-0.5108065996545647,-0.3383664779963668,-0.4413538337817421,1.4609122175325224,1.0386065239768403,0
2019-01-08,1.8506167364540227,-0.13874974051765576,0.8449790209407232,0.7178736386373638,1.3836717004132573,-0.8165057428655126,-0.4668823195692251,-2.1599761850272197,0.09020719155247812,-0.7753637375410031,-0.3945493224031708,-1.425190004566936,-0.5821133832626685,0.25318639557171996,-0.6388090735269324,-0.46337019716347755,-0.5681485156017064,1.367198173891047,0.9375485329208696,0.9843768316642123,0
2019-01-09,-0.10376608504780273,0.945354472300282,0.8097999630203542,1.5198558859721945,-0.8265748335437442,-0.453710752425724,-2.2593503243933135,0.1404103928524923,-0.7826979792241874,-0.37656953497366213,-1.4757204079178272,-0.5766016167597672,0.31422337876471573,-0.6370660623464743,-0.44996516730088726,-0.5617084568586164,1.5022873081247317,1.0440773945192847,1.0940185295171527,1.1337038957208188,0
2019-01-10,0.9519472036170027,0.8281542823823048,1.4766011500603806,-0.6662380279699994,-0.32572605186323417,-1.9746966283362357,0.2168452910746383,-0.6261682139913988,-0.25527810655533256,-1.2590595238037998,-0.43795410808785146,0.37557713547360305,-0.49317226637543615,-0.3223054579870153,-0.42435317529430167,1.4605569359266746,1.0421042850688542,1.0877122034184796,1.1239542099641668,-1.7785011367215036,0
2019-01-11,0.9236122042198235,1.5466783396474562,-0.5122883884656403,-0.18510432513695899,-1.7695328662074579,0.3362303387940744,-0.47378693925308063,-0.11741376910268615,-1.0819063738685217,-0.2929396849233558,0.4887492910608973,-0.3459965600577376,-0.18181761605784108,-0.27987110358494593,1.5312621089668192,1.129188031621028,1.1730108193426394,1.2078342845857084,-1.5810166240264507,-1.5148911675536627,0
2019-01-12,1.6097603007747103,-0.36452783019454266,-0.050799782017638635,-1.5700659363916454,0.44909408474976414,-0.32760982022012564,0.014106881860143701,-0.9107192826412447,-0.1542002245882619,0.5953404291402863,-0.20507504321154466,-0.04764824458080107,-0.14166911144653868,1.5949780894638173,1.209440009690337,1.251460508848209,1.2848517983575916,-1.389302753407154,-1.3258968216421514,-1.521517252543173,0
2019-01-13,-0.1592341714723518,0.1393455217335706,-1.3065628849491036,0.615102019255176,-0.12409874715823685,0.20111816813948055,-0.6790527763147071,0.040937768268427537,0.7542868606946238,-0.00748056035956084,0.14234488722379715,0.0528638167652921,1.705657028809732,1.338734650505016,1.378726190374739,1.4105051818783607,-1.1345278500452374,-1.0741834729203876,-1.26035837370676,-2.034123256721864,1
2019-01-14,0.17483553671957364,-1.2420009466845945,0.6410263132513334,-0.08331183263282503,0.2353661614118516,-0.6271077684521454,0.07840640281672533,0.7774126572111639,0.03096158947410405,0.17777459595318457,0.09009266215038,1.7096542550730862,1.350109342161019,1.3892967986092,1.4204368309653463,-1.0734249063566121,-1.0142938336803393,-1.1967254389667827,-1.9549327436382993,-0.8835756753853315,0
2019-01-15,-1.1127907829464787,0.6893925571560641,-0.003847613545242181,0.3011485933307833,-0.5242967843036078,0.150927580589694,0.819923432694353,0.10551971316282716,0.24602960381410133,0.16211211430693126,1.7121411463532072,1.3680325580947479,1.405537581338176,1.4353406801655455,-0.9514522097439425,-0.8948598085998415,-1.0694590864491587,-1.795114312953715,-0.769753766780688,-1.2745311956837657,1
2019-01-16,0.6893784986988386,-0.003908151486649063,0.3011085043866677,-0.5243922166582669,0.1508774198184101,0.8199181259050503,0.10546650794267118,0.24598581932216604,0.16206270342202145,1.7121956598410046,1.3680640002281137,1.4055715380605807,1.4353766350881683,-0.9515762814716194,-0.8949800859922722,-1.069591070151633,-1.7952949494637542,-0.769865656222539,-1.2746769287998778,-1.1117200724670293,1
2019-01-17,0.07768006858426647,0.38043588383758514,-0.43894607114641915,0.23131834022467573,0.8953999912052201,0.18624402253873892,0.32572177844595535,0.24242071640985502,1.7810637968276886,1.4394829055735043,1.4767124305058397,1.5062966065681442,-0.8629637676079168,-0.8067870737368037,-0.9801038085557308,-1.7004286347019146,-0.6826000155696521,-1.183669532382185,-1.0219205428100866,-0.8653570942107107,0
2019-01-18,0.42459332703533903,-0.3761522784778868,0.2788673722145559,0.9278448856808117,0.23481824275914143,0.371123661044476,0.289717231534695,1.7933648010274417,1.4595529615850917,1.4959357233771728,1.5248470251583823,-0.7905259476027009,-0.7356269588271503,-0.9050017088127857,-1.6089431802720824,-0.6142644605635618,-1.1039374527544916,-0.9458673466113915,-0.7928648394321927,-0.9274810580628936,0
2019-01-19,-0.33153429532616113,0.3235038730281377,0.9724997333426658,0.27945349828659566,0.41576276997944606,0.3343540390780457,1.8380441172760096,1.5042228408423268,1.5406066311893216,1.5695187503043464,-0.7459196789567597,-0.6910191381653126,-0.8603986764414121,-1.5643600486015827,-0.5696532089364049,-1.0593400443744494,-0.9012654695275906,-0.7482586369076388,-0.8828786611915201,-0.423338394898131,0
2019-01-20,0.3571114477078886,0.9842924892899362,0.3145417464172047,0.446269229172149,0.36759690510544657,1.8207431686328197,1.498142688940301,1.5333035041656429,1.561243794835783,-0.6763653712370018,-0.6233102125487627,-0.7869963648567397,-1.4672953522970758,-0.5060237789042253,-0.9792506795353115,-0.8264894948152046,-0.6786257093586318,-0.8087207256923981,-0.36462707196231203,-1.1655402130595796,0
2019-01-21,1.0308047575175134,0.384541108635742,0.5116491179498843,0.43573570723939004,1.8379224410651809,1.5266350474254935,1.5605628287486195,1.5875232978357485,-0.5716164714385142,-0.520421872834869,-0.6783678119587798,-1.334809795237491,-0.40724848799272334,-0.8638800734077351,-0.7164759806235058,-0.5737975430950017,-0.699330333990569,-0.27081033881472133,-1.0436367290965125,-1.194978867927174,1
2019-01-22,0.48999206535298856,0.6178333031096281,0.5414819823712744,1.9517572953549085,1.6386742259585239,1.6727977212605813,1.6999137130631115,-0.4716811540346568,-0.42019123701637373,-0.5790482946100607,-1.2392769938918495,-0.3063650062587921,-0.7656306921366739,-0.6173762920118365,-0.47387480730407566,-0.6001317399216898,-0.16913980729408676,-0.9464242824245406,-1.098639445396936,-0.9246705541694803,0
2019-01-23,0.6821454762388727,0.607151878452783,1.9923488674083263,1.6848332206206666,1.7183499123686399,1.7449837120612277,-0.3879946102857158,-0.3374203164874351,-0.49345248682130394,-1.1419406209093337,-0.22561820901383522,-0.6767169692004052,-0.53109891380251,-0.39014925475522916,-0.5141610142227308,-0.09083322719876952,-0.8542955842293996,-1.0038039699194683,-0.832928693240068,-0.949399197064277,1
2019-01-24,0.6815028269365307,2.061610751495882,1.7552248840405604,1.788618439076562,1.8151543890605297,-0.3099876008913436,-0.2595991115959484,-0.4150580365581929,-1.0611636951565604,-0.14820775301156766,-0.5976492249871931,-0.45256615462541666,-0.312134329429373,-0.43569048306258024,-0.013917956688215806,-0.7745754353297242,-0.9235345433296058,-0.7532870439942745,-0.8693296477443826,-0.7754102742056262,0
2019-01-25,2.1326558271410834,1.8265754510527115,1.8599357100269205,1.8864452015332134,-0.2365778508290632,-0.18623960291262331,-0.3415435228157714,-0.9870049620757001,-0.0749593104772231,-0.5239526531354685,-0.3790142422707314,-0.2387224389059774,-0.362155397110551,0.05919658811191888,-0.7007024538077505,-0.8495130375891348,-0.6794352887116938,-0.7953621886470718,-0.7015364602821078,-0.7080893682948983,0
2019-01-26,2.2329956011290353,2.270851520112954,2.300933455734106,-0.10819018846038772,-0.05106831070786785,-0.22730113354907594,-0.9597455660325885,0.07520821904563636,-0.4342918905647227,-0.2698214425506565,-0.11062378325221196,-0.25069068349271206,0.22744309324525458,-0.6348606613241641,-0.8037250999345756,-0.6107275129719175,-0.7422768314410373,-0.6358070592987642,-0.6432430433848907,-0.6250586823015434,0
2019-01-27,2.782222154719844,2.8168066567471497,0.047093211243687275,0.1127649061045205,-0.08984587318801676,-0.9319202090662957,0.2579420966371134,-0.3278183343287007,-0.1387304839187443,0.04429536388866848,-0.11673629498902152,0.4329629922898939,-0.5584075871714154,-0.7525471064168178,-0.530662267567491,-0.6819014607026206,-0.5594956389205915,-0.5680446169498119,-0.5471384797692617,-0.6908390286422614,0
2019-01-28,3.6551266988742332,0.31902128219260983,0.39812249654515236,0.15407886835925827,-0.8601952825399365,0.5729876662617854,-0.13255772140108865,0.09519760939150676,0.31565128962847655,0.12168949538176646,0.7837994233291575,-0.41030127522830245,-0.644141314817244,-0.3768821823006623,-0.5590490025729123,-0.4116118278921347,-0.42190902739364844,-0.3967276940672167,-0.569814256597224,-1.6324852451535339,0
2019-01-29,0.909828796019092,1.0310178740452305,0.6571244700048204,-0.8968206902475395,1.2989246169479942,0.2179754085657098,0.566913901864652,0.9046657110380948,0.6075014865763645,1.6219042663147039,-0.20754884528465267,-0.5658095753548312,-0.1563482525564528,-0.43544167958470276,-0.20955671166615555,-0.22533280466364008,-0.18675308633342394,-0.4519348677184392,-2.080027665058977,-2.4002823529079387,1
2019-01-30,1.109059000802128,0.7544071660889248,-0.7195677587739875,1.363178535610061,0.3378579072121114,0.6688390786188035,0.9892092630260123,0.7073379160656141,1.669536775646172,-0.06576771365251158,-0.4055913742254276,-0.0172020423856897,-0.28193256419309376,-0.06767224978062684,-0.08263646221578202,-0.04604216089708059,-0.2975769681025767,-1.841883691410719,-2.1456572038443933,-1.627895453587982,1
2019-01-31,0.8615791889292895,-0.5330992671806152,1.437600055665958,0.4674393243599714,0.7806144682192644,1.0837494718315188,0.8170421565514372,1.7274769253622655,0.08552783573255836,-0.23601409166592183,0.1314807853247313,-0.11900784186399696,0.08372575927795897,0.06956658713471243,0.10419219901229164,-0.13381061274102984,-1.5950371779241939,-1.8824683724321216,-1.3925610162757514,-1.7579963773182976,1
2019-02-01,-0.4125033339863916,1.5159888009017692,0.5666063567050285,0.8730741139998004,1.1697167644022535,0.9087216172116446,1.7996572716900203,0.19287440607060094,-0.12178094030109192,0.23784316453924992,-0.007280656133013901,0.19111092534633595,0.17725500537000155,0.21113902785758643,-0.02176639065372948,-1.4516973322115574,-1.7329725077311682,-1.253557676549959,-1.61116637484829,-1.2312622416789465,0
2019-02-02,1.5177921003091308,0.579708673558058,0.8825290234698777,1.175641199401779,0.9177522700892947,1.7980845080367949,0.2104246710145547,-0.10048582388051905,0.25485823653798634,0.01265174211612315,0.2086821782489257,0.19499116366187397,0.2284719175156676,-0.0016615913157968997,-1.4145742966996535,-1.692501892816826,-1.2187927881047973,-1.5721454282197331,-1.1967627009965396,-0.7846631619262464,0
2019-02-03,0.7400799166246687,1.0469409367850058,1.343964242365595,1.0826341832730335,1.974713096381965,0.3658683889568948,0.05080927331344616,0.4108948518410829,0.16545648553117426,0.3641026453143733,0.35022894526602405,0.38415644811153615,0.15095216275335224,-1.2808136822364096,-1.562449793217922,-1.0824197715449986,-1.4404873573383317,-1.0600957269217441,-0.6424973554663952,-1.3620378897922016,0
2019-02-04,1.1207773347635483,1.408971976175144,1.155409641990504,2.020972571376593,0.45994885764141064,0.15425449915046593,0.5036369625178151,0.265493959466022,0.45823559862664553,0.44477427779638085,0.47769332600857695,0.2514207604161976,-1.1377875492672296,-1.4110523621216238,-0.945290661394429,-1.2927151144591957,-0.9236301724220924,-0.5184444154310912,-1.2165974639462354,-1.2760720268872292,0
2019-02-05,1.5286762822699018,1.2744031165675163,2.1423925475583423,0.5769926915256874,0.27044135565475796,0.6208032707514332,0.38199266242283847,0.5752746295952619,0.5617755715705223,0.5947869043764797,0.36788001085151756,-1.0252227773017202,-1.299253655203955,-0.8321862475479282,-1.1805846632955521,-0.8104650359990276,-0.4041433894543316,-1.1042536261011062,-1.1638949188285983,-1.0754147294118885,1
2019-02-06,1.433428892190502,2.299335658480815,0.737691842448124,0.4318760496878805,0.7813973020219422,0.5431596988548347,0.7359779028569897,0.7225112346409673,0.755443359641971,0.5290809093562636,-0.8606792505373638,-1.1340526153226405,-0.6681058950482273,-1.015668359278142,-0.6464368016460805,-0.24109008834377088,-0.9395204717293512,-0.9990186603928749,-0.9107507714496657,-1.5545799364321011,1
2019-02-07,2.4310909178899647,0.8862223844913212,0.5836916854924331,0.9294583570864349,0.6937799182346187,0.8845268561542537,0.8712048477916137,0.9037832136966186,0.679852364037311,-0.6949788989872584,-0.9654156687488734,-0.5044741794014893,-0.8483031043245632,-0.48303785685433054,-0.08204540513882956,-0.7729732024921709,-0.8318322576216599,-0.7445125482628931,-1.3814256571640764,-1.5546117658784138,1
2019-02-08,1.0049810374284591,0.6758074149940158,1.0520246656146426,0.7955907707958166,1.0031361892642905,0.9886409536887157,1.0240883934144431,0.7804366608758951,-0.7154716505235432,-1.0097249327077342,-0.5081897817928068,-0.8822986345115337,-0.4848656300030167,-0.048559039178178734,-0.8003346660750917,-0.8643772523453653,-0.769367571890908,-1.4623716072723094,-1.6508096697547991,1.8716643499790322,1
2019-02-09,0.5913028307920469,0.9446574962400842,0.7038069957280392,0.8987399547755573,0.8851255893817636,0.918418901117499,0.6895737955436161,-0.7154287130960189,-0.9918003305900547,-0.5207432879647513,-0.872117682082784,-0.4988365363765543,-0.08904413802332578,-0.7951346341287768,-0.8552853757777269,-0.766049398969307,-1.4169398317508313,-1.5939265818701673,1.7144879757801275,1.769192971271553,0
2019-02-10,0.8051477823040514,0.5832739430483866,0.7628480935250933,0.7503064068251339,0.7809765315732197,0.5701621796802451,-0.7241398877556753,-0.9787361277648721,-0.5447937679462403,-0.868483300138855,-0.5246130538926678,-0.1471082842238562,-0.7975657626172575,-0.8529772147643571,-0.7707721592127975,-1.3703787988045457,-1.5334207259040338,1.5143231575200011,1.5647179349871105,1.7812330535618854,0
2019-02-11,0.5442707007463236,0.7193399039885285,0.7071128485239946,0.7370135568872671,0.5314878700333996,-0.7303442539066076,-0.9785534798366664,-0.5554973607637576,-0.8710665467984355,-0.5358229169708242,-0.16778854748832064,-0.8019281058989715,-0.8559494600422818,-0.7758066692247386,-1.3603710754791887,-1.5193227965181453,1.451962836413531,1.5010933683710217,1.7121768077087687,1.2479933202551483,0
2019-02-12,0.6590096465919738,0.647182963753365,0.6761045790586933,0.47730879207151244,-0.7432048768730242,-0.9832865384968034,-0.574083312280903,-0.8793192448155687,-0.5550531044405946,-0.19906995099843675,-0.8124447291281539,-0.8646971642151042,-0.7871786339729429,-1.3526015889570282,-1.5063484658589583,1.367642979221773,1.415164741173274,1.6193362930870956,1.1703524064140503,1.2251852086657906,0
2019-02-13,0.6219319578160312,0.6504645958793756,0.45434248517631454,-0.7497560549540907,-0.986608771665788,-0.5829090673197417,-0.8840397716388226,-0.5641348036126347,-0.21293939607459836,-0.8180646754477423,-0.869614348677428,-0.7931383931247478,-1.350956770727445,-1.5026358503950368,1.332702246524089,1.3795848711486127,1.5810104461757153,1.1380651058317584,1.1921604419369867,0.9645357531491205,0
2019-02-14,0.6373082285665412,0.4424343403561264,-0.7540006942380332,-0.9893459578258371,-0.5882156070801213,-0.8874297599353719,-0.5695608324921048,-0.22060061406880682,-0.8218745633605307,-0.8730961478225441,-0.7971069247832212,-1.3513750578814157,-1.502088773479519,1.315203766137864,1.3617880055045457,1.5619316040505586,1.1218053968214152,1.1755564422445182,0.9493804746406534,0.789286674645187,1
2019-02-15,0.4297448824926062,-0.7583422322148664,-0.9920454146621689,-0.5937138820179975,-0.8908403195316074,-0.575189267914472,-0.22866385945812445,-0.8257425230774074,-0.8766067177345468,-0.8011476964427839,-1.3515485188746563,-1.5012106554172664,1.2964247095620767,1.3426839154025152,1.5414310463776313,1.1043757441385165,1.1577517508774924,0.9331538872268369,0.774177114214094,0.8153080370541237,1
2019-02-16,-0.7702698917560785,-1.0003734601132341,-0.608177230302515,-0.9007271768166054,-0.5899379416329152,-0.24874989199988903,-0.8366320494013985,-0.8867128081213183,-0.8124160446705746,-1.3543393164978421,-1.501696281455629,1.2528484949685337,1.2983951932282087,1.4940811208190037,1.063757564410813,1.1163114470181386,0.8951729527528192,0.7386448200459129,0.7791422237021416,0.8716782758224849,1
2019-02-17,-1.0799665825669904,-0.6967133295529793,-0.9825924638952741,-0.6788899386482291,-0.34548176189326396,-0.919958852919256,-0.9688976550645042,-0.8962950288366787,-1.4258612026676543,-1.5698580896382384,1.1218767254741,1.1663848541740942,1.35760869218608,0.9370975033824749,0.988453036497861,0.7723570089182314,0.6193980779333954,0.658972047569365,0.7493980647019407,1.1929688948455897,1
2019-02-18,-0.7500262226635197,-0.9800531158444307,-0.7356849898022936,-0.4674148089914438,-0.9296562410439612,-0.9690338634764818,-0.9106156211434637,-1.336720387342273,-1.4525845850346677,0.7132656726683856,0.7490782428642131,0.9029426564431343,0.5645867896155564,0.605908985995364,0.4320316655423037,0.3089563394620619,0.3407987378488511,0.41355821304309537,0.7704685562843498,2.7301939755751974,1
2019-02-19,-0.9923804897391129,-0.7845376827995041,-0.5563654235896066,-0.9495163564776928,-0.9830082676755221,-0.9333217080589905,-1.295737265650307,-1.3942834241130544,0.447840605165035,0.4783003268716993,0.6091668687743266,0.3213845207040962,0.35653035344256057,0.20864220235091488,0.10396275150831925,0.13104571673619167,0.19292994771489524,0.4964934638186701,2.163301809789605,2.379552051227436,1
2019-02-20,-0.854502377168777,-0.6537682373199826,-0.9996420723659997,-1.0291065217669408,-0.9853948591783026,-1.3042293023872453,-1.3909251102953633,0.22968023319545902,0.25647711927614736,0.3716067271205642,0.11843071745322292,0.1493502013924836,0.019245863091211467,-0.07284569789650183,-0.04901950733154483,0.005423034977188821,0.2724824991976479,1.7388541816267542,1.9290999475118393,2.2487831608681335,1
2019-02-21,-0.7453447506969145,-1.0695831300910057,-1.097204488966647,-1.0562271232272706,-1.3551175066161467,-1.4363902292337731,0.08284134299821741,0.10796200271639035,0.21588990498972774,-0.021449178682443767,0.007536197915452657,-0.11442972008274616,-0.2007606750870632,-0.1784248848851573,-0.12738788844415888,0.12296619766118458,1.497611891334264,1.6759572085189558,1.9756432689124792,1.71591156096664,1
2019-02-22,-1.123384441200843,-1.1490868827804501,-1.1109563058691405,-1.3890821088879712,-1.4647086345234404,-0.0510214619628099,-0.02764599040275813,0.0727839202138543,-0.14806668891461883,-0.12109499096070869,-0.23458766509617365,-0.31492101645301035,-0.2941369433238231,-0.24664560065203955,-0.013684170285439208,1.265461826599223,1.431417097539153,1.710283300109659,1.468595732169735,1.7404810246815838,0
2019-02-23,-1.208470909947678,-1.1737855840635927,-1.426781601850561,-1.4955749666414657,-0.20962011753261653,-0.18835671386997535,-0.0970010497175781,-0.29789691780626065,-0.2733622212724401,-0.3766003757069016,-0.4496752855791976,-0.4307691370737262,-0.38756882827496275,-0.1756564003701146,0.9879136095582709,1.1388741541134157,1.3925436733738608,1.1726935495316002,1.420012912042117,2.079082211087837,0
2019-02-24,-1.3037750416743132,-1.565918277642131,-1.637198906551426,-0.304749611884051,-0.2827174174939074,-0.18805873616610924,-0.39621811121870654,-0.3707963484608446,-0.47776713841842894,-0.5534841141619382,-0.5338944028602939,-0.4891321617690027,-0.26955791677218993,0.9360816436677388,1.0925002545190439,1.355341342797861,1.1275424098499753,1.383803747767936,2.066702080675158,0.41129670579567534,1
2019-02-25,-1.7276657393261545,-1.8014216748726508,-0.4227014559262382,-0.39990416675732343,-0.3019583474546686,-0.5173463102813582,-0.4910417458556832,-0.6017272267527316,-0.6800735666793938,-0.6598035787984347,-0.6134869143783277,-0.386287686348738,0.8612191759331376,1.023069613516986,1.2950381786475245,1.0593286503625694,1.3244889752888176,2.0311017843706236,0.3182104420635541,0.6909615932485343,0
2019-02-26,-2.0738805048337947,-0.5808076360367713,-0.556119513332487,-0.4500499544740238,-0.6833024440964245,-0.6548161486683995,-0.7746820113910218,-0.8595264873815452,-0.837575283257599,-0.787417061111786,-0.5413736662873909,0.8096028582569037,0.9848773583610925,1.279403310894357,1.0241437616667775,1.3112967906774966,2.0765168835479137,0.22155635185253908,0.6252239147119932,0.4669294809021578,1
2019-02-27,-0.8008953325065449,-0.7729254094668049,-0.6527559889861003,-0.9170148093796857,-0.8847418212569037,-1.0205414928480512,-1.1166643731588404,-1.0917951881936407,-1.034969416950001,-0.7562193920855992,0.774342889729442,0.9729166872378398,1.3065940722798342,1.0174027865521795,1.342727162903574,2.209668216397848,0.10812716628507964,0.5654543920955276,0.38611782672306383,0.3651720246276915,1
2019-02-28,-0.8443384293257057,-0.7224472923794075,-0.9904922570385637,-0.9577568806074864,-1.0955022096684413,-1.1930022818229569,-1.1677767858672472,-1.1101368485435112,-0.8273930579966766,0.7250982160002044,0.9265170615702308,1.264975179062502,0.9716405314350247,1.301625963262784,2.1809880360191083,0.04933734724264035,0.5132168873747551,0.33131089363815636,0.310064992464263,0.3340709351803832,1
2019-03-01,-0.7960060386294968,-1.0685364218975952,-1.0352532572743338,-1.1753035931204394,-1.274435214812068,-1.2487875997200284,-1.1901831255402506,-0.9027079487452382,0.6757624487895935,0.8805518028832935,1.2246736206449496,0.9264303611777056,1.261937712801579,2.156014880132258,-0.01130648680583989,0.4603355342378708,0.2753855567039201,0.25378413025235436,0.2781917843094095,0.3094518546124309,0
2019-03-02,-1.1421281873525286,-1.1083499535172063,-1.2504834629497485,-1.3510896143141624,-1.3250605047116524,-1.2655843204290693,-0.9738331046553741,0.6281161929424318,0.8359516787762241,1.1851921239010117,0.8825126560041241,1.2230104994303603,2.130386584810518,-0.06917252434825083,0.4094849186475463,0.2217839094528494,0.19986117337541667,0.22463187818798314,0.2563569252607637,0.2884131314887937,0
2019-03-03,-1.216272403567424,-1.3635026886256902,-1.4677164831287222,-1.4407539938333371,-1.379145048827595,-1.0769319054531008,0.5824618059654812,0.7977500792706258,1.1595139623611368,0.8459806898931594,1.1986884697088864,2.1386022186829017,-0.13983103704170743,0.3559906172528349,0.1615588242168977,0.13884995918694187,0.16450891846550117,0.19737159625809617,0.23057730826564643,0.11229911094949824,1
2019-03-04,-1.4476921231502493,-1.5554129039296658,-1.5275430771710687,-1.4638608776056206,-1.1514777049042844,0.5637576635695373,0.7862907841000236,1.1602286886753106,0.8361444436707456,1.2007214904034522,2.172265069519973,-0.18284166496614046,0.32966530191525495,0.1286905206585981,0.10521746046242554,0.13173989101640793,0.16570845849062774,0.20003160391343153,0.0777731272421242,-0.5294061519108443,1
2019-03-05,-1.7426712008737606,-1.713220579521941,-1.6459262844228695,-1.3158245361918997,0.49670009138186366,0.7318554343895327,1.1270033386850826,0.7845368257644164,1.1697929183082116,2.196443077392037,-0.292246833788543,0.2493298596201307,0.03695565882863149,0.012151191481424066,0.040177991444732795,0.07607327802875836,0.11234325445186699,-0.01684980206350128,-0.6584686825069853,0.3518449995928831,1
2019-03-06,-1.9808290330017646,-1.9076194396282378,-1.5485011113315938,0.42334792533376164,0.6791738763428123,1.1090560432232204,0.7364860635828874,1.1556069093883472,2.272501596712748,-0.43494895555319874,0.15423337330033937,-0.07680892917245837,-0.10379375701949281,-0.07330334730713492,-0.0342527958306104,0.005205381444209174,-0.1353439938074186,-0.8333624108053413,0.2657597917134648,0.3273928124154534,1
2019-03-07,-2.2690315141204414,-1.866855321797714,0.34141608880609126,0.6279152696253234,1.109339801320609,0.6920991205226823,1.1614720614378118,2.412281104530053,-0.6197895758417327,0.04003501937196497,-0.21870898268083688,-0.24892925956138626,-0.21478308568427149,-0.17105041914111957,-0.1268612529472024,-0.28426233253049155,-1.0659723344980676,0.16493332382088677,0.23395607101634155,0.3027962183514911,1
2019-03-08,-2.330919790287748,0.2547268726345219,0.5901863851102367,1.1538823727725818,0.6653387233098601,1.2149236033728474,2.679485528458017,-0.8707408607448026,-0.09815771967979875,-0.40111892374485997,-0.43650359507355957,-0.39652212354203964,-0.345315907329208,-0.29357517946488354,-0.477874796898962,-1.3931725489120457,0.04808466816812543,0.1289028298735549,0.20950718691838818,0.09886327505976468,1
2019-03-09,0.11675938694694131,0.5084328662772171,1.166589098434176,0.5961787094796303,1.2378591929840765,2.947842197070992,-1.1973063843689082,-0.29525914564364,-0.6489884765620547,-0.6903026644710154,-0.6436213766222219,-0.5838343796180154,-0.5234233012254538,-0.7386065639295335,-1.8072835333450226,-0.1245104777902854,-0.03014937187132898,0.06396210149228652,-0.06522274589676076,0.7108848686588923,0
2019-03-10,0.4824863055990615,1.1358376896319013,0.5695915631327367,1.2065874791791713,2.9040868080716185,-1.2108002512362896,-0.3153383789803953,-0.6664853204461733,-0.7074978954726983,-0.661157402844542,-0.6018068788635582,-0.5418368295800566,-0.7554491538874017,-1.816324281914932,-0.14583625621215263,-0.05216403047181065,0.04126038514752534,-0.08698135247318073,0.6834603137350852,0.5383674878859561,0
2019-03-11,1.1689509879628093,0.5992053510921834,1.2401380248672134,2.948128227302115,-1.1921896283813342,-0.29119362889249695,-0.6445107262428965,-0.6857767669002648,-0.6391498810819716,-0.5794325594055982,-0.5190918836407428,-0.7340243733486128,-1.8014559144615807,-0.12064395028439454,-0.026392812106235366,0.06760898443653207,-0.061425311878804685,0.7137778325547884,0.567788305032797,-0.010310276623454576,1
2019-03-12,0.6804760271265291,1.345607834765425,3.1180851280260335,-1.178555084323236,-0.24354096765210756,-0.6101979493382774,-0.65302203576669,-0.6046346994397244,-0.5426626831279121,-0.4800437772930096,-0.7030912848536914,-1.8108249041892654,-0.06655199413527747,0.031257701755599526,0.12880864183724164,-0.005097489441934998,0.7993743214700703,0.6478727951629034,0.0479474514512647,0.09879296796596489,1
2019-03-13,1.3929938073724477,3.187008919898058,-1.161840852873891,-0.21546514351457524,-0.586577466791768,-0.629921919510452,-0.5809466164385876,-0.5182215625042983,-0.4548417585289388,-0.6805995726890998,-1.8017935430135017,-0.03632553227843691,0.06267267393100513,0.16140898012402033,0.025875721622998688,0.840122872694842,0.6867804130767761,0.07956522499055244,0.1310285782184749,0.09907677621436832,1
2019-03-14,3.4048280390156225,-1.1650507640473724,-0.17057578332661774,-0.5605497829616791,-0.6060972049374042,-0.5546327462699708,-0.4887197096344045,-0.42211864547654365,-0.6593505351628043,-1.837528864335503,0.017668546772458202,0.1216983081429972,0.22545285850461969,0.08303116139019151,0.9386621881124328,0.7775261423916625,0.13944941821812848,0.1935283814702719,0.159952638382425,0.40282635375147735,1
2019-03-15,-1.5578480924043225,-0.06832395880559754,-0.6524268223200215,-0.7206477283973939,-0.6435642876936591,-0.5448397740650741,-0.44508473315434977,-0.8004105400346926,-2.5650854579636078,0.21362830558669524,0.36944403064558945,0.5248475447916298,0.3115283973895726,1.5930921254533406,1.3517426359771936,0.39603163452468587,0.4770310789005368,0.4267413475323208,0.7905174781261722,1.5436268159108322,1
2019-03-16,-0.2671409546477296,-0.7642371237033001,-0.8222959917193174,-0.7566947329942735,-0.6726760085843867,-0.5877802619990282,-0.8901775081005895,-2.391990281372938,-0.02718768743952834,0.10541806549131595,0.23767300955197312,0.05612941922998421,1.146794196642674,0.9413956031479384,0.12804523761840397,0.1969791806102294,0.15418049844736303,0.4637693263877639,1.104697132220182,2.6450988812131517,0
2019-03-17,-0.80176792709042,-0.854115758571277,-0.7949674535143595,-0.7192133408879826,-0.6426684755202001,-0.9153200207558505,-2.269405015133811,-0.13721932321560168,-0.0176575087155162,0.10158800468800849,-0.06209781278234638,0.9212822964260332,0.7360880043895233,0.002743912012672561,0.06489707748692121,0.026308343706469197,0.30544406142161934,0.8833261648387027,2.2722042798383857,1.9005504913791225,1
2019-03-18,-0.9273628514662708,-0.8722346277881752,-0.8016292290132843,-0.7302868219004482,-0.9844072968230254,-2.246460374715759,-0.25919109228760223,-0.14775543159069715,-0.03661457422896883,-0.1891753001830648,0.7273682688822247,0.5547609161360909,-0.12874061647178123,-0.0708117611095032,-0.10677776800109796,0.15338617529260556,0.6919918686609834,1.9864733134231913,1.6400793945902168,1.7473878085946475,1
2019-03-19,-0.9446513066979315,-0.8801768797293344,-0.8150294420408122,-1.0470835382701729,-2.1995470950658556,-0.3848409898662022,-0.28308176901388604,-0.18159175244953876,-0.3209049714735428,0.5160511598223629,0.3584320492164589,-0.2657180924398801,-0.21281944985395568,-0.24566237298618565,-0.008089588853460498,0.4837466452660706,1.665822673738357,1.3495076353746736,1.4474979961954257,1.968139089127648,0
2019-03-20,-0.9584645123517239,-0.8982381166803882,-1.1127635425840683,-2.178173459398036,-0.5005448097267033,-0.4064721751656948,-0.3126484100082866,-0.4414383263715719,0.33229664942254683,0.18658361361442233,-0.39042009863345956,-0.3415172608259528,-0.371879328065221,-0.15225207938773144,0.3024323209904793,1.3952178722005115,1.1027963229698612,1.1933847858804651,1.6746982124439336,1.877402341676584,0
2019-03-21,-0.9991286724064772,-1.2126446977469003,-2.2730415706962477,-0.6033066207893173,-0.5096766235982753,-0.41629432481250034,-0.5444782495383315,0.2256160924377294,0.08058867615371967,-0.4937000764585343,-0.44502733982351017,-0.47524654526612253,-0.25665270261772144,0.1958922838056512,1.283535981334406,0.9924903551453181,1.082652574662621,1.5617012904495942,1.7634516415398167,1.0432685282251153,0
2019-03-22,-1.3193583863932696,-2.3861534722885214,-0.7063436909243753,-0.6121487499133025,-0.5182030018678672,-0.6471603615854071,0.12758056858238848,-0.01832191279852079,-0.5960758036296674,-0.5471093858818494,-0.577510927689657,-0.35759813551433206,0.09767741270585609,1.1918837248212648,0.8990819901968962,0.9897882296890435,1.4717274252324704,1.674695095744426,0.9501665481526359,0.8833828333617145,0
2019-03-23,-2.5655946637609572,-0.8442434717898512,-0.7477191058849302,-0.6514500954453658,-0.7835965487675789,0.010303593027132246,-0.1392070319393541,-0.7312486783694082,-0.6810713294267725,-0.7122246962003194,-0.48687349802282237,-0.020339062815701206,1.1009267855666058,0.8008841137722063,0.8938335031621334,1.3876909731624452,1.595677999695669,0.8532319841703769,0.7847967194547165,0.936222510411381,0
2019-03-24,-1.2326162986933349,-1.1148883496055306,-0.9974718501184877,-1.158647018512505,-0.19035020974534977,-0.3727039509911435,-1.0947998503564218,-1.0336000038068114,-1.0715968550997017,-0.7967425824277746,-0.22772416183671784,1.139851035106543,0.7738977542119111,0.8872654088890597,1.489608936761583,1.7432846365817336,0.8377449223679944,0.7542764293639401,0.9389660426154457,0.7262459652954194,0
2019-03-25,-1.2143652235211724,-1.0921637262791608,-1.2599071608222396,-0.25214998595376537,-0.4419350698667583,-1.1934580708100064,-1.1297641869690134,-1.1693094990738562,-0.8832542701187468,-0.29104701425361157,1.132260079618209,0.7513933441822295,0.8693809966917617,1.4962714361242564,1.7602850157094518,0.8178424341944628,0.7309724043248075,0.9231885525065422,0.7017996330999283,-0.2560396887837463,1
2019-03-26,-1.2056070135778014,-1.3802592998193841,-0.33099561300762825,-0.5285973784075274,-1.3110733700038788,-1.244756125083164,-1.2859301906319056,-0.9880932000846616,-0.3714946938752435,1.1104341735388576,0.7138806733768067,0.836727885341905,1.4894380719916098,1.7643255833805374,0.7830666031923119,0.6926186559213059,0.8927516138754324,0.6622443452706002,-0.3350455210943859,0.03636479969568416,1
2019-03-27,-1.4846624475798702,-0.4654317480947606,-0.657377574581906,-1.4174568208849705,-1.3530377689554702,-1.3930333126470709,-1.103721285533653,-0.5047716271356799,0.9347401134365737,0.5495371311609201,0.6688680975850407,1.3028958147944967,1.569915243784726,0.6167427578558199,0.5288836946644346,0.7232882635916389,0.49937878538375075,-0.46936573599884884,-0.10858626196110228,1.563194681115238,1
2019-03-28,-0.6183406351558642,-0.8151354178668042,-1.594415868277243,-1.5283694552922762,-1.569375370733327,-1.2727547119076994,-0.6586743224749311,0.8172025193418689,0.4222684976760213,0.5446140158771894,1.194658609836122,1.468423512514277,0.491171880179423,0.4010933118335084,0.6004089500018914,0.370843046344214,-0.6223740038877671,-0.2524804797658432,1.4615331742639392,1.1597027474929336,1
2019-03-29,-0.8836569105718369,-1.6252017232765084,-1.5623535215527808,-1.6013737791115352,-1.3191165881639926,-0.7347722393128232,0.6696371946255963,0.2938273369900601,0.41024843331290173,1.0288154670721563,1.2893236620033424,0.359394163215833,0.2736775318572576,0.4633415706469388,0.24489209595326344,-0.70022971622802,-0.34824780275746403,1.2827669793807672,0.9955522966942036,1.4634755492225315,1
2019-03-30,-1.6886737237610334,-1.62799976077546,-1.6656701092957675,-1.3931776292205966,-0.829048721461578,0.5267750519209387,0.16396636740159132,0.2763598662654603,0.8735275223168771,1.125023414692203,0.22726490384964626,0.1445136464443804,0.3276162421209551,0.11672404507694523,-0.795701199820646,-0.4558961297665716,1.1186935610473996,0.8414150940700594,1.293150502965209,1.4211370559296932,1
2019-03-31,-1.8466191368907274,-1.8856441563264832,-1.6033525198342382,-1.0189368599233848,0.38564396255530453,0.009788242579796257,0.12622354647008457,0.744866067689344,1.0054060540042808,0.07536307032020262,-0.010364021555064272,0.17932316307938576,-0.03915297031914139,-0.984390121406482,-0.6323652534634672,0.9988485712302424,0.7115988380064066,1.1795791940269718,1.312168296945991,1.2920160328111305,1
2019-04-01,-2.0662652843339737,-1.7864811489091168,-1.2072566555139779,0.18484775088890235,-0.1876693699317265,-0.07226832143920511,0.5408790076391721,0.7991047054335563,-0.12267702119280971,-0.2076426283246658,-0.01964037075306131,-0.23617585460028412,-1.173016783983226,-0.8241188338018661,0.7926054705596668,0.5079072794984537,0.9717307244010712,1.1031420831926881,1.0831688247997489,1.9198264263705163,1
2019-04-02,-0.8471495734121652,-0.6553088388144694,-0.19424005631940386,-0.3176187444158969,-0.2793976018906844,-0.07632153144079795,0.009203525116302787,-0.2960931009607646,-0.3242339421606462,-0.2619670808489686,-0.33368422465314207,-0.6439684998234709,-0.5284125455679909,0.0070509607707902695,-0.08724185787657228,0.06637773419591103,0.10990153523080137,0.10328633748605208,0.38038962079383865,4.169427884591244,1
2019-04-03,-0.6624472600703785,-0.3342312798877518,-0.4220595141657262,-0.3948514483979104,-0.2502899121480366,-0.18940812762087914,-0.40673629031297354,-0.426768602471695,-0.382443374448853,-0.4334958714802197,-0.6543745372601464,-0.5721149867725637,-0.1909404500061539,-0.2580636452245549,-0.14870815011929914,-0.11772533896336704,-0.12243442726933584,0.07482404954732569,2.7720851847989896,3.1201839822734816,1
2019-04-04,-0.4382066563182084,-0.513087087540961,-0.4898900858685502,-0.3666400824772285,-0.3147336048338822,-0.5000228420935875,-0.5171019532150327,-0.4793112334575069,-0.5228374756065619,-0.7111537941284629,-0.6410211008853665,-0.3160400293786191,-0.373267797240774,-0.28003369436512615,-0.25361842735080203,-0.2576332930248737,-0.08945503089989777,2.2101708079707656,2.5069522277191574,2.3469311529954697,1
2019-04-05,-0.580780839606781,-0.5606874341689457,-0.4539274173646268,-0.4089656626143072,-0.5694644986321765,-0.5842585443940991,-0.5515239580626813,-0.5892266940902663,-0.752347609114446,-0.6915981786629711,-0.4100972967117673,-0.459668390346865,-0.3789083569524917,-0.35602726751847397,-0.35950497230579215,-0.21382778288148888,1.7781242369653911,2.035198382910436,1.8965870063873507,2.210905277164908,1
2019-04-06,-0.6365017433143368,-0.5399042982091724,-0.49922248898572025,-0.6444433119656928,-0.6578291006359022,-0.6282105458544319,-0.6623243281744045,-0.8099176323552533,-0.7549509889538919,-0.5002464019250455,-0.5450987833647757,-0.47202636237777734,-0.45132334221433856,-0.4544700014912912,-0.3226599406678512,1.479676567408607,1.7122796190398137,1.586862770715579,1.87126083298487,1.9290494803409572,1
2019-04-07,-0.6212710043614001,-0.5844035451529286,-0.7160083795895543,-0.7281391089546504,-0.7012976070385988,-0.7322128613533759,-0.8659677317782178,-0.8161547927249058,-0.585331455421527,-0.6259784515777058,-0.5597573431406355,-0.5409954501487246,-0.5438470768278334,-0.4243956037140727,1.2089527885974096,1.4197468432737184,1.3060891513492578,1.5638218864419997,1.6161922367234003,1.930957505398308,1
2019-04-08,-0.6621453660197266,-0.7827902457204532,-0.7939107367814319,-0.7693045755905354,-0.7976452300481778,-0.9202610923063536,-0.8745965385279708,-0.6629960005971519,-0.7002579445253557,-0.6395516817559107,-0.6223522655440618,-0.6249664108307847,-0.5154627693758506,0.9818615587413335,1.1751008381106491,1.0709084759684218,1.3071774166445824,1.3551864023070888,1.6437382487176997,1.8322679171339527,0
2019-04-09,-0.8561857956472717,-0.8667800629897325,-0.8433382699521236,-0.8703378393360808,-0.9871514960411968,-0.9436477974950109,-0.7420602366260629,-0.7775589383929646,-0.719725307340652,-0.7033397707233017,-0.7058302141657462,-0.6015083055211419,0.8249623551232297,1.00905751562263,0.9097955555595003,1.134884205738496,1.1806213972132222,1.4555189162410997,1.6351273254592724,1.4674967632738078,0
2019-04-10,-0.9519033432665175,-0.9294719961106455,-0.9553077635768517,-1.0670862304328397,-1.0254577354159145,-0.8325594979431182,-0.8665280472617909,-0.8111873037726844,-0.7955080568989765,-0.7978911511162112,-0.6980659822387302,0.6669174277437848,0.8430772653574358,0.7480939386990981,0.9634802636662715,1.0072459781002394,1.2702941874120977,1.442160672745494,1.2817557357902252,1.507941638519627,0
2019-04-11,-1.0296062035305875,-1.0554855834307415,-1.167452739514132,-1.1257539729253774,-0.9325301108450889,-0.9665560012555406,-0.9111218390389588,-0.8954161245900365,-0.897803241623287,-0.7978095614527042,0.569478028147687,0.7459352348753867,0.6507915702644237,0.8665414811743486,0.9103810749437157,1.1738733265186392,1.346029933511834,1.1853542227261755,1.4119219417788442,0.9192285642653645,1
2019-04-12,-1.1647990209374928,-1.2776867625100676,-1.2356451518161191,-1.0408326177554261,-1.075138266463437,-1.0192483287576246,-1.0034134831123345,-1.0058202268412932,-0.9050044061949213,0.47352491855850454,0.6514329430943706,0.5555070144687403,0.7730308048288904,0.8172308444226184,1.0828895093619373,1.2564615749575379,1.0944648006297857,1.322895342333073,0.8261510771323296,0.8739994346009088,1
2019-04-13,-1.4080205049795274,-1.3651345744585268,-1.1664096288048738,-1.2014042363540414,-1.144391863476055,-1.1282390073188948,-1.1306940855767988,-1.0278535852179411,0.37836068361469966,0.5598416272187909,0.4619892223680557,0.6838815334871652,0.728969240541047,0.9999631168182309,1.1770210226084805,1.011770874153864,1.2447889764258546,0.7380686178937539,0.7868779118306499,0.800614659226064,1
2019-04-14,-1.5362811020678124,-1.330346407230139,-1.3666106205773751,-1.307529836471578,-1.29079095403012,-1.2933351026279776,-1.1867635446955085,0.27046823552165616,0.458533315207713,0.3571308210931136,0.587073394366123,0.6337968852823269,0.9146224305124824,1.0981040043912893,0.9268585737688446,1.1683305823543664,0.64322638841883,0.6938064855428985,0.7080416026975768,0.8516648485432843,1
2019-04-15,-1.5250271033005716,-1.563443632080236,-1.500856347442543,-1.4831239964635108,-1.4858191426919287,-1.3729224617904414,0.17079740570865395,0.3700243261172258,0.26260349787030185,0.5061933808006014,0.5556899551859806,0.8531827626846284,1.0475541418721637,0.8661451326403513,1.1219487337962568,0.5656791082706708,0.6192611820975416,0.6343411669470205,0.7864885885560143,0.5712833012218242,1
2019-04-16,-1.7657368743934636,-1.7002003032520638,-1.6816323546955974,-1.6844545036921175,-1.5662378179490162,0.050226412835281446,0.25884145849864576,0.14635866278022006,0.40142717684661333,0.45325616714777406,0.7647676611445595,0.9682983590126077,0.7783408539373453,1.0461986305197124,0.463716036841224,0.5198230466529836,0.5356136422287486,0.6949306724846546,0.46958431491335184,0.8468787581385371,1
2019-04-17,-1.969815465481293,-1.9498579595460943,-1.9528913078547017,-1.82582771759417,-0.0883932141643773,0.13583381874327338,0.014933221871658242,0.2890901309066936,0.34479781333618564,0.6796216885433569,0.8983838796569314,0.6942106494561812,0.9821139226516491,0.3560404614323714,0.41634631471062644,0.43331862072306976,0.6045583550018024,0.3623478999788393,0.7678776798080619,0.8073112078199486,1
2019-04-18,-2.3024541834663506,-2.3057890099380853,-2.16609683439988,-0.25598233864539555,-0.009469848504653775,-0.1423865035923505,0.15901828894820785,0.2202626417703745,0.5883639637456185,0.8288684728618878,0.604402891062056,0.920920270232458,0.23262267321719945,0.2989221995004892,0.3175813476161459,0.5058402420085759,0.23955699492826574,0.685391533947033,0.728744278079577,0.8516829206288318,1
2019-04-19,-2.850492791849682,-2.6889030589563925,-0.47936705613173375,-0.19421230581568902,-0.3479644161965328,0.0006873227554866492,0.07153208249687688,0.49733541805577036,0.77554040153461,0.5158885400969486,0.8820218511372718,0.08582962043950029,0.16252198135228693,0.18410605897444884,0.40187562511123454,0.09385093722957978,0.6095726216910118,0.6597211594854778,0.801931146088231,0.8185248625012972,1
2019-04-20,-3.712692310815067,-0.861910269411477,-0.4939986172896378,-0.6923722824126655,-0.24253570367490568,-0.15113055411403908,0.39824836554566884,0.7571933067987471,0.42218592848166286,0.8945775376426104,-0.13268362030032843,-0.03373379331243808,-0.00588563841165405,0.2750844691192282,-0.12233437691876116,0.543058771029745,0.6077612926290086,0.7912431075426831,0.8126526110266898,0.9472717768449442,1
2019-04-21,-2.006758218154303,-1.329592964361002,-1.69471255900884,-0.8667591651718104,-0.6985220600314138,0.31264546732065773,0.9733069082933612,0.35670410418975435,1.2261714941526134,-0.6645692821141415,-0.48244570891763877,-0.43118937394616697,0.08595432910641425,-0.6455208285502766,0.5791784091723096,0.6982675959570819,1.035977774598903,1.075383354108885,1.3231586584816097,1.1533220648740097,1
2019-04-22,-1.583378911513662,-1.964114020280715,-1.1007505358842231,-0.925318229694073,0.12909513006939655,0.8180118830296164,0.17503807628860168,1.0816910364130878,-0.8899133519970965,-0.7000006782692053,-0.6465522012320133,-0.10729118397593237,-0.87005023003434,0.4070272106627933,0.5312096296513236,0.8833630705559393,0.9244539564483615,1.1828261688494184,1.0057259669219285,1.6489272139907591,1
2019-04-23,-1.951212350693132,-1.1824439059609853,-1.0262329662779732,-0.08734716285905139,0.526087931738865,-0.04643798850818107,0.7608768894819616,-0.9947072494102249,-0.8256024940489639,-0.778010137749686,-0.29783364078974894,-0.9770204446578703,0.16013308989719255,0.2707093730435917,0.5842788695118807,0.6208676030072116,0.8509310785645656,0.6932349873374548,1.2659634282496026,2.4337650901236256,0
2019-04-24,-1.4219581486718484,-1.2592779110585195,-0.28150922275850526,0.35733058674554363,-0.2389058416030661,0.6018430614297129,-1.2264465925773493,-1.0503385566130443,-1.0007752171500355,-0.5007127581424128,-1.208027308975495,-0.023779857550860126,0.09137581626531373,0.41793143584783027,0.4560354500165544,0.6956267420590079,0.5313998470439883,1.1278471832200985,2.34401201920672,1.5883292732664815,0
2019-04-25,-1.3940059707919392,-0.36171959025293227,0.31274016959449685,-0.31674076176525034,0.5708859872185004,-1.3593440683105096,-1.1734167327302512,-1.121089877806465,-0.5931453117456387,-1.3398977761260682,-0.08961994464924514,0.0319564927481385,0.3767199553310954,0.4169485445065448,0.669898787882798,0.49651505298639437,1.1262186518139006,2.410193493411849,1.6123759564249516,-0.2754730577402482,1
2019-04-26,-0.46743056850890996,0.2439193630012783,-0.4199915833108029,0.5161846938907242,-1.5196209976305504,-1.3235242023809608,-1.2683352839574227,-0.7115143240331427,-1.4991110733369815,-0.18044819270651297,-0.052222024794812597,0.31139857957019756,0.353827506925598,0.6206130870495877,0.4377459757908856,1.1018917685643415,2.4560947470164844,1.6146398759035836,-0.3764667058023084,0.1623493587497525,0
2019-04-27,0.21800282699217186,-0.44971669691419347,0.4918300294619644,-1.5556542222428913,-1.3584325022351742,-1.302926988221025,-0.7429117808697739,-1.5350266411482727,-0.20879914672512467,-0.0798373992709839,0.28586914341797975,0.32854146766715475,0.59685748434831,0.4129413414588747,1.0808970590418938,2.4428685298656347,1.5965865864073783,-0.40594213550728814,0.13596488996700568,0.04888815450651007,1
2019-04-28,-0.44805798936122815,0.4938333243850009,-1.5544002658219094,-1.357106366588335,-1.3015805386603219,-0.7413603768845104,-1.5337651354429898,-0.20705226814177072,-0.07804332325371603,0.28779706075425265,0.33048500222515004,0.598899217230346,0.4149157646915682,1.0831159407784494,2.445585866064508,1.5989942002514648,-0.40426740733572936,0.1378379453288145,0.05072934151550522,0.18344000826543652,1
2019-04-29,0.4794626291581628,-1.57874080487489,-1.3804865711498717,-1.3246904694428296,-0.7617434177517928,-1.5580052323256077,-0.22483454685737458,-0.09519764672102257,0.2724234772920385,0.31531920371078526,0.5850399336648197,0.40016093566815253,1.0716135979128816,2.440715390012308,1.5900029116449617,-0.42300963717571455,0.1217344309796906,0.034201823195308706,0.16755846344547265,-0.13152447038560047,1
2019-04-30,-1.579671674767475,-1.3825937916675537,-1.3271287586993112,-0.7675219792622922,-1.5590591376927536,-0.2337988818771186,-0.104931188257297,0.26050863888806924,0.30314984153883096,0.5712701711214759,0.38748816117280355,1.054956728126785,2.415934891697847,1.5702701549948392,-0.43079809117140955,0.11071371297100466,0.023700483945647624,0.15626584643002778,-0.14104246504086915,0.6722873375487344,1
2019-05-01,-1.5836253758574121,-1.5256722234769304,-0.9409619073317443,-1.7680068237856656,-0.383296395630782,-0.24864779478082183,0.13318538650617776,0.17773944124407942,0.45788744594291075,0.26586111408361274,0.9632718159219033,2.385302430148748,1.5017018132157263,-0.5891328403977638,-0.02332922644762945,-0.11424580308991797,0.024266341252083774,-0.28637899611789414,0.5634361660230982,0.9906454325782146,1
2019-05-02,-1.685156890678784,-1.1043723877644154,-1.9258644282285637,-0.5504511073242243,-0.4167065528783242,-0.037437044086354516,0.006817869533720204,0.2850849278680603,0.09434788318817881,0.7870760882669787,2.199559023163033,1.3218910037863247,-0.7549055422036809,-0.19290079968159618,-0.2832069518288356,-0.1456247941723291,-0.4541844225307423,0.3899249815362739,0.8142659152697175,1.651843228765511,1
2019-05-03,-1.1239111502723327,-1.793638115617633,-0.672323064306474,-0.563286907936775,-0.25408486499581967,-0.2180057460993724,0.008853363124041398,-0.14664630798684739,0.4181050660305969,1.5696413719155262,0.8541165582293538,-0.8390059309424567,-0.38082774761359545,-0.45445045148715923,-0.3422856630360262,-0.593840995710698,0.09432492892299874,0.44027175716070116,1.1231123505919753,2.873881550030069,1
2019-05-04,-1.6845183796184418,-0.7468580237403185,-0.6556803649140623,-0.39712100884081025,-0.36695111196423275,-0.17724814414988882,-0.30727928640761165,0.16497422853866187,1.1279060478521414,0.5295735358109492,-0.8862407207494493,-0.5031052960234719,-0.5646696981369321,-0.47087583054092946,-0.6812301484313069,-0.10577554712124927,0.18351034599235178,0.7545118259922177,2.2185311207354905,2.5685464557168873,0
2019-05-05,-0.9062233217040035,-0.8192144091176649,-0.5724766808126773,-0.5436861859275745,-0.3626566535134985,-0.48674262408840835,-0.03608107684632332,0.8828244047355727,0.31184833551054275,-1.0392332833134068,-0.6736152458703066,-0.7323648535140788,-0.6428593481978448,-0.8435960274797679,-0.29445186489270625,-0.01839245176008914,0.5265021912867398,1.923584859133754,2.257597094996346,2.0692371413753614,1
2019-05-06,-0.9088182546516373,-0.6740121922517194,-0.6466139391148507,-0.4743385762173466,-0.5924240362316014,-0.16355543915929222,0.7109138985061786,0.1675489114799841,-1.1181975249337526,-0.7702599302085409,-0.8261685426981673,-0.7409913166176798,-0.9320208343376529,-0.40943201343554425,-0.14672219507335688,0.37182260322552774,1.7013455843192091,2.019205760932915,1.8399544590448424,1.5927635774225448,1
2019-05-07,-0.7681434551079482,-0.7424775866098308,-0.5810951514777583,-0.6917140976246279,-0.2899627538275305,0.5292141080708624,0.020205952192151592,-1.1842430611835122,-0.8583054728577916,-0.9106789978742467,-0.8308875063256702,-1.009838275798705,-0.5202926142977204,-0.27419387152149205,0.2115634699059731,1.4570210480775252,1.7547830058564204,1.5868657185975206,1.355304654103439,1.7468748877029412,1
2019-05-08,-0.8090874932255073,-0.6647199170179573,-0.7636760960146844,-0.40428216510363413,0.32852731283486664,-0.12681513923524948,-1.2042767885424783,-0.9127034238017012,-0.9595551078643645,-0.888176185942496,-1.0482598333862556,-0.610327907672158,-0.39017582623124175,0.044367189243244926,1.158513791894297,1.4248821367279467,1.2746686903570623,1.0675215519606667,1.4178077866027525,2.065767424416922,1
2019-05-09,-0.7314221748589603,-0.8166594355801077,-0.5070905486117013,0.12412493649749792,-0.2680905239012984,-1.1961768793988687,-0.9450261664092959,-0.9853825064596341,-0.9238992939959643,-1.0617895372601798,-0.684570872305046,-0.49493986033253146,-0.12064027964866712,0.8390451630854264,1.0684851868074137,0.9390967764832777,0.7606677504017721,1.0623915983911327,1.6205205110583578,2.3213561560373965,1
2019-05-10,-0.8484494732270409,-0.5875115958992526,-0.05545545022582082,-0.3860567283253476,-1.1683475003470671,-0.9566507288186417,-0.9906673827937176,-0.9388427336544752,-1.055071427480702,-0.7371110578655855,-0.5772696919447322,-0.2617698397961648,0.5471560338009771,0.7405527066719263,0.6314902699670304,0.4810911398240704,0.7354163764604997,1.205867316065149,1.796606803315834,2.425022964273092,1
2019-05-11,-0.6042609679866022,-0.2381691751013728,-0.4656459472687425,-1.0039166422242776,-0.8582544761783191,-0.8816603102109846,-0.8460013315988321,-0.925974791643533,-0.707195847493728,-0.5972138226585035,-0.38012788639532735,0.17646961893298285,0.30954003882212844,0.23449746424723816,0.13101235717695894,0.30600588485878744,0.62970899278251,1.036179023763873,1.468573238009265,3.2164345801664362,1
2019-05-12,-0.3514766175492214,-0.5490796700767301,-1.0166611791508007,-0.8901283099958239,-0.9104603386585305,-0.879484327540393,-0.9489551560362025,-0.758907676547006,-0.6633692018995532,-0.4747923935613648,0.008709130722384504,0.12430388319172858,0.05911638442323402,-0.030778389682218802,0.12123385716399619,0.4024261812370058,0.75551594120499,1.1311253531728083,2.649446249474979,2.222216280106729,1
2019-05-13,-0.5857330758606898,-0.9483849745954249,-0.8502472502395694,-0.8660165838350337,-0.8419918757804614,-0.8958728085627916,-0.7484737392048332,-0.6743749808905248,-0.528116550490646,-0.15311723503468772,-0.06346301292955606,-0.11402183474647663,-0.18374339105914994,-0.06584409675454932,0.15224607203045257,0.42609922787861704,0.7174184177723912,1.8950140780947549,1.5636584607723532,2.7649651534358166,1
2019-05-14,-0.951693074757083,-0.8689468772077865,-0.8822430118132675,-0.8619862425454239,-0.9074167060844027,-0.7831351151698857,-0.7206577087099558,-0.5973378635173533,-0.28115193561614005,-0.2055587218735892,-0.2481881009974895,-0.30697480824956813,-0.20756636606808768,-0.023680584037862416,0.20722254197250176,0.4528523993496967,1.4457586826551596,1.1663715504387342,2.179270122938514,2.3950618192932827,0
2019-05-15,-0.9296906376719734,-0.9414750516363135,-0.9235214010667719,-0.9637865912758498,-0.8536353511643272,-0.7982613915145313,-0.6889625502431049,-0.40872577657574377,-0.3417272277441264,-0.379509806331422,-0.4316126854323454,-0.34350661032282875,-0.18052795209629918,0.02412235442546778,0.24182501818621968,1.1218415807022715,0.874219717654118,1.7719555210586844,1.9632125108054288,2.187766330243459,0
2019-05-16,-1.0262876835178156,-1.0092314509739009,-1.0474839748809943,-0.9428386739676493,-0.8902325965013442,-0.7863970870440893,-0.5201680234610061,-0.45651841501226165,-0.4924124213034906,-0.5419109240570462,-0.45820885467685146,-0.3033767282722723,-0.1089559220580498,0.09786481582756545,0.9338935150958056,0.6986490971014001,1.5515113362631299,1.7332082942235245,1.9465377309374698,1.622357966277882,0
2019-05-17,-1.1176103977235017,-1.155977177909684,-1.0510193124519571,-0.9982561061466938,-0.89411045090725,-0.6270861890187129,-0.563246465861604,-0.5992476837870347,-0.6488940333796333,-0.5649419546922716,-0.4096473609564037,-0.21464584017418553,-0.007207350424495354,0.8313184789317283,0.5953714105202759,1.4507810597890747,1.6330207275165085,1.8469873568956543,1.5218393012611808,0.9725719885190136,1
2019-05-18,-1.2775510813814015,-1.1708599398793782,-1.1172254010531042,-1.0113598826232568,-0.7399259773567896,-0.6750320038837069,-0.7116277465579357,-0.7620939568447315,-0.6767554920468757,-0.5188963606467053,-0.3206745813055007,-0.10981044867159061,0.7425628110435549,0.5027193085762454,1.3722552079042625,1.5575043847238923,1.7750044628004213,1.4444869064313146,0.8861489835834709,0.811130807187823,1
2019-05-19,-1.2903671662236933,-1.2380595878467044,-1.1348132651622425,-0.8700948470569547,-0.806806401254664,-0.842496736625994,-0.8917143733901796,-0.8084872489723776,-0.6545336759774922,-0.4612160585276521,-0.25556886949578067,0.5757160089556812,0.3418064223708786,1.1898293233047212,1.3704952905679397,1.5826142465608273,1.260273953102786,0.7157497472583634,0.6425875792340554,1.575085659178494,0
2019-05-20,-1.376523824443467,-1.2728079557114431,-1.0068856449763133,-0.9433093744960084,-0.9791620232115238,-1.0286034930984016,-0.9449978664123907,-0.7903441397478325,-0.5961473479038103,-0.38956491176297214,0.4455005035533971,0.21052713746524732,1.0624066968351706,1.243894301021155,1.4569779365765656,1.133171696372647,0.5861710905751011,0.5126761939273065,1.4494151105079802,1.2276059149295888,0
2019-05-21,-1.429680528120396,-1.1585576816996401,-1.093738075665888,-1.130291880213548,-1.1807002570432306,-1.095459588739622,-0.9377813613394517,-0.7397867409370548,-0.5291642551734377,0.3222321986337571,0.08266355292377005,0.951202978237665,1.1362398625102235,1.3534906890307898,1.0233519004116836,0.46565382375264797,0.39072161696840174,1.3457799598143072,1.1196329310025306,1.104190855646525,0
2019-05-22,-1.326030067050494,-1.2583854336743376,-1.2965323595572655,-1.3491376803602877,-1.260181975305034,-1.0956316712144345,-0.8890078682157332,-0.6692058406804863,0.21929695190913082,-0.03071279358417056,0.8756801111722005,1.0687814421362603,1.2955006928364028,0.9509734936467102,0.3689693094413285,0.29077133870162136,1.2874539075683746,1.0514507321539153,1.035335646149226,0.7306120639270555,1
2019-05-23,-1.4121347586074875,-1.4513955543330161,-1.5055369223809103,-1.413983758293377,-1.24462867329121,-1.0319715657051343,-0.8057514364710676,0.10869516267243182,-0.14861473373514972,0.7842443592863966,0.9829841458834739,1.216323477500934,0.8617362682776467,0.2627378730303773,0.1822565633493663,1.2080417304048556,0.9651473884345667,0.9485617505335956,0.6349404026144414,0.8583482808292514,1
2019-05-24,-1.6256650997834234,-1.6816989078217182,-1.586945623840397,-1.4116709555880935,-1.1915806997616039,-0.9574533447844153,-0.011043472903253804,-0.27734729679077613,0.6881186533659858,0.8938051266353926,1.1353005263096403,0.7683191896563798,0.14838359687932226,0.06508916934755013,1.126729301685378,0.8753449088951692,0.8581795419337441,0.5335959741438153,0.7648127795828183,0.8857266328384602,1
2019-05-25,-1.911876562683084,-1.8118454491960951,-1.626807849498793,-1.3944584001403935,-1.147289974603306,-0.14816435782770604,-0.42930150590336713,0.5899416271050139,0.8070849923355691,1.06203186822604,0.6746093938598133,0.02014292019194286,-0.06779106988387315,1.052983219914483,0.7875965265201698,0.769475035650232,0.4268119179053455,0.670907674095995,0.7985565203306919,0.8773934736013064,1
2019-05-26,-2.0752545952296266,-1.8821782423830324,-1.6397346290772972,-1.3818282456200779,-0.33929672533334265,-0.6326475647786132,0.43087545490560436,0.6574523726354922,0.92347513258855,0.5192215188159932,-0.16367752442103561,-0.25543170909950613,0.9140333757940126,0.637117252052604,0.6182084931245048,0.2606587565441812,0.5153589819455011,0.6485533906299449,0.7308153278358324,1.5142791790702983,1
2019-05-27,-2.193268636561865,-1.9363901254456843,-1.6631282032753383,-0.5585251944708574,-0.8693419070412781,0.25750241815754926,0.497569543400193,0.779431084597336,0.35110853568252187,-0.37244976753487496,-0.46966692259831605,0.7694271731944676,0.47602368608733,0.4559891148553806,0.07715115443069359,0.347016026472258,0.4881407231608577,0.5753004699690087,1.4054111289974431,1.5826996979231542,0
2019-05-28,-2.3212195650544434,-2.0219433284423514,-0.812183004721432,-1.152589217469328,0.08152977801578026,0.34445109982407285,0.6531456322535862,0.18404712237991586,-0.6083933473220586,-0.7148654970838674,0.6421893565592914,0.3208540942846215,0.2989122480412324,-0.11599078045691248,0.17956500959588667,0.33412466350792513,0.429581947865844,1.3387184716539826,1.5328847692523537,1.4071805473159298,0
2019-05-29,-2.4884360652418285,-1.1225102775258058,-1.5068588258903015,-0.11342995573322229,0.18343133700097233,0.5319746096680003,0.002321141082745492,-0.8924138337480438,-1.012630253630208,0.5196040109512781,0.15678824270599864,0.13201396880539487,-0.33644803553938524,-0.0027395583922767046,0.17177188232812482,0.2795515505592529,1.3060466323100035,1.52527745662669,1.3833463360559433,1.2833396376067145,0
2019-05-30,-1.5438297011715574,-2.0063213917260994,-0.3295900067143582,0.027627112281081247,0.44703384112948713,-0.19030518131886667,-1.2669516077685756,-1.411609615455363,0.43214813611508196,-0.004432875390319378,-0.034244086769438326,-0.5979506111518799,-0.19639478791566814,0.013597136298251648,0.1432898362700222,1.3784849416632763,1.6422882914907746,1.4715006973281608,1.351161314678278,0.6744985581276959,1
2019-05-31,-2.2192676836145164,-0.4825500502528125,-0.11255323678367023,0.3218580637100441,-0.33828221195361924,-1.45344642395886,-1.603279673936976,0.3064398120958435,-0.14576019313457697,-0.17663792163467684,-0.7605114446612469,-0.34458967852306427,-0.12708514505641408,0.007247402764109753,1.286632484569274,1.5598735853685497,1.3829759445221856,1.2583313355501589,0.5574604914511176,1.083144543479171,0
2019-06-01,-0.7306332451309305,-0.3125449069302031,0.17833039822747557,-0.5676137309767867,-1.8277249947649519,-1.997033302864176,0.16090810981666073,-0.35006804413584974,-0.384959204616335,-1.044723564943567,-0.5747410307812101,-0.32896564667569167,-0.17717279430498728,1.2685044745219056,1.5772609653959389,1.3773704852600777,1.2365247927197005,0.44455600856921845,1.0385675344262202,1.014157697187538,0
2019-06-02,-0.4077757155449844,0.06810581650775412,-0.6550534691634683,-1.8766746680049968,-2.0408114583485952,0.051215691431814495,-0.44415270952538516,-0.47797812043950255,-1.1175899959757247,-0.6619630657854428,-0.42369488423287,-0.27653854048968135,1.124980554715507,1.4243060868099868,1.2305212560590177,1.0939776914410875,0.32619957268155086,0.9020670323228804,0.8784027929116706,1.2824561326294233,0
2019-06-03,0.0440705116106355,-0.6822209538564298,-1.9091332929944327,-2.0739809999350456,0.027107231270620112,-0.4704067314289513,-0.5043786484735306,-1.146760839531424,-0.6891604776318898,-0.4498602982898417,-0.3020665844183352,1.1055228328866584,1.4061448170942243,1.2115206568294876,1.074385688626175,0.3032821349881568,0.8816438174900803,0.8578770824682401,1.2636804760568108,0.05273357723882502,0
2019-06-04,-0.6091539137092399,-1.8033919973811081,-1.9638495976142047,0.08128394845761029,-0.4029805767747042,-0.4360477779233062,-1.0613225040483196,-0.6159086290306485,-0.382981321607394,-0.2391235446478263,1.1309799539445364,1.423595987606658,1.234154919344109,1.1006720319304992,0.3501039588632565,0.9130631250133041,0.8899293287491303,1.2849256554200652,0.10622783183405664,-1.0001768784264058,1
2019-06-05,-1.7886534105441398,-1.948392868721229,0.08758750288298625,-0.39450965401466154,-0.42742886000575914,-1.04990511428066,-0.6064847281068627,-0.3745999072670435,-0.2313859783992355,1.132585501878053,1.4238919068299758,1.2352986986753727,1.1024132256258674,0.3552043857665443,0.9156439788179044,0.8926137198868845,1.2858422058713153,0.11241974772273038,-0.9890331512664144,-0.7331072013516564,1
2019-06-06,-2.1520255058541244,0.03770001707126643,-0.48080225520592496,-0.5162073242127285,-1.1856892899581806,-0.7087844285301016,-0.4593890425756438,-0.30536044797128337,1.1616100614507545,1.4749141968006731,1.2720795491261843,1.1291593540099412,0.325525738276097,0.9282864024152728,0.9035170350460289,1.326439801940367,0.06440744562779795,-1.1202206376558805,-0.844968679275895,-0.8501919905245601,1
2019-06-07,-0.06128672925726447,-0.6539466368857079,-0.6944154372151562,-1.459648573484793,-0.9145354539603713,-0.6294708471003428,-0.4534126550128887,1.2233680518283079,1.5814818149572496,1.3496371925091053,1.1862761540630684,0.2677046261579562,0.9566737949175617,0.9283618438192581,1.411772199690499,-0.030759530076842484,-1.384816412661982,-1.070197154560022,-1.0761675182935362,-0.47661872943411404,0
2019-06-08,-0.6135475434764551,-0.6535276303069012,-1.4095195792783173,-0.870989411010815,-0.5893673307472288,-0.415435270751228,1.2410961240365206,1.5948851968164817,1.3658404003018731,1.2044521592713675,0.2969735795592269,0.9776225478081167,0.94965250041272,1.4272250463032237,0.0021137669405668076,-1.3355911143114714,-1.0247712937324613,-1.0306695575438931,-0.43836110158390673,-0.678081488707441,0
2019-06-09,-0.5926813211007891,-1.3214773872634966,-0.8023201810560847,-0.5308291095970418,-0.36315404205547697,1.2337856682667308,1.5748476132308251,1.3540424222469776,1.1984599251741173,0.32362677394682104,0.9797902306773006,0.9528263714194285,1.4132188309236078,0.03937418131229604,-1.250208408118162,-0.9505699492277142,-0.956256030235336,-0.3852551442525318,-0.6163518845714406,-1.3008685597200262,1
2019-06-10,-1.3297067533914964,-0.809191397496716,-0.536990087386612,-0.3688763707463961,1.23224103978374,1.5741952254186518,1.3528123934090837,1.1968228822040239,0.3197011094250427,0.9775811332819448,0.9505467347797294,1.4121436114960095,0.03470489315358413,-1.258251329869414,-0.9578289968953559,-0.9635299530680539,-0.39103529089277445,-0.6227365956131078,-1.3090440117881794,-0.503558235803718,1
2019-06-11,-0.8701387480048186,-0.5885505519985554,-0.4146394191921844,1.2416926647461024,1.5954391702672432,1.3664219320066475,1.2050531089162513,0.29768371537900573,0.9782507891799704,0.9502841070898878,1.4277991923188547,0.0028593797575882907,-1.334684551272166,-1.023902127969576,-1.029799682112616,-0.43756249163052646,-0.6772540360323706,-1.387228823252487,-0.5539658001008944,-0.7477578280953494,1
2019-06-12,-0.6358873756588503,-0.45859985668898157,1.229888976734647,1.5905032703459099,1.3570397920891293,1.1925380846760891,0.26755262817563236,0.9613325263325402,0.9328228869462559,1.4196086571544504,-0.032995554972917514,-1.3965071440181436,-1.0796910559526114,-1.085703107769755,-0.4819679675981606,-0.7263129876054267,-1.450071533284935,-0.6006311803872606,-0.7981855708674176,-0.2047334876500361,1
2019-06-13,-0.49704421979742747,1.2097016308019493,1.5742151159399527,1.3382272817928216,1.1719468770983843,0.2369598884394918,0.9382413769333382,0.909423473159605,1.4014726812962464,-0.06683801317521881,-1.4450927583537638,-1.1248510528681641,-1.1309281108204472,-0.5206650016119678,-0.7676520356727329,-1.4992363199286538,-0.6406112766702018,-0.8403017511023193,-0.24043288581222813,-0.006534899648691668,1
2019-06-14,1.089296816722579,1.4433338393817488,1.2141285188883104,1.0526271703653807,0.14451259247936757,0.8256385874157542,0.7976489374650307,1.2755561857649007,-0.1505538699782708,-1.4891962696254277,-1.178158613779877,-1.1840610113362775,-0.591337441339683,-0.8312258343333931,-1.5417836940080407,-0.7078363469551989,-0.9017875281977202,-0.3191594617138864,-0.09198392499550359,1.1443413477802555,1
2019-06-15,1.3822348892734735,1.1593260361304367,1.00226126859887,0.11909337946237378,0.7815082573121501,0.7542875071264254,1.219066232148728,-0.16786735341157363,-1.4697360946414821,-1.1672429108027802,-1.1729831644201876,-0.5965422208402165,-0.8298406732907774,-1.5208788972327947,-0.7098408012888189,-0.8984639767170061,-0.331841204482649,-0.11090637520804561,1.0914559786540061,1.4669101236298303,1
2019-06-16,1.0924027978813602,0.9412085529293389,0.09105033945841341,0.7287065043354513,0.7025031690105441,1.1499101177738114,-0.1851848214858468,-1.4383943378551667,-1.1472072737388703,-1.1527329770850558,-0.5978373464880271,-0.8224159322593293,-1.4876256043196188,-0.7069012288231886,-0.8884743405879626,-0.34302991299934465,-0.13035284212752193,1.0270694818470252,1.3884904857797982,1.7788151687541718,1
2019-06-17,0.768272873393779,0.01418489128165476,0.5797841444963342,0.5565418585939322,0.9533905837252254,-0.23083493185741663,-1.3424283039950495,-1.0841461841292264,-1.0890474677021547,-0.5968565793128157,-0.7960571632587915,-1.386096301076951,-0.6935959410554506,-0.8546507885967197,-0.37084309111492625,-0.18219911794141438,0.8444312796808516,1.1650107097564555,1.5112276231366215,2.2339119059760337,0
2019-06-18,-0.030930395359569315,0.5050423397211599,0.483017502393607,0.8590789901218928,-0.26311589420958137,-1.3164831618924502,-1.071730055483396,-1.0763746061030406,-0.609965049986248,-0.7987313561657203,-1.3578637961462234,-0.7016371305423446,-0.8542558029399542,-0.3957903198287101,-0.21702766113770544,0.7558270571159104,1.0596142933466237,1.387696102049336,2.0725256336864226,1.571103311359987,1
2019-06-19,0.37189099875639015,0.35165623593531736,0.6971532263172726,-0.33383497058813566,-1.3015895336776888,-1.0767288010305305,-1.080995864564362,-0.6524938690604632,-0.8259181435441301,-1.3396069458863673,-0.7367152769092448,-0.8769298261522185,-0.4557262470093552,-0.291492570906251,0.6022931216035958,0.8813899694839565,1.1828068420028324,1.8119766714756442,1.35130758163977,1.7215574021139193,1
2019-06-20,0.23423569946008305,0.5458719148506653,-0.3840732619242885,-1.2569820798412918,-1.0541590461742123,-1.0580079119169916,-0.6715016792041704,-0.8279293357727532,-1.291273557884439,-0.7474688844983318,-0.8739415678651823,-0.49401846298390417,-0.3458806710920787,0.4603086687226941,0.712052353391906,0.9839285665618195,1.5514359832779034,1.1359152241964259,1.469878344031558,1.9116097046645506,1
2019-06-21,0.34206119387589784,-0.43713088706737707,-1.1685327538583732,-0.998589293089691,-1.001814220517981,-0.6779643815312575,-0.8090336039788197,-1.19726525207695,-0.7416165690525519,-0.8475868088002917,-0.5292529090348079,-0.40512968412510264,0.2703685764315798,0.48130217813270526,0.7091046309972019,1.1846136137044256,0.8364527833351985,1.1162772555746177,1.486399695806189,2.3873364352754067,1
2019-06-22,-0.4758570485925358,-1.0758851492061257,-0.9364667848203105,-0.9391124535932157,-0.6734322405746335,-0.7809589234626119,-1.09945674112401,-0.725651277621768,-0.8125872352183501,-0.5514321932231093,-0.4496038738460049,0.10456197758657391,0.27760786949769894,0.46449264422095016,0.854591117677606,0.5689666323709608,0.798529276666205,1.1021706466028212,1.8412819137486467,2.5082418429111906,1
2019-06-23,-1.071882088466517,-0.9508082864269076,-0.9531058401149329,-0.7223836274526401,-0.8157620311895262,-1.0923521482480727,-0.76773172332219,-0.8432287137405009,-0.6164362535400807,-0.5280064269774043,-0.04675729678544176,0.1035193482843296,0.2658139664914705,0.6045835795142033,0.3565413467421732,0.5558983129032214,0.8195867823290044,1.46144635110159,2.0406482000654247,2.2004165488327896,1
2019-06-24,-1.0281057104152742,-1.0302100220193582,-0.8188933368182076,-0.9044178926005144,-1.1577446357076486,-0.8604273061259812,-0.9295744141298905,-0.7218569587312015,-0.6408647664038459,-0.20009242040977182,-0.06245520666748258,0.08618917546540542,0.3964656366903288,0.16928567939684577,0.3518751785820519,0.5933854026816322,1.1812596037503957,1.7117460851910191,1.8580766767366101,2.006359231534858,1
2019-06-25,-1.0736115983746333,-0.8875074552572285,-0.9628279352951021,-1.1859298470527992,-0.9240859382148332,-0.9849829907682778,-0.8020486474119856,-0.7307197670732907,-0.3425366963281093,-0.22132120546332848,-0.09041182961482551,0.1828450355058784,-0.017229706558654433,0.14357473846542385,0.35626997957883166,0.8740039405606097,1.3411972053513106,1.470068852781955,1.600659571511615,2.254594293657404,1
2019-06-26,-0.9231482467801119,-0.986056411179789,-1.1723926073335873,-0.9536988383088796,-1.0045604604276122,-0.8517724837655147,-0.792198129904052,-0.4679850550626511,-0.36674507327715433,-0.25740869447027764,-0.029182748675589367,-0.19628650000178652,-0.0619815611765567,0.11566291464546655,0.5480777521021664,0.9382806649499987,1.0459151194695093,1.1549853537376202,1.7011559701054266,2.559339035353352,0
2019-06-27,-1.0816735117962555,-1.2655779856454237,-1.0497382113195348,-1.0999360797312114,-0.9491420148178645,-0.890345117446655,-0.5703630840336937,-0.47044430299668144,-0.3625347844377875,-0.1372872300363968,-0.3022102460697478,-0.16965801188325463,0.005668170214482154,0.43243991294884143,0.8175506046067522,0.9237804093094029,1.0314272565656737,1.570470243962998,2.417453859268858,1.1501201233374854,1
2019-06-28,-1.3430179054651714,-1.138805988004835,-1.1862995650936088,-1.043629173439574,-0.9879998197192335,-0.6852560608351201,-0.5907201675800633,-0.4886240188699487,-0.27551114321382253,-0.431549322194965,-0.3061380258228459,-0.1402571267207173,0.26352329870766295,0.6278870635585118,0.7283939890198555,0.8302416172219312,1.3402449397965337,2.1415993179657087,0.9425401867883498,1.7433779039013408,0
2019-06-29,-1.2813691194227104,-1.3289701175801063,-1.1859770337459572,-1.1302218574409706,-0.826793352111307,-0.7320436373818722,-0.6297165673963157,-0.4161216726074271,-0.5725127790570707,-0.44681782716141843,-0.28056173830653147,0.1241319585039376,0.489319842054338,0.5900540942827686,0.6921320816560991,1.2032889307761834,2.006455813897071,0.8046846483540668,1.6073337018337495,1.3137046308534814,0
2019-06-30,-1.4775115248078015,-1.3288620017969388,-1.270901293901894,-0.9554699361344933,-0.8569721660165923,-0.7505972999280025,-0.5285531396331603,-0.6911306766267966,-0.5604635552306789,-0.3876308024620557,0.03307153770254028,0.4127053160891647,0.5174243566406634,0.6235402870485552,1.1549171884206888,1.9898552908293077,0.7405451442394565,1.5749449329960998,1.2697006500350823,0.4913876925368577,1
2019-07-01,-1.5060384330486307,-1.4445369910390466,-1.1098363970976355,-1.0053215435532514,-0.8924483938693089,-0.6568398834855442,-0.8293490423036328,-0.6906996592827321,-0.5073088086912579,-0.060906383383039886,0.3419186623117578,0.4530348345199974,0.5656332305246113,1.1294711626656133,2.0154144016588313,0.6897857417809666,1.5751577823355822,1.2512665765677347,0.4254076290275655,0.2561955143614129,1
2019-07-02,-1.636705115520479,-1.28111373993987,-1.170075453145079,-1.0501571760677009,-0.7998428479116932,-0.9831193947561718,-0.8358160265391584,-0.6409785926918329,-0.16671336773780757,0.2612545376373735,0.3793061731588098,0.4989325474414308,1.0979631721962868,2.0392037338879243,0.6308342024088026,1.5714679135534473,1.2273606084507507,0.3499545789808154,0.17018086567341187,0.33806338092074395,1
2019-07-03,-1.4841972867944975,-1.3684967246039579,-1.2435433191140564,-0.9827187933761843,-1.1736907555556444,-1.0202024137662429,-0.8171841460802624,-0.3230054736732105,0.12293194737982073,0.2459403347713269,0.37058958105242507,0.9947723026534411,1.9755336714371872,0.5080295224826397,1.4881585602796654,1.1296028782397194,0.2153563259072616,0.028034274233431435,0.20296584024341166,1.1311236742837318,0
2019-07-04,-1.5541400199863082,-1.4219818297853482,-1.1461182216956374,-1.34810158342805,-1.1857631390430907,-0.9710388845906449,-0.4483659832385702,0.023284087267231694,0.15338511007219938,0.2852216033141145,0.9453945575291696,1.9827064019666667,0.4305863002547759,1.4672293536458403,1.0879994331896123,0.12103763426937578,-0.07708536395450899,0.1079327160430559,1.0896079179848324,0.4582099101853213,0
2019-07-05,-1.6176098862168624,-1.322588697700252,-1.538598963974658,-1.3649867896975294,-1.1353508286855831,-0.5763804678246155,-0.07197626123816964,0.0671597365867635,0.20815172605368656,0.914170946666903,2.023519785129087,0.36361139671036996,1.4722449993690558,1.0666791379319345,0.032565863103611384,-0.17931595346958704,0.018550862802141445,1.0683993253074378,0.3931533514802014,0.17860071766608906,1
2019-07-06,-1.5284012388990802,-1.7604415022510418,-1.5739456688113662,-1.327268555786548,-0.7268173273465425,-0.18498157596853607,-0.03552037611971797,0.11593454743869128,0.8743470465674332,2.066020021494261,0.28293079045040637,1.473835452337929,1.0381727826068232,-0.07268144097020905,-0.30028688475351806,-0.0877364863480047,1.0400206240937617,0.3146650366182036,0.08419057578938363,0.3079641798576717,1
2019-07-07,-1.9789492879268358,-1.7809570976389226,-1.5190738104850527,-0.8816083417545701,-0.30637164497158575,-0.14769705275503117,0.013094164357696128,0.8182582748620774,2.0833907878036837,0.19038473066108236,1.4547015686427007,0.9921828913305748,-0.1871488758198066,-0.4287848389668674,-0.20313197503578911,0.994144641234345,0.22407520400846867,-0.020606633989183935,0.2169612793574259,0.4671360170856357,1
2019-07-08,-2.0925258966276985,-1.8109779596285192,-1.1256456133767705,-0.5072147580686436,-0.33662539141498465,-0.16376046384487683,0.7018629087726138,2.0619934192775218,0.02684273857638528,1.3860963256061747,0.8888474143218649,-0.37903962683817866,-0.6388198811195154,-0.39622288683166224,0.890956470781013,0.06306300818797464,-0.19999183375361984,0.05541490344927137,0.3243751034764815,1.2513720190551942,0
2019-07-09,-2.136846423206623,-1.4024730120056956,-0.7397884338029528,-0.5569920200786918,-0.37175721067422124,0.5558085060778147,2.013267340672256,-0.16751480957718431,1.2890043505843964,0.7561732633126653,-0.6024413366351999,-0.8808109664106348,-0.6208541976740565,0.7584332397967624,-0.12870268711607805,-0.410581227748402,-0.1368980755242013,0.15130839926359513,1.1446394317028656,1.4870258690436289,0
2019-07-10,-1.7468770522920645,-1.0042593634259547,-0.7994140195655562,-0.5918361603816696,0.44761266867361094,2.0808704008806918,-0.3629580110176095,1.2692467030892012,0.6721454522061734,-0.8503454393267874,-1.1622920545249205,-0.8709792623548904,0.6746780273840409,-0.3194643646734854,-0.6353431360688355,-0.3286482820290189,-0.0056783001356387796,1.1074684665955998,1.4911536060426043,0.934920120924541,0
2019-07-11,-1.1828267971228958,-0.9595480350386368,-0.733290866770928,0.3996948454137837,2.179924543288997,-0.48381665908295396,1.2952652627508336,0.6444326608295406,-1.0150626205360322,-1.3550803762009151,-1.0375532194237485,0.6471931348532263,-0.43640914992880514,-0.7807129047357281,-0.4464195004673321,-0.09438641839408829,1.1189290878798897,1.5371409024683458,0.930853634002957,-0.22832752378547244,0
2019-07-12,-1.0772052875639946,-0.8429654816095419,0.32999339259197213,2.1730318349861877,-0.5846895098607524,1.257160661508588,0.5833658661874762,-1.1346784975140356,-1.4866925075796678,-1.1579625930394633,0.5862237332093305,-0.5356094041117377,-0.8920606287639351,-0.5459729324173082,-0.18151968010391753,1.0746031244335723,1.5075699782445882,0.8798921318129871,-0.320186396285393,0.367702195875078,0
2019-07-13,-0.9091852498374977,0.29807574644669066,2.1950121822356916,-0.6433562307408381,1.2523571841111987,0.5588578690186592,-1.2094291492237101,-1.5717374908415058,-1.2333941670771618,0.5617993117784492,-0.5928408216608527,-0.9597161401951666,-0.6035074219845166,-0.22839606372278914,1.0644609168713062,1.5100894949795929,0.8640557772634647,-0.3711179626833698,0.3368873095982439,-0.31891509433592796,0
2019-07-14,0.329438107520199,2.0822766079667026,-0.540479399483355,1.2112289849799678,0.5704103067189445,-1.0635514365093024,-1.3983375675777638,-1.0856959876734251,0.5731283071848248,-0.49380131779825387,-0.8328075022216366,-0.5036576458034759,-0.15704106007562754,1.0376059762726255,1.4493830468535618,0.8524243129524878,-0.2889213037332849,0.3653014084042147,-0.2406839480967072,-1.866219889880722,0
2019-07-15,2.1089444711549614,-0.4681009911372075,1.2530778492190708,0.6234276407079835,-0.9820566986603776,-1.311008029801217,-1.003815304847875,0.6260982706663968,-0.42223643558823554,-0.7553342711381923,-0.43192098317427485,-0.09134538374075975,1.0824808186650228,1.4870812573647216,0.9005265828141439,-0.22092716051243036,0.4218934704777832,-0.17353050672416023,-1.7707358932214368,-0.8725187025239607,0
2019-07-16,-0.2067561968799296,1.415160222046759,0.8218226865043442,-0.6910714702772959,-1.0010517887052626,-0.7115752318859134,0.824339298071293,-0.16353670454858388,-0.47742439356734123,-0.17266273280978572,0.1482714685964292,1.2544017242148466,1.6356683766076598,1.0829410045613839,0.026162826303243132,0.6319112304679299,0.07082605895457333,-1.4342666019695223,-0.5878506600602661,-2.4653091156245974,1
2019-07-17,1.367403956020923,0.831436900942072,-0.5351738008652682,-0.8151817701038254,-0.5536950304675103,0.8337101784772305,-0.05864697102151977,-0.34218450274887735,-0.06689059324112409,0.2230121155846783,1.2221893799986874,1.566590926575274,1.0673073921427252,0.11271029665504251,0.6598881993678101,0.15305499059481065,-1.2065085508535351,-0.4419335280679312,-2.1378583923895653,-1.8792311966001096,1
2019-07-18,0.974743062224541,-0.4490736039457128,-0.7408026330943152,-0.4683701273453633,0.977111498559123,0.04740051360035069,-0.24800582459405177,0.038811815523889445,0.3408497754551225,1.381852337230486,1.7406704419197354,1.2204870301190638,0.2259307514103004,0.7960133771443085,0.2679642636219427,-1.1485102499111037,-0.3519303178646522,-2.1188461507351626,-1.8493928885860291,-0.6369030707324981,0
2019-07-19,-0.3642329678555528,-0.6593673201557879,-0.38375473760134393,1.0785998476391327,0.13803644134043708,-0.1608181448583833,0.1293474882688267,0.4349111064474666,1.4880651847684012,1.8510717365336558,1.3248162769135747,0.31865064437611357,0.8953877863556295,0.36117480948128683,-1.0718340663286614,-0.2659557381210857,-2.053496598984938,-1.7808980364364673,-0.55425494881782,-0.7254487629645398,1
2019-07-20,-0.6553989702598616,-0.3801284176616789,1.0804114134402436,0.14101522838281247,-0.15746848497668148,0.1323370581361787,0.43752147769481353,1.4893686118987344,1.8519246794594142,1.3263222928237663,0.32140529263864115,0.8974267148291067,0.3638766860662801,-1.067353853070601,-0.2624756044921704,-2.047798161253975,-1.7755378883204456,-0.5504170413691798,-0.7213984072589218,-0.4236326267064806,0
2019-07-21,-0.3813827432752953,1.0801072915217447,0.14009995043336337,-0.15857795162357444,0.13141613430891128,0.43679910193654203,1.4893305509481358,1.8521224916481491,1.326178156563504,0.320607373560185,0.8970035460122845,0.3631063981924733,-1.0690552764861387,-0.2636533870800959,-2.0501374459483728,-1.7777000448654658,-0.5517821540192314,-0.7228747576323171,-0.42491525545795555,-0.6366919787368256,0
2019-07-22,1.0885639292810427,0.16588291198661453,-0.12728972451022103,0.15735915696313768,0.4571132704882586,1.4902443383626385,1.8463492561430999,1.3300991877401607,0.3430632014586221,0.908835173140186,0.38477887916422193,-1.020985026245864,-0.2304283974140135,-1.9839837759372532,-1.7165679724721694,-0.5132463416689774,-0.6811853466670583,-0.38871786842325523,-0.5965910986982264,-0.9132937526909238,0
2019-07-23,0.2888706707997348,0.0001620316018766779,0.28047670285276205,0.5756666061257848,1.5930666891729681,1.9437493703827877,1.4353599909530246,0.46335312208641216,1.0205103588336297,0.5044336154350134,-0.8799254059731565,-0.10140619883919427,-1.8282610415727658,-1.5649170486239574,-0.3799178116631546,-0.5452996910247421,-0.2572854729777964,-0.4619935185698948,-0.7738738951191869,-1.3127690738801787,0
2019-07-24,0.0820627625830806,0.3506194953073066,0.6334275110362831,1.6081522407738984,1.9441253622249328,1.4570606285736691,0.5258250720348205,1.059612070934252,0.5651824236253318,-0.7611089690001288,-0.015245137835096793,-1.6696661939433766,-1.4173682959657652,-0.2820744423163234,-0.44051929636175624,-0.1645859781674228,-0.36070744281017714,-0.6595058415993544,-1.1757967936321856,-1.2794891754619924,0
2019-07-25,0.40036924845423083,0.6746168554546654,1.6198373221576432,1.9456407628306718,1.4733191515996333,0.5702714700259816,1.087901094910456,0.6084375010125868,-0.6777079417721112,0.04557909207637037,-1.5587637496189017,-1.3141027395932574,-0.2131734685359665,-0.3668223032462794,-0.0992413013025221,-0.2894263009074849,-0.5791802728105429,-1.0798434444183502,-1.1803971274803333,-1.0673138488364486,0
2019-07-26,0.7328493297501044,1.6560217999927622,1.974225624110962,1.5129212787765018,0.6309378809210027,1.1364933955431185,0.6682136597963386,-0.5879314484961474,0.11848435739668946,-1.4484359500423998,-1.2094818467893516,-0.1342326001564171,-0.2842974572835512,-0.022957988602698532,-0.20870677639696866,-0.4917020134102013,-0.9806868303650191,-1.0788950212097677,-0.9684494972644864,-1.0143698962704626,0
2019-07-27,1.7094539658293741,2.0176290069930576,1.5708635226171512,0.7166774653218779,1.206299461414937,0.7527784289766953,-0.4637769393579092,0.2203748638549739,-1.2971610475484041,-1.0657380254954543,-0.024377250650600858,-0.1697125358268035,0.08339033539607714,-0.09650423527174727,-0.37058035317309446,-0.8441539078312271,-0.9392668856216791,-0.8323022569516653,-0.8767753895205019,-1.2971182231549812,1
2019-07-28,2.2728022951281908,1.8035597043421063,0.9063989062144332,1.4206541519470002,0.9443161364116689,-0.3334450444223688,0.38512694884394366,-1.208757331792856,-0.9656912440278905,0.12806117199369887,-0.024586040321688228,0.2412506260759592,0.05230542471054989,-0.23555966812730716,-0.7329590633065952,-0.832857246305483,-0.7205111469873959,-0.7672217561924148,-1.208712352872099,-1.1241744713113562,1
2019-07-29,2.2369583150970453,1.2209569968480185,1.8033319832174202,1.2638968532763655,-0.183120277704061,0.6306358448762184,-1.174378968123823,-0.8991156417432886,0.3395183900101277,0.16665108543871035,0.4677012473077987,0.25372781683166573,-0.07226872070264614,-0.6355550816906445,-0.7486860676068487,-0.6214582782902353,-0.6743563102010774,-1.174328031164832,-1.0785920167436225,-1.1215191389322239,1
2019-07-30,1.5719134840150075,2.2337143661709895,1.6207095956768258,-0.023655695057403777,0.9010827164269457,-1.1501049607689457,-0.8373004679807251,0.5702618656852944,0.3738184446268146,0.7159266521585654,0.47277093915336377,0.10231410091416807,-0.5377947968464799,-0.666354896491676,-0.5217754327866838,-0.5818878431790921,-1.1500470768879696,-1.041254322595693,-1.0900359632872696,-0.9623007089459651,1
2019-07-31,2.4912229318926946,1.8346249393912484,0.07332225333746781,1.0638225133601276,-1.1332333268494377,-0.7981840549740987,0.7094756682295694,0.4990623694829129,0.8654992605083055,0.6050517718276391,0.20825026553560175,-0.4773793371722884,-0.6150818599026973,-0.4602207720369262,-0.5246080164563464,-1.1331713266140782,-1.0166418842584708,-1.068892582606537,-0.932073563229981,-0.19084524946468864,1
2019-08-01,2.354424292692124,0.22169706308504722,1.4210745989339386,-1.2392976655747858,-0.833593006718244,0.9920028832548382,0.7372175046474383,1.1809288221912717,0.8655580143282801,0.3850787736395551,-0.44513680185361143,-0.6118781133488708,-0.4243598284378925,-0.5023250927277755,-1.2392225906934267,-1.098119351181792,-1.1613887074459224,-0.9957172130100084,-0.09817823765940405,0.49123465587921933,1
2019-08-02,0.35271246063340556,1.745485438113417,-1.3438625689113568,-0.8727394497900656,1.2472274058117945,0.9513587741467531,1.4666169930191832,1.100393743084181,0.5424389017858341,-0.4216460376669426,-0.6152738036862598,-0.39751884980298735,-0.4880557408480413,-1.3437753884674022,-1.1799197440579885,-1.253391063199269,-1.0610056185062795,-0.01874161593877183,0.6657120495351865,0.9239841147455541,1
2019-08-03,1.594153900264199,-1.330644512748724,-0.8846150761147175,1.1224348518329414,0.842325229224381,1.330138974203311,0.9834220689589935,0.4551858745737892,-0.4575484934900833,-0.6408629603228241,-0.43470640492819246,-0.5204209811577309,-1.3305619758433496,-1.1754338621953815,-1.2449918391982164,-1.062853523267036,-0.07610418531020745,0.5718930587707692,0.816408640937358,1.4427812158106874,1
2019-08-04,-1.3214273255737061,-0.8810513765367244,1.1005589033915315,0.8239997107482565,1.305630345980644,0.9633081276392136,0.4417674033911224,-0.4593979245928648,-0.6403888540545856,-0.4368453628060437,-0.5214734943891146,-1.3213458348355405,-1.168183992456745,-1.2368603120442594,-1.0570306256013717,-0.08278847816903089,0.556995307154684,0.7984116189648356,1.4168448308896415,1.719277332899913,1
2019-08-05,-0.9312629927116455,0.7190822868881853,0.4887553842010971,0.8898720181919221,0.6047756685896298,0.17042069924970663,-0.5800971801949094,-0.7308319281486549,-0.5613147211691563,-0.6317956017409562,-1.297953601984082,-1.170395763722459,-1.2275914903492136,-1.0778238608818886,-0.2664453847567154,0.26638600028824505,0.467444843517858,0.982494822005463,1.2343698032496502,2.6519109994778742,0
2019-08-06,0.5285976903371159,0.3141373698792952,0.6876221902066127,0.42216533829849223,0.017731879460907728,-0.6810849025008782,-0.821435951263109,-0.6635963150425503,-0.7292219630117441,-1.349490184139916,-1.2307194519703468,-1.2839751234446255,-1.1445245710555876,-0.38903971031058376,0.10708639677283575,0.29429485330507704,0.7738644656673308,1.0083884772471734,2.3282791876184095,1.810920323946019,1
2019-08-07,0.1871956435667745,0.5148412045233329,0.2819649149944206,-0.07283083647497154,-0.6858790892287644,-0.8090043023558771,-0.670536944819522,-0.7281080991790487,-1.272248364577144,-1.1680548310010932,-1.2147742246809117,-1.0924389864691797,-0.42967775088254806,0.0055568498652965774,0.16978847701030816,0.5904986266823726,0.7962385849074958,1.9541339227205146,1.5002725450205288,2.1430626603779657,0
2019-08-08,0.37522953720213376,0.1648499381221525,-0.15567126264244652,-0.7094968405573402,-0.8207277135101801,-0.6956368026961526,-0.7476463756639719,-1.2392207266178645,-1.145092664612073,-1.1872987961658814,-1.0767815836991186,-0.4780454765989676,-0.08485610984851856,0.06351014909915717,0.4435781791933037,0.6294429145585575,1.6754813817569925,1.2654646519664035,1.846158921164141,1.876758679549637,0
2019-08-09,0.09011198764932517,-0.20996630567204785,-0.7284687754680486,-0.8326053206972315,-0.7154927336435661,-0.764185125458293,-1.2244067642232819,-1.1362822091767941,-1.1757964250668869,-1.072328022912677,-0.5117794266266866,-0.1436677577413576,-0.004764328996893917,0.35106288475558983,0.5250731294569885,1.5043950502429544,1.1205292709582548,1.6641867414365852,1.6928348410021108,1.5715492901819457,0
2019-08-10,-0.24865720761931417,-0.7558321475295275,-0.8576936605322482,-0.7431395884464559,-0.7907682157554732,-1.2409355641923032,-1.1547362334004916,-1.1933871969678238,-1.0921792303677544,-0.5438767299959529,-0.1838070593141159,-0.04793820192079793,0.3001153875333416,0.4703240953817648,1.428251135773286,1.0527715288605122,1.5845519175442317,1.6125741527737065,1.4939382821029343,0.9104245360724921,0
2019-08-11,-0.8023769217628345,-0.9016248205720804,-0.7900100347770362,-0.8364165826894198,-1.2750333097322601,-1.1910457249452373,-1.2287049625505926,-1.130093841120019,-0.5958599634796621,-0.24502914242995918,-0.11264647686382215,0.2264765776446715,0.39231798442351656,1.3256660485630982,0.9598206872162754,1.4779563858624718,1.5052596124146782,1.389667760886171,0.8211261055282091,1.0105506183838557,0
2019-08-12,-0.9857067786117945,-0.8739435418878352,-0.9204118118659492,-1.3596119119816619,-1.2755126212509311,-1.3132219467435222,-1.2144796696378877,-0.6795352453183545,-0.32823780901776073,-0.19567907063532455,0.14389502745220503,0.3099570081515531,1.2445464525091383,0.8782145061337785,1.3970393404103507,1.4243788810522646,1.3086332889811205,0.7393354565963997,0.9290119095932419,0.7713285360709795,0
2019-08-13,-0.9586876239076697,-1.0063551518621823,-1.4568901741419196,-1.3706204401115827,-1.4093029718243084,-1.3080123436937172,-0.7592620176675513,-0.3988982603532794,-0.2629184321729804,0.08541942978829806,0.2557671554707072,1.21447658205125,0.8386903024522268,1.370905022368029,1.3989501447370298,1.2802173783082074,0.6962270478650193,0.8907986906181959,0.7290458080840624,0.17044985399218165,0
2019-08-14,-1.021640004104071,-1.475399685740097,-1.388512484717743,-1.427471882781904,-1.3254562771122684,-0.7727783255174333,-0.4098353006562995,-0.2728822104574578,0.07794884490760812,0.24951581739721274,1.215087110801653,0.8366111784951837,1.3726351720329277,1.4008810245600143,1.2812984402319632,0.6931282574134441,0.8890925272372038,0.7261819146259919,0.16358786586739055,-0.8119919824832265,1
2019-08-15,-1.531645497450319,-1.4429783080692764,-1.4827358360559089,-1.3786303185424127,-0.8146300972879812,-0.4442517499453022,-0.304493011695056,0.05352523795257846,0.22860696532176966,1.213959142924581,0.8277296779271921,1.3747347648509398,1.4035592674909068,1.2815268907250597,0.6813073373890653,0.8812861699435943,0.7150381383507286,0.14091867680779616,-0.8546470929743157,-0.5481803576635453,1
2019-08-16,-1.5845816227277592,-1.6266973881182263,-1.5164168004286256,-0.9189626275607932,-0.5266151056615963,-0.3785665088425455,0.0006877700637074549,0.18615455654293273,1.2299533851033737,0.8208145286788785,1.4002654924314155,1.4307997346783157,1.3015289472279605,0.6657070747119156,0.8775477504641365,0.7014386347880751,0.09326499389739282,-0.9613532511056891,-0.6367082900640847,-0.558261274078698,1
2019-08-17,-1.7596143084173652,-1.6433536527950778,-1.0135019690391742,-0.599879036087741,-0.4438023657440118,-0.04398266912340132,0.15154122718484092,1.25194102272978,0.8206162294456927,1.4314884632467177,1.463678453315923,1.3273978366031336,0.6570979288281913,0.8804258632035722,0.6947670661432184,0.05361464119280448,-1.0581912637629083,-0.7159421263045304,-0.6332412475629026,-0.821060093056707,1
2019-08-18,-1.8257701026200763,-1.1484413219579714,-0.7036402298036283,-0.5357987783315562,-0.10584138585170713,0.10442075314432005,1.2877667232824799,0.8239294361257365,1.480848129735415,1.5154645438618077,1.3689113372473336,0.6480854175581612,0.8882474134366798,0.6885939872805352,-0.0008873642982843362,-1.1964992160376942,-0.8284519488223551,-0.7395172252955066,-0.941493520484684,-0.7799266481689101,1
2019-08-19,-1.3666093386751246,-0.8768335001463599,-0.692021256910917,-0.21858999483031857,0.012932178235517844,1.3159286749099082,0.8051918528445688,1.5285329364951867,1.5666494869143792,1.405277986428547,0.6115678866194199,0.8760131521299818,0.6561723605142192,-0.10302385792106644,-1.4195264645230425,-1.014265186846,-0.916338091886054,-1.1387366225643172,-0.9608333939916008,-0.07148880679684255,0
2019-08-20,-0.9752979957150543,-0.7814157607600067,-0.2847500118743178,-0.041865473654259126,1.325077908943998,0.7892757629264545,1.548116105307475,1.5881032936813269,1.4188121978939967,0.5861493538997112,0.8635727442708316,0.6329428722095376,-0.16351225988976847,-1.5446245889412802,-1.119474388493442,-1.016741346022323,-1.2500544827699167,-1.0634203347418811,-0.13042956967212344,-0.3804640265989615,0
2019-08-21,-0.7415381679492862,-0.2569459436330913,-0.01996572324918167,1.3137484210697397,0.7909711723575654,1.531364747393312,1.5703798810152914,1.4052041086803446,0.5927825946501748,0.8634620568818716,0.6384386020801504,-0.1386553789281556,-1.4861940345877613,-1.0713788761724143,-0.9711431871329679,-1.198784678724382,-1.0166874490902131,-0.1063769009479436,-0.3503332315580401,-1.3483480121549547,1
2019-08-22,-0.21914735453512824,0.010598974287237418,1.3036010985123687,0.7967817804743234,1.514574621887678,1.552398806976386,1.3922650741151539,0.6046429679226462,0.8670598592336601,0.6489053121753893,-0.10446764442574935,-1.4108722826798576,-1.00871948008982,-0.9115435152076613,-1.1322361827056018,-0.9556975250513946,-0.0731744765659443,-0.3096839677793743,-1.277234050993695,-1.2880520155505712,1
2019-08-23,0.041919848861890874,1.313787229561741,0.8152521177904186,1.5213122889139659,1.5585182194492395,1.4010019497076416,0.6262539068266664,0.8843814674469952,0.6697927617083692,-0.07126595045470265,-1.3563167746257252,-0.9607373536113807,-0.8651497767574604,-1.0822351161326615,-0.9085820680083343,-0.040484284520856846,-0.2731279139971407,-1.224862924309819,-1.23550406401692,-0.8139535638318797,0
2019-08-24,1.3315157913369036,0.8489077717390454,1.5324108848741576,1.568428168369247,1.4159441944233873,0.6659476348358025,0.91582859185001,0.7080955197768644,-0.009288008560872484,-1.2532843062985666,-0.8703427712658841,-0.7778090056907345,-0.9879589494877751,-0.8198537314728502,0.020510251352002767,-0.2047009296512482,-1.1260301152265182,-1.1363312940984767,-0.7282483983282221,-1.093741298476216,1
2019-08-25,0.9920045294223666,1.6897538276357131,1.7265218156657576,1.5708596339362737,0.8052309732059223,1.0603201733030652,0.8482573421772505,0.11592146275233424,-1.1540033218548944,-0.7630801757989707,-0.6686177384664638,-0.883147815924902,-0.7115387981431073,0.14634080473136277,-0.0835644297510943,-1.0240967847683882,-1.0346126700519396,-0.6180241444627675,-0.9911349755319623,-1.023389708075501,0
2019-08-26,1.803454268329061,1.8408527598952316,1.6825212573440225,0.9037634697885779,1.163226981652723,0.9475276620468621,0.20263356591364767,-1.0890680988061052,-0.6914413380258626,-0.5953590432042658,-0.8135679178906736,-0.6390161203066735,0.2335745437969507,-0.00027314364748611865,-0.9569339029493665,-0.9676301163719327,-0.5438978618879706,-0.9234068591598914,-0.9562147011884768,-0.600745405328363,0
2019-08-27,2.131918730855432,1.961028307225885,1.120499125882987,1.40054339214979,1.1677347121959778,0.36375530445820004,-1.0304046771636255,-0.6012379952255003,-0.4975344125474344,-0.7330517065415739,-0.5446543872855336,0.3971505336626975,0.1447539497343367,-0.8877895415647927,-0.8993341831147155,-0.4419913087814968,-0.8516031186236178,-0.8870132924190879,-0.5033480231705724,-0.8094214097273309,0
2019-08-28,2.318203311355388,1.4092500088975726,1.7120915595631914,1.4603308554948646,0.5909026976243922,-0.9167502757382483,-0.4526468495736998,-0.3405011727260086,-0.5951909882775389,-0.3914569962721889,0.6270164989599586,0.3540733179460407,-0.762525411973352,-0.7750098566487036,-0.2804365268845097,-0.7233931969752175,-0.7616859714873105,-0.3467880461533683,-0.6777776437551173,-1.4477053133761089,0
2019-08-29,1.741538507375859,2.0672300828920744,1.7964735100873706,0.8614451894602225,-0.7599633363743105,-0.2608423414587152,-0.14023504005116916,-0.4141417318924794,-0.19503558646233843,0.9002838522164013,0.606746540525035,-0.5941018858799438,-0.6075283078713232,-0.07563839175788009,-0.5520170638726293,-0.5931991078633538,-0.14699627115412517,-0.5029597222903903,-1.330980035887527,-1.800078859740854,1
2019-08-30,2.2904041676301676,2.013042728803179,1.0552052230810531,-0.6057561230953595,-0.09445951498530673,0.029089894378675714,-0.2514985078398893,-0.02704746267108462,1.0949913205064332,0.7942934269086709,-0.43584862988657536,-0.4496025775128566,0.09526232051198633,-0.3927371860393895,-0.4349238294024025,0.02216372905041857,-0.34248313419743737,-1.190702267636278,-1.671244340496149,-1.4981492371078815,1
2019-08-31,2.449891826161516,1.3829041083660527,-0.46733180901656024,0.10222951818644131,0.2398579797414814,-0.07270482672051086,0.17732349959869864,1.4272240238405356,1.0922601522870892,-0.2780625359591093,-0.29338381237684596,0.3135710735796057,-0.2300383347698934,-0.2770323499911044,0.23214254440665427,-0.1740575908916358,-1.1189353932032435,-1.6542375572575727,-1.4614174304380694,-1.390203085543609,1
2019-09-01,1.827046307718535,-0.33859181014870426,0.3280603227310649,0.48914974902901187,0.12330563069668221,0.4159552700947792,1.8789212591398496,1.486857457151446,-0.1170585729958568,-0.1349916051637593,0.5754284145235135,-0.060847881322215365,-0.11585277541088751,0.48011909477564607,0.004675672550210964,-1.1012716102737738,-1.7278245596364743,-1.5021351691056557,-1.41878120413639,-1.0921639902171154,1
2019-09-02,-0.29312926399306644,0.43559944184097144,0.6116890144379318,0.211778629785499,0.5316788933009462,2.1308717246067146,1.7023001609139763,-0.05096754088831961,-0.07057044122997747,0.7060016808885696,0.010477315547407743,-0.04964946318294017,0.6018174537508578,0.08210221894168163,-1.1268274347467493,-1.811723045825407,-1.565018161268085,-1.473902534358145,-1.1168717414401865,0.5343430929181979,1
2019-09-03,0.34276895357600595,0.5125928571459892,0.1269121970236872,0.43542967879192546,1.9777195780074996,1.5643975690321144,-0.12648486501599432,-0.14539024940768297,0.6035496635969898,-0.06722635685835364,-0.1252136875247045,0.5030725491261389,0.0018499689447593083,-1.1640632075315487,-1.8245886690677908,-1.5866621075603673,-1.4987885826839755,-1.154461760522896,0.4379990801041026,1.1865873908239535,0
2019-09-04,0.46200966508544794,0.08634707397495127,0.38685080306312897,1.8890796667016212,1.4864937117682002,-0.16046799026868502,-0.17888230662115545,0.5506038652190081,-0.10274872399076843,-0.15922983165842997,0.452736647408666,-0.03546665823366892,-1.1710951980367017,-1.8144634869638057,-1.5827170764449412,-1.497126069536246,-1.1617431489592684,0.38935346408385296,1.118497166521183,1.0419684268875202,0
2019-09-05,0.058745659607341356,0.35372166451147935,1.8283172377256112,1.4331367952828094,-0.1835292759538834,-0.20160486352537343,0.5144625119283394,-0.12687174752879674,-0.18231389309857274,0.41839554793966005,-0.06082732598718228,-1.1755661371914963,-1.8070997561771067,-1.5796162885570761,-1.4955997162827235,-1.1663861177524724,0.356178289431784,1.0719094951595627,0.9967884910176712,0.9477594294503686,0
2019-09-06,0.3369045156106272,1.8067015156894692,1.4128070544940983,-0.1985981231666958,-0.21661488984485025,0.4971222862421168,-0.14212496752744352,-0.19738669536429898,0.40136793973375456,-0.07629546524416818,-1.1874067355759361,-1.8168852417474675,-1.59014204222282,-1.5063988734998943,-1.1782565894089208,0.3393531462750421,1.052755246586881,0.9778786983750896,0.9290091853253323,0.35621003527005163,1
2019-09-07,1.7634298878457255,1.3742096207795904,-0.2180736311796233,-0.2358765998145677,0.4693909316164208,-0.16227062076594065,-0.21687657892519627,0.3747728651231162,-0.09722229187659727,-1.1951484319555783,-1.8171571587118371,-1.5931046335593197,-1.5103552128226447,-1.1861068670551431,0.313493977375367,1.0184304092466232,0.9444423922444529,0.8961527949170507,0.33015083214969076,0.7477183153684663,0
2019-09-08,1.550456318477937,-0.17033396085306038,-0.18957373828119833,0.5726132098770057,-0.11002730513767939,-0.16904029913757432,0.4703588849191601,-0.03972917702399188,-1.2262646925779217,-1.8984733397166895,-1.6563384011825926,-1.5669105945101724,-1.2164934179184255,0.4041344149733799,1.165963541806027,1.0860042379022437,1.0338173738053207,0.4221355801207344,0.8734033210854455,0.6642980433721875,0
2019-09-09,-0.11852991037460686,-0.13900195390005682,0.6720014184364985,-0.05436074390212908,-0.11715339242654024,0.5631979253076742,0.020439827147946187,-1.242090719769256,-1.9573528756756267,-1.69970971846048,-1.6045542543486222,-1.2316936161189933,0.49273192141320626,1.3033545547428529,1.2182740305061772,1.1627447107289919,0.5118860222224234,0.992056485169153,0.7695584670534923,0.4582018222479587,0
2019-09-10,-0.13570463038446082,0.6749078745987882,-0.05110421366417042,-0.11386659894039666,0.5661568198874112,0.023660306856117395,-1.2382617568042023,-1.9531791883415561,-1.695660203605086,-1.600550600171098,-1.2278696640928883,0.49572477745522536,1.3059567269307384,1.220917207701515,1.165414650572911,0.5148696468445204,0.9948086891037539,0.7724179050815917,0.4612113202534153,-0.1798490692821075,1
2019-09-11,0.6683068836678572,-0.05805697675567913,-0.12084977207635028,0.5595031361789088,0.016743769162702128,-1.245789729290496,-1.96105355733225,-1.703409797800546,-1.6082541112348407,-1.23539260133395,0.4890369675494588,1.2996614959476147,1.2145807728102231,1.1590513232169422,0.5081911131370127,0.9883626986232399,0.7658641603531074,0.45450678765996194,-0.1868642126793386,-0.004138349803546119,1
2019-09-12,-0.05836089267457213,-0.12114035877977102,0.5590681289179223,0.016423975064557172,-1.2458415216066547,-1.9609535184449274,-1.7033644497287594,-1.608228962146762,-1.2354466006797227,0.4886169183539697,1.299069373046043,1.214006710249578,1.1584890480595318,0.5077669980334457,0.9878366560534099,0.7653853482170195,0.4540940682895856,-0.1871407862989559,-0.004453711191508365,0.6741735772665924,0
2019-09-13,-0.14954236048161923,0.5263010717783824,-0.012860808834720037,-1.267026055406577,-1.9775490129035105,-1.7216129529124986,-1.6270879717927078,-1.2566978410952445,0.45630196295283204,1.2615535564996434,1.1770367605153393,1.1218753680243834,0.4753291521348372,0.9523180919498527,0.7312943056872955,0.4220006540146227,-0.21511924796823598,-0.03360451814170792,0.6406678618005107,0.49642198417911193,0
2019-09-14,0.4919556120620239,-0.04457689988359108,-1.2926258705803104,-1.9996837707926884,-1.7449958521878133,-1.6509318476922763,-1.28234802459819,0.4222978728141756,1.2236224392738555,1.1395178122933853,1.084625429245207,0.44123227076433646,0.9158950450654594,0.6959491410480404,0.3881638434819973,-0.24584897106025547,-0.06521944688430234,0.6057646615147644,0.46222223791092465,0.4549843182052046,0
2019-09-15,-0.04129515434453641,-1.2912698855766849,-1.9994187880113017,-1.7443378816679516,-1.6501287348327187,-1.2809761807054934,0.4263000139734013,1.2288610377055043,1.1446266358722128,1.0896495529545167,0.44526362801779457,0.920658814956441,0.7003735307129003,0.3921133152603361,-0.24287779170943277,-0.06196955314217077,0.6100498950121411,0.4662859830364294,0.4590368950989691,0.429054667389633,0
2019-09-16,-1.3030497828708547,-2.0104085759266934,-1.7556122733097013,-1.6615082392978098,-1.2927675630880864,0.41260375688304196,1.214269331946493,1.1301289137240995,1.0752131708842905,0.4315462124828476,0.9064109824505224,0.6863714790992337,0.3784552016044858,-0.2558274209952126,-0.0751210288129394,0.596148621005341,0.45254511203921005,0.4453041121921885,0.415355336824907,0.2099426531646049,0
2019-09-17,-2.1805461264635015,-1.9135504507191816,-1.8149408166969812,-1.4285452332138675,0.3584774327120125,1.198525893920534,1.1103569229034504,1.0528118733170901,0.37832683272755885,0.8759276175210318,0.6453528592364349,0.3226938813078316,-0.3419575115675696,-0.15259909154155402,0.5508102276638986,0.40033113702614176,0.39274344588869936,0.3613607553442373,0.14611313315727742,0.03830721747649491,0
2019-09-18,-2.3273781756295273,-2.213648776043432,-1.7680073521805235,0.29301859987542733,1.2618712689255922,1.160183393949408,1.0938149908668506,0.3159114984070667,0.8898091611383872,0.6238804911920752,0.2517483745408574,-0.5148136819491161,-0.2964210306663615,0.51484168549472,0.3412897116111049,0.3325386036097124,0.29634402091595263,0.04809258913245732,-0.07624315335132835,-0.22683221983929142,0
2019-09-19,-2.7552811338186,-2.2284363446745954,0.20814321231307287,1.3535371384718857,1.2333200217910754,1.1548581790279782,0.23520758212692336,0.913679054754056,0.5992937069316553,0.15935285755690057,-0.7468897029226051,-0.488702236150983,0.4703861962739177,0.26521013276154787,0.25486442564616013,0.2120745810169157,-0.08141243843239718,-0.22840424512782834,-0.4064331731694228,-0.1243678143754914,0
2019-09-20,-2.9779958072044983,0.1196791909828108,1.5758426550332942,1.4230080982348694,1.3232579021282294,0.15408669533604716,1.0166417929987297,0.6169570673541238,0.05765098359370599,-1.0944743036106235,-0.7662351298187625,0.45307422934135344,0.19222957095699514,0.17907685522563377,0.12467722296072238,-0.24843901690652778,-0.4353128020177124,-0.6616447343229812,-0.30304909262314556,-0.7490313776421491,0
2019-09-21,0.06163488376228074,1.827516890668856,1.6421752030446135,1.5212086489187842,0.10336068882466713,1.1493768570172156,0.6646812284866461,-0.013586407015340522,-1.4107628673537667,-1.0127088952065626,0.4659413465763121,0.14961635957426117,0.1336661282812977,0.06769597165359989,-0.38478018966517646,-0.6114010758756041,-0.8858726559649223,-0.4510055499935673,-0.9918459926753752,-2.0249105730580332,0
2019-09-22,1.796710733806759,1.62287931887136,1.5094251492612087,0.17962978467971047,1.1606852228434879,0.7060906413411933,0.06994545298381606,-1.2404621737528991,-0.8671285428468971,0.5196931000249203,0.2230128400422439,0.20805316577930133,0.14617995302777004,-0.278196086463374,-0.49074313839126454,-0.7481692131079827,-0.34030865400311766,-0.8475612889109766,-1.8164694715732408,-1.5132667936119204,0
2019-09-23,1.5984863253932795,1.502552858916148,0.37811750790275017,1.2076687647026703,0.8232771271357956,0.28537170407754486,-0.822669953297347,-0.5069901551165126,0.6656649182347977,0.41480092730988277,0.402151472341906,0.34983332659435334,-0.009006411937202773,-0.18872986812221892,-0.4064016892111654,-0.06152694896424747,-0.49044466801840597,-1.3097245673843256,-1.0533454140933722,-2.7790852564645054,0
2019-09-24,0.983691297855989,0.4311766964786882,0.8387938899080556,0.6499150964659779,0.38560412462409693,-0.15885509580345214,-0.0037392879470409058,0.5724690728287389,0.4492018544680929,0.44298628274760854,0.4172786781116848,0.2409553395449883,0.15264449654034515,0.04568693837424888,0.2151482857615346,0.004390679863349224,-0.3981794693289832,-0.2722022616982056,-1.1201802803804477,-3.8767863384152697,0
2019-09-25,0.5192488858897514,0.8256369934200835,0.683665023129879,0.4849939666397914,0.075747661863536,0.19234146502802343,0.6254522170940738,0.5327976128162222,0.5281256380139909,0.5088023502319619,0.37626776904226666,0.30988835105216306,0.22949300865536548,0.35686972966340025,0.19845240806933945,-0.10414205592157962,-0.009450470629954844,-0.6468386489487705,-2.7188594737383665,-2.9684924313711907,0
2019-09-26,0.814891964837207,0.7030488543981309,0.5465391654317172,0.22414186708956257,0.3159924878647918,0.6571897930557928,0.5841980671696609,0.5805175646542248,0.5652950062503801,0.4608865108924868,0.40859393115316767,0.3452598438675398,0.4456050644483939,0.3208065851549804,0.08242779823520434,0.15702422321806664,-0.34509937395787155,-1.9774022395538546,-2.174058849958645,-2.715858264250986,1
2019-09-27,0.7759412812346395,0.6363211136402124,0.3487148630381696,0.43065355418873275,0.7350310355327624,0.6699161083449946,0.6666327820446836,0.653052944466597,0.5599115439793766,0.5132620439045572,0.45676256492880485,0.546279173180484,0.43494814498953777,0.22229366717099425,0.28884012462569786,-0.15909751587313206,-1.6152527300610644,-1.7906874209392822,-2.2740193189554643,-2.0995039594413334,0
